[2026-09-25T08:41:32.451+0000] {processor.py:153} INFO - Started process (PID=3633) to work on /opt/airflow/dags/comptage_dag.py
[2026-09-25T08:41:32.452+0000] {processor.py:743} INFO - Processing file /opt/airflow/dags/comptage_dag.py for tasks to queue
[2026-09-25T08:41:32.453+0000] {logging_mixin.py:137} INFO - [2026-09-25T08:41:32.453+0000] {dagbag.py:538} INFO - Filling up the DagBag from /opt/airflow/dags/comptage_dag.py
[2026-09-25T08:41:32.463+0000] {logging_mixin.py:137} INFO - [2026-09-25T08:41:32.457+0000] {dagbag.py:343} ERROR - Failed to import: /opt/airflow/dags/comptage_dag.py
Traceback (most recent call last):
  File "/home/airflow/.local/lib/python3.7/site-packages/airflow/models/dagbag.py", line 339, in parse
    loader.exec_module(new_module)
  File "<frozen importlib._bootstrap_external>", line 724, in exec_module
  File "<frozen importlib._bootstrap_external>", line 860, in get_code
  File "<frozen importlib._bootstrap_external>", line 791, in source_to_code
  File "<frozen importlib._bootstrap>", line 219, in _call_with_frames_removed
  File "/opt/airflow/dags/comptage_dag.py", line 16
    
    ^
SyntaxError: unexpected EOF while parsing
[2026-09-25T08:41:32.464+0000] {processor.py:755} WARNING - No viable dags retrieved from /opt/airflow/dags/comptage_dag.py
[2026-09-25T08:41:32.493+0000] {processor.py:175} INFO - Processing /opt/airflow/dags/comptage_dag.py took 0.048 seconds
[2026-09-25T08:42:02.615+0000] {processor.py:153} INFO - Started process (PID=3685) to work on /opt/airflow/dags/comptage_dag.py
[2026-09-25T08:42:02.616+0000] {processor.py:743} INFO - Processing file /opt/airflow/dags/comptage_dag.py for tasks to queue
[2026-09-25T08:42:02.617+0000] {logging_mixin.py:137} INFO - [2026-09-25T08:42:02.616+0000] {dagbag.py:538} INFO - Filling up the DagBag from /opt/airflow/dags/comptage_dag.py
[2026-09-25T08:42:02.619+0000] {logging_mixin.py:137} INFO - [2026-09-25T08:42:02.618+0000] {dagbag.py:343} ERROR - Failed to import: /opt/airflow/dags/comptage_dag.py
Traceback (most recent call last):
  File "/home/airflow/.local/lib/python3.7/site-packages/airflow/models/dagbag.py", line 339, in parse
    loader.exec_module(new_module)
  File "<frozen importlib._bootstrap_external>", line 724, in exec_module
  File "<frozen importlib._bootstrap_external>", line 860, in get_code
  File "<frozen importlib._bootstrap_external>", line 791, in source_to_code
  File "<frozen importlib._bootstrap>", line 219, in _call_with_frames_removed
  File "/opt/airflow/dags/comptage_dag.py", line 16
    
    ^
SyntaxError: unexpected EOF while parsing
[2026-09-25T08:42:02.619+0000] {processor.py:755} WARNING - No viable dags retrieved from /opt/airflow/dags/comptage_dag.py
[2026-09-25T08:42:02.634+0000] {processor.py:175} INFO - Processing /opt/airflow/dags/comptage_dag.py took 0.022 seconds
[2026-09-25T08:42:32.765+0000] {processor.py:153} INFO - Started process (PID=3726) to work on /opt/airflow/dags/comptage_dag.py
[2026-09-25T08:42:32.766+0000] {processor.py:743} INFO - Processing file /opt/airflow/dags/comptage_dag.py for tasks to queue
[2026-09-25T08:42:32.767+0000] {logging_mixin.py:137} INFO - [2026-09-25T08:42:32.767+0000] {dagbag.py:538} INFO - Filling up the DagBag from /opt/airflow/dags/comptage_dag.py
[2026-09-25T08:42:32.770+0000] {logging_mixin.py:137} INFO - [2026-09-25T08:42:32.769+0000] {dagbag.py:343} ERROR - Failed to import: /opt/airflow/dags/comptage_dag.py
Traceback (most recent call last):
  File "/home/airflow/.local/lib/python3.7/site-packages/airflow/models/dagbag.py", line 339, in parse
    loader.exec_module(new_module)
  File "<frozen importlib._bootstrap_external>", line 724, in exec_module
  File "<frozen importlib._bootstrap_external>", line 860, in get_code
  File "<frozen importlib._bootstrap_external>", line 791, in source_to_code
  File "<frozen importlib._bootstrap>", line 219, in _call_with_frames_removed
  File "/opt/airflow/dags/comptage_dag.py", line 16
    
    ^
SyntaxError: unexpected EOF while parsing
[2026-09-25T08:42:32.770+0000] {processor.py:755} WARNING - No viable dags retrieved from /opt/airflow/dags/comptage_dag.py
[2026-09-25T08:42:32.793+0000] {processor.py:175} INFO - Processing /opt/airflow/dags/comptage_dag.py took 0.033 seconds
[2026-09-25T09:09:55.383+0000] {processor.py:186} INFO - Started process (PID=45) to work on /opt/airflow/dags/comptage_dag.py
[2026-09-25T09:09:55.384+0000] {processor.py:914} INFO - Processing file /opt/airflow/dags/comptage_dag.py for tasks to queue
[2026-09-25T09:09:55.385+0000] {logging_mixin.py:190} INFO - [2026-09-25T09:09:55.385+0000] {dagbag.py:588} INFO - Filling up the DagBag from /opt/airflow/dags/comptage_dag.py
[2026-09-25T09:09:55.388+0000] {logging_mixin.py:190} INFO - [2026-09-25T09:09:55.387+0000] {dagbag.py:387} ERROR - Failed to import: /opt/airflow/dags/comptage_dag.py
Traceback (most recent call last):
  File "/home/airflow/.local/lib/python3.12/site-packages/airflow/models/dagbag.py", line 383, in parse
    loader.exec_module(new_module)
  File "<frozen importlib._bootstrap_external>", line 995, in exec_module
  File "<frozen importlib._bootstrap_external>", line 1133, in get_code
  File "<frozen importlib._bootstrap_external>", line 1063, in source_to_code
  File "<frozen importlib._bootstrap>", line 488, in _call_with_frames_removed
  File "/opt/airflow/dags/comptage_dag.py", line 16
    
    ^
IndentationError: expected an indented block after function definition on line 15
[2026-09-25T09:09:55.389+0000] {processor.py:927} WARNING - No viable dags retrieved from /opt/airflow/dags/comptage_dag.py
[2026-09-25T09:09:55.401+0000] {processor.py:208} INFO - Processing /opt/airflow/dags/comptage_dag.py took 0.022 seconds
[2026-09-25T09:10:25.576+0000] {processor.py:186} INFO - Started process (PID=62) to work on /opt/airflow/dags/comptage_dag.py
[2026-09-25T09:10:25.576+0000] {processor.py:914} INFO - Processing file /opt/airflow/dags/comptage_dag.py for tasks to queue
[2026-09-25T09:10:25.585+0000] {logging_mixin.py:190} INFO - [2026-09-25T09:10:25.585+0000] {dagbag.py:588} INFO - Filling up the DagBag from /opt/airflow/dags/comptage_dag.py
[2026-09-25T09:10:25.594+0000] {logging_mixin.py:190} INFO - [2026-09-25T09:10:25.592+0000] {dagbag.py:387} ERROR - Failed to import: /opt/airflow/dags/comptage_dag.py
Traceback (most recent call last):
  File "/home/airflow/.local/lib/python3.12/site-packages/airflow/models/dagbag.py", line 383, in parse
    loader.exec_module(new_module)
  File "<frozen importlib._bootstrap_external>", line 995, in exec_module
  File "<frozen importlib._bootstrap_external>", line 1133, in get_code
  File "<frozen importlib._bootstrap_external>", line 1063, in source_to_code
  File "<frozen importlib._bootstrap>", line 488, in _call_with_frames_removed
  File "/opt/airflow/dags/comptage_dag.py", line 16
    
    ^
IndentationError: expected an indented block after function definition on line 15
[2026-09-25T09:10:25.595+0000] {processor.py:927} WARNING - No viable dags retrieved from /opt/airflow/dags/comptage_dag.py
[2026-09-25T09:10:25.616+0000] {processor.py:208} INFO - Processing /opt/airflow/dags/comptage_dag.py took 0.051 seconds
[2026-09-25T09:10:55.757+0000] {processor.py:186} INFO - Started process (PID=87) to work on /opt/airflow/dags/comptage_dag.py
[2026-09-25T09:10:55.758+0000] {processor.py:914} INFO - Processing file /opt/airflow/dags/comptage_dag.py for tasks to queue
[2026-09-25T09:10:55.759+0000] {logging_mixin.py:190} INFO - [2026-09-25T09:10:55.759+0000] {dagbag.py:588} INFO - Filling up the DagBag from /opt/airflow/dags/comptage_dag.py
[2026-09-25T09:10:55.762+0000] {logging_mixin.py:190} INFO - [2026-09-25T09:10:55.761+0000] {dagbag.py:387} ERROR - Failed to import: /opt/airflow/dags/comptage_dag.py
Traceback (most recent call last):
  File "/home/airflow/.local/lib/python3.12/site-packages/airflow/models/dagbag.py", line 383, in parse
    loader.exec_module(new_module)
  File "<frozen importlib._bootstrap_external>", line 995, in exec_module
  File "<frozen importlib._bootstrap_external>", line 1133, in get_code
  File "<frozen importlib._bootstrap_external>", line 1063, in source_to_code
  File "<frozen importlib._bootstrap>", line 488, in _call_with_frames_removed
  File "/opt/airflow/dags/comptage_dag.py", line 16
    
    ^
IndentationError: expected an indented block after function definition on line 15
[2026-09-25T09:10:55.763+0000] {processor.py:927} WARNING - No viable dags retrieved from /opt/airflow/dags/comptage_dag.py
[2026-09-25T09:10:55.776+0000] {processor.py:208} INFO - Processing /opt/airflow/dags/comptage_dag.py took 0.025 seconds
[2026-09-25T09:11:25.933+0000] {processor.py:186} INFO - Started process (PID=104) to work on /opt/airflow/dags/comptage_dag.py
[2026-09-25T09:11:25.933+0000] {processor.py:914} INFO - Processing file /opt/airflow/dags/comptage_dag.py for tasks to queue
[2026-09-25T09:11:25.935+0000] {logging_mixin.py:190} INFO - [2026-09-25T09:11:25.935+0000] {dagbag.py:588} INFO - Filling up the DagBag from /opt/airflow/dags/comptage_dag.py
[2026-09-25T09:11:25.937+0000] {logging_mixin.py:190} INFO - [2026-09-25T09:11:25.937+0000] {dagbag.py:387} ERROR - Failed to import: /opt/airflow/dags/comptage_dag.py
Traceback (most recent call last):
  File "/home/airflow/.local/lib/python3.12/site-packages/airflow/models/dagbag.py", line 383, in parse
    loader.exec_module(new_module)
  File "<frozen importlib._bootstrap_external>", line 995, in exec_module
  File "<frozen importlib._bootstrap_external>", line 1133, in get_code
  File "<frozen importlib._bootstrap_external>", line 1063, in source_to_code
  File "<frozen importlib._bootstrap>", line 488, in _call_with_frames_removed
  File "/opt/airflow/dags/comptage_dag.py", line 16
    
    ^
IndentationError: expected an indented block after function definition on line 15
[2026-09-25T09:11:25.938+0000] {processor.py:927} WARNING - No viable dags retrieved from /opt/airflow/dags/comptage_dag.py
[2026-09-25T09:11:25.948+0000] {processor.py:208} INFO - Processing /opt/airflow/dags/comptage_dag.py took 0.020 seconds
[2026-09-25T09:11:50.106+0000] {processor.py:186} INFO - Started process (PID=121) to work on /opt/airflow/dags/comptage_dag.py
[2026-09-25T09:11:50.106+0000] {processor.py:914} INFO - Processing file /opt/airflow/dags/comptage_dag.py for tasks to queue
[2026-09-25T09:11:50.108+0000] {logging_mixin.py:190} INFO - [2026-09-25T09:11:50.108+0000] {dagbag.py:588} INFO - Filling up the DagBag from /opt/airflow/dags/comptage_dag.py
[2026-09-25T09:11:50.112+0000] {logging_mixin.py:190} INFO - [2026-09-25T09:11:50.111+0000] {dagbag.py:387} ERROR - Failed to import: /opt/airflow/dags/comptage_dag.py
Traceback (most recent call last):
  File "/home/airflow/.local/lib/python3.12/site-packages/airflow/models/dagbag.py", line 383, in parse
    loader.exec_module(new_module)
  File "<frozen importlib._bootstrap_external>", line 999, in exec_module
  File "<frozen importlib._bootstrap>", line 488, in _call_with_frames_removed
  File "/opt/airflow/dags/comptage_dag.py", line 2, in <module>
    from airflow.sdk import dag, task
ModuleNotFoundError: No module named 'airflow.sdk'
[2026-09-25T09:11:50.113+0000] {processor.py:927} WARNING - No viable dags retrieved from /opt/airflow/dags/comptage_dag.py
[2026-09-25T09:11:50.128+0000] {processor.py:208} INFO - Processing /opt/airflow/dags/comptage_dag.py took 0.027 seconds
[2026-09-25T09:12:20.300+0000] {processor.py:186} INFO - Started process (PID=138) to work on /opt/airflow/dags/comptage_dag.py
[2026-09-25T09:12:20.301+0000] {processor.py:914} INFO - Processing file /opt/airflow/dags/comptage_dag.py for tasks to queue
[2026-09-25T09:12:20.307+0000] {logging_mixin.py:190} INFO - [2026-09-25T09:12:20.306+0000] {dagbag.py:588} INFO - Filling up the DagBag from /opt/airflow/dags/comptage_dag.py
[2026-09-25T09:12:20.313+0000] {logging_mixin.py:190} INFO - [2026-09-25T09:12:20.311+0000] {dagbag.py:387} ERROR - Failed to import: /opt/airflow/dags/comptage_dag.py
Traceback (most recent call last):
  File "/home/airflow/.local/lib/python3.12/site-packages/airflow/models/dagbag.py", line 383, in parse
    loader.exec_module(new_module)
  File "<frozen importlib._bootstrap_external>", line 999, in exec_module
  File "<frozen importlib._bootstrap>", line 488, in _call_with_frames_removed
  File "/opt/airflow/dags/comptage_dag.py", line 2, in <module>
    from airflow.sdk import dag, task
ModuleNotFoundError: No module named 'airflow.sdk'
[2026-09-25T09:12:20.314+0000] {processor.py:927} WARNING - No viable dags retrieved from /opt/airflow/dags/comptage_dag.py
[2026-09-25T09:12:20.341+0000] {processor.py:208} INFO - Processing /opt/airflow/dags/comptage_dag.py took 0.051 seconds
[2026-09-25T09:12:50.476+0000] {processor.py:186} INFO - Started process (PID=163) to work on /opt/airflow/dags/comptage_dag.py
[2026-09-25T09:12:50.477+0000] {processor.py:914} INFO - Processing file /opt/airflow/dags/comptage_dag.py for tasks to queue
[2026-09-25T09:12:50.480+0000] {logging_mixin.py:190} INFO - [2026-09-25T09:12:50.480+0000] {dagbag.py:588} INFO - Filling up the DagBag from /opt/airflow/dags/comptage_dag.py
[2026-09-25T09:12:50.484+0000] {logging_mixin.py:190} INFO - [2026-09-25T09:12:50.483+0000] {dagbag.py:387} ERROR - Failed to import: /opt/airflow/dags/comptage_dag.py
Traceback (most recent call last):
  File "/home/airflow/.local/lib/python3.12/site-packages/airflow/models/dagbag.py", line 383, in parse
    loader.exec_module(new_module)
  File "<frozen importlib._bootstrap_external>", line 999, in exec_module
  File "<frozen importlib._bootstrap>", line 488, in _call_with_frames_removed
  File "/opt/airflow/dags/comptage_dag.py", line 2, in <module>
    from airflow.sdk import dag, task
ModuleNotFoundError: No module named 'airflow.sdk'
[2026-09-25T09:12:50.485+0000] {processor.py:927} WARNING - No viable dags retrieved from /opt/airflow/dags/comptage_dag.py
[2026-09-25T09:12:50.495+0000] {processor.py:208} INFO - Processing /opt/airflow/dags/comptage_dag.py took 0.030 seconds
[2026-09-25T09:13:20.632+0000] {processor.py:186} INFO - Started process (PID=180) to work on /opt/airflow/dags/comptage_dag.py
[2026-09-25T09:13:20.638+0000] {processor.py:914} INFO - Processing file /opt/airflow/dags/comptage_dag.py for tasks to queue
[2026-09-25T09:13:20.639+0000] {logging_mixin.py:190} INFO - [2026-09-25T09:13:20.639+0000] {dagbag.py:588} INFO - Filling up the DagBag from /opt/airflow/dags/comptage_dag.py
[2026-09-25T09:13:20.642+0000] {logging_mixin.py:190} INFO - [2026-09-25T09:13:20.641+0000] {dagbag.py:387} ERROR - Failed to import: /opt/airflow/dags/comptage_dag.py
Traceback (most recent call last):
  File "/home/airflow/.local/lib/python3.12/site-packages/airflow/models/dagbag.py", line 383, in parse
    loader.exec_module(new_module)
  File "<frozen importlib._bootstrap_external>", line 999, in exec_module
  File "<frozen importlib._bootstrap>", line 488, in _call_with_frames_removed
  File "/opt/airflow/dags/comptage_dag.py", line 2, in <module>
    from airflow.sdk import dag, task
ModuleNotFoundError: No module named 'airflow.sdk'
[2026-09-25T09:13:20.642+0000] {processor.py:927} WARNING - No viable dags retrieved from /opt/airflow/dags/comptage_dag.py
[2026-09-25T09:13:20.656+0000] {processor.py:208} INFO - Processing /opt/airflow/dags/comptage_dag.py took 0.029 seconds
[2026-09-25T09:13:50.794+0000] {processor.py:186} INFO - Started process (PID=204) to work on /opt/airflow/dags/comptage_dag.py
[2026-09-25T09:13:50.795+0000] {processor.py:914} INFO - Processing file /opt/airflow/dags/comptage_dag.py for tasks to queue
[2026-09-25T09:13:50.797+0000] {logging_mixin.py:190} INFO - [2026-09-25T09:13:50.797+0000] {dagbag.py:588} INFO - Filling up the DagBag from /opt/airflow/dags/comptage_dag.py
[2026-09-25T09:13:50.801+0000] {logging_mixin.py:190} INFO - [2026-09-25T09:13:50.800+0000] {dagbag.py:387} ERROR - Failed to import: /opt/airflow/dags/comptage_dag.py
Traceback (most recent call last):
  File "/home/airflow/.local/lib/python3.12/site-packages/airflow/models/dagbag.py", line 383, in parse
    loader.exec_module(new_module)
  File "<frozen importlib._bootstrap_external>", line 999, in exec_module
  File "<frozen importlib._bootstrap>", line 488, in _call_with_frames_removed
  File "/opt/airflow/dags/comptage_dag.py", line 2, in <module>
    from airflow.sdk import dag, task
ModuleNotFoundError: No module named 'airflow.sdk'
[2026-09-25T09:13:50.802+0000] {processor.py:927} WARNING - No viable dags retrieved from /opt/airflow/dags/comptage_dag.py
[2026-09-25T09:13:50.820+0000] {processor.py:208} INFO - Processing /opt/airflow/dags/comptage_dag.py took 0.031 seconds
[2026-09-25T09:14:20.980+0000] {processor.py:186} INFO - Started process (PID=222) to work on /opt/airflow/dags/comptage_dag.py
[2026-09-25T09:14:20.980+0000] {processor.py:914} INFO - Processing file /opt/airflow/dags/comptage_dag.py for tasks to queue
[2026-09-25T09:14:20.990+0000] {logging_mixin.py:190} INFO - [2026-09-25T09:14:20.990+0000] {dagbag.py:588} INFO - Filling up the DagBag from /opt/airflow/dags/comptage_dag.py
[2026-09-25T09:14:20.994+0000] {logging_mixin.py:190} INFO - [2026-09-25T09:14:20.993+0000] {dagbag.py:387} ERROR - Failed to import: /opt/airflow/dags/comptage_dag.py
Traceback (most recent call last):
  File "/home/airflow/.local/lib/python3.12/site-packages/airflow/models/dagbag.py", line 383, in parse
    loader.exec_module(new_module)
  File "<frozen importlib._bootstrap_external>", line 999, in exec_module
  File "<frozen importlib._bootstrap>", line 488, in _call_with_frames_removed
  File "/opt/airflow/dags/comptage_dag.py", line 2, in <module>
    from airflow.sdk import dag, task
ModuleNotFoundError: No module named 'airflow.sdk'
[2026-09-25T09:14:20.995+0000] {processor.py:927} WARNING - No viable dags retrieved from /opt/airflow/dags/comptage_dag.py
[2026-09-25T09:14:21.013+0000] {processor.py:208} INFO - Processing /opt/airflow/dags/comptage_dag.py took 0.042 seconds
[2026-09-25T09:14:51.177+0000] {processor.py:186} INFO - Started process (PID=239) to work on /opt/airflow/dags/comptage_dag.py
[2026-09-25T09:14:51.178+0000] {processor.py:914} INFO - Processing file /opt/airflow/dags/comptage_dag.py for tasks to queue
[2026-09-25T09:14:51.180+0000] {logging_mixin.py:190} INFO - [2026-09-25T09:14:51.180+0000] {dagbag.py:588} INFO - Filling up the DagBag from /opt/airflow/dags/comptage_dag.py
[2026-09-25T09:14:51.183+0000] {logging_mixin.py:190} INFO - [2026-09-25T09:14:51.182+0000] {dagbag.py:387} ERROR - Failed to import: /opt/airflow/dags/comptage_dag.py
Traceback (most recent call last):
  File "/home/airflow/.local/lib/python3.12/site-packages/airflow/models/dagbag.py", line 383, in parse
    loader.exec_module(new_module)
  File "<frozen importlib._bootstrap_external>", line 999, in exec_module
  File "<frozen importlib._bootstrap>", line 488, in _call_with_frames_removed
  File "/opt/airflow/dags/comptage_dag.py", line 2, in <module>
    from airflow.sdk import dag, task
ModuleNotFoundError: No module named 'airflow.sdk'
[2026-09-25T09:14:51.184+0000] {processor.py:927} WARNING - No viable dags retrieved from /opt/airflow/dags/comptage_dag.py
[2026-09-25T09:14:51.196+0000] {processor.py:208} INFO - Processing /opt/airflow/dags/comptage_dag.py took 0.026 seconds
[2026-09-25T09:15:21.362+0000] {processor.py:186} INFO - Started process (PID=263) to work on /opt/airflow/dags/comptage_dag.py
[2026-09-25T09:15:21.368+0000] {processor.py:914} INFO - Processing file /opt/airflow/dags/comptage_dag.py for tasks to queue
[2026-09-25T09:15:21.370+0000] {logging_mixin.py:190} INFO - [2026-09-25T09:15:21.370+0000] {dagbag.py:588} INFO - Filling up the DagBag from /opt/airflow/dags/comptage_dag.py
[2026-09-25T09:15:21.372+0000] {logging_mixin.py:190} INFO - [2026-09-25T09:15:21.371+0000] {dagbag.py:387} ERROR - Failed to import: /opt/airflow/dags/comptage_dag.py
Traceback (most recent call last):
  File "/home/airflow/.local/lib/python3.12/site-packages/airflow/models/dagbag.py", line 383, in parse
    loader.exec_module(new_module)
  File "<frozen importlib._bootstrap_external>", line 999, in exec_module
  File "<frozen importlib._bootstrap>", line 488, in _call_with_frames_removed
  File "/opt/airflow/dags/comptage_dag.py", line 2, in <module>
    from airflow.sdk import dag, task
ModuleNotFoundError: No module named 'airflow.sdk'
[2026-09-25T09:15:21.372+0000] {processor.py:927} WARNING - No viable dags retrieved from /opt/airflow/dags/comptage_dag.py
[2026-09-25T09:15:21.391+0000] {processor.py:208} INFO - Processing /opt/airflow/dags/comptage_dag.py took 0.033 seconds
[2026-09-25T09:15:51.533+0000] {processor.py:186} INFO - Started process (PID=281) to work on /opt/airflow/dags/comptage_dag.py
[2026-09-25T09:15:51.534+0000] {processor.py:914} INFO - Processing file /opt/airflow/dags/comptage_dag.py for tasks to queue
[2026-09-25T09:15:51.535+0000] {logging_mixin.py:190} INFO - [2026-09-25T09:15:51.535+0000] {dagbag.py:588} INFO - Filling up the DagBag from /opt/airflow/dags/comptage_dag.py
[2026-09-25T09:15:51.537+0000] {logging_mixin.py:190} INFO - [2026-09-25T09:15:51.537+0000] {dagbag.py:387} ERROR - Failed to import: /opt/airflow/dags/comptage_dag.py
Traceback (most recent call last):
  File "/home/airflow/.local/lib/python3.12/site-packages/airflow/models/dagbag.py", line 383, in parse
    loader.exec_module(new_module)
  File "<frozen importlib._bootstrap_external>", line 999, in exec_module
  File "<frozen importlib._bootstrap>", line 488, in _call_with_frames_removed
  File "/opt/airflow/dags/comptage_dag.py", line 2, in <module>
    from airflow.sdk import dag, task
ModuleNotFoundError: No module named 'airflow.sdk'
[2026-09-25T09:15:51.538+0000] {processor.py:927} WARNING - No viable dags retrieved from /opt/airflow/dags/comptage_dag.py
[2026-09-25T09:15:51.549+0000] {processor.py:208} INFO - Processing /opt/airflow/dags/comptage_dag.py took 0.020 seconds
[2026-09-25T09:16:21.702+0000] {processor.py:186} INFO - Started process (PID=298) to work on /opt/airflow/dags/comptage_dag.py
[2026-09-25T09:16:21.703+0000] {processor.py:914} INFO - Processing file /opt/airflow/dags/comptage_dag.py for tasks to queue
[2026-09-25T09:16:21.704+0000] {logging_mixin.py:190} INFO - [2026-09-25T09:16:21.704+0000] {dagbag.py:588} INFO - Filling up the DagBag from /opt/airflow/dags/comptage_dag.py
[2026-09-25T09:16:21.708+0000] {logging_mixin.py:190} INFO - [2026-09-25T09:16:21.706+0000] {dagbag.py:387} ERROR - Failed to import: /opt/airflow/dags/comptage_dag.py
Traceback (most recent call last):
  File "/home/airflow/.local/lib/python3.12/site-packages/airflow/models/dagbag.py", line 383, in parse
    loader.exec_module(new_module)
  File "<frozen importlib._bootstrap_external>", line 999, in exec_module
  File "<frozen importlib._bootstrap>", line 488, in _call_with_frames_removed
  File "/opt/airflow/dags/comptage_dag.py", line 2, in <module>
    from airflow.sdk import dag, task
ModuleNotFoundError: No module named 'airflow.sdk'
[2026-09-25T09:16:21.708+0000] {processor.py:927} WARNING - No viable dags retrieved from /opt/airflow/dags/comptage_dag.py
[2026-09-25T09:16:21.720+0000] {processor.py:208} INFO - Processing /opt/airflow/dags/comptage_dag.py took 0.022 seconds
[2026-09-25T09:16:51.889+0000] {processor.py:186} INFO - Started process (PID=323) to work on /opt/airflow/dags/comptage_dag.py
[2026-09-25T09:16:51.889+0000] {processor.py:914} INFO - Processing file /opt/airflow/dags/comptage_dag.py for tasks to queue
[2026-09-25T09:16:51.891+0000] {logging_mixin.py:190} INFO - [2026-09-25T09:16:51.891+0000] {dagbag.py:588} INFO - Filling up the DagBag from /opt/airflow/dags/comptage_dag.py
[2026-09-25T09:16:51.895+0000] {logging_mixin.py:190} INFO - [2026-09-25T09:16:51.893+0000] {dagbag.py:387} ERROR - Failed to import: /opt/airflow/dags/comptage_dag.py
Traceback (most recent call last):
  File "/home/airflow/.local/lib/python3.12/site-packages/airflow/models/dagbag.py", line 383, in parse
    loader.exec_module(new_module)
  File "<frozen importlib._bootstrap_external>", line 999, in exec_module
  File "<frozen importlib._bootstrap>", line 488, in _call_with_frames_removed
  File "/opt/airflow/dags/comptage_dag.py", line 2, in <module>
    from airflow.sdk import dag, task
ModuleNotFoundError: No module named 'airflow.sdk'
[2026-09-25T09:16:51.895+0000] {processor.py:927} WARNING - No viable dags retrieved from /opt/airflow/dags/comptage_dag.py
[2026-09-25T09:16:51.921+0000] {processor.py:208} INFO - Processing /opt/airflow/dags/comptage_dag.py took 0.041 seconds
[2026-09-25T09:17:03.653+0000] {processor.py:186} INFO - Started process (PID=332) to work on /opt/airflow/dags/comptage_dag.py
[2026-09-25T09:17:03.654+0000] {processor.py:914} INFO - Processing file /opt/airflow/dags/comptage_dag.py for tasks to queue
[2026-09-25T09:17:03.656+0000] {logging_mixin.py:190} INFO - [2026-09-25T09:17:03.655+0000] {dagbag.py:588} INFO - Filling up the DagBag from /opt/airflow/dags/comptage_dag.py
[2026-09-25T09:17:03.659+0000] {logging_mixin.py:190} INFO - [2026-09-25T09:17:03.658+0000] {dagbag.py:387} ERROR - Failed to import: /opt/airflow/dags/comptage_dag.py
Traceback (most recent call last):
  File "/home/airflow/.local/lib/python3.12/site-packages/airflow/models/dagbag.py", line 383, in parse
    loader.exec_module(new_module)
  File "<frozen importlib._bootstrap_external>", line 999, in exec_module
  File "<frozen importlib._bootstrap>", line 488, in _call_with_frames_removed
  File "/opt/airflow/dags/comptage_dag.py", line 2, in <module>
    from airflow.sdk import dag, task
ModuleNotFoundError: No module named 'airflow.sdk'
[2026-09-25T09:17:03.659+0000] {processor.py:927} WARNING - No viable dags retrieved from /opt/airflow/dags/comptage_dag.py
[2026-09-25T09:17:03.672+0000] {processor.py:208} INFO - Processing /opt/airflow/dags/comptage_dag.py took 0.024 seconds
[2026-09-25T09:17:33.864+0000] {processor.py:186} INFO - Started process (PID=349) to work on /opt/airflow/dags/comptage_dag.py
[2026-09-25T09:17:33.864+0000] {processor.py:914} INFO - Processing file /opt/airflow/dags/comptage_dag.py for tasks to queue
[2026-09-25T09:17:33.866+0000] {logging_mixin.py:190} INFO - [2026-09-25T09:17:33.866+0000] {dagbag.py:588} INFO - Filling up the DagBag from /opt/airflow/dags/comptage_dag.py
[2026-09-25T09:17:33.868+0000] {logging_mixin.py:190} INFO - [2026-09-25T09:17:33.867+0000] {dagbag.py:387} ERROR - Failed to import: /opt/airflow/dags/comptage_dag.py
Traceback (most recent call last):
  File "/home/airflow/.local/lib/python3.12/site-packages/airflow/models/dagbag.py", line 383, in parse
    loader.exec_module(new_module)
  File "<frozen importlib._bootstrap_external>", line 999, in exec_module
  File "<frozen importlib._bootstrap>", line 488, in _call_with_frames_removed
  File "/opt/airflow/dags/comptage_dag.py", line 2, in <module>
    from airflow.sdk import dag, task
ModuleNotFoundError: No module named 'airflow.sdk'
[2026-09-25T09:17:33.868+0000] {processor.py:927} WARNING - No viable dags retrieved from /opt/airflow/dags/comptage_dag.py
[2026-09-25T09:17:33.880+0000] {processor.py:208} INFO - Processing /opt/airflow/dags/comptage_dag.py took 0.021 seconds
[2026-09-25T09:18:04.279+0000] {processor.py:186} INFO - Started process (PID=374) to work on /opt/airflow/dags/comptage_dag.py
[2026-09-25T09:18:04.280+0000] {processor.py:914} INFO - Processing file /opt/airflow/dags/comptage_dag.py for tasks to queue
[2026-09-25T09:18:04.281+0000] {logging_mixin.py:190} INFO - [2026-09-25T09:18:04.281+0000] {dagbag.py:588} INFO - Filling up the DagBag from /opt/airflow/dags/comptage_dag.py
[2026-09-25T09:18:04.283+0000] {logging_mixin.py:190} INFO - [2026-09-25T09:18:04.282+0000] {dagbag.py:387} ERROR - Failed to import: /opt/airflow/dags/comptage_dag.py
Traceback (most recent call last):
  File "/home/airflow/.local/lib/python3.12/site-packages/airflow/models/dagbag.py", line 383, in parse
    loader.exec_module(new_module)
  File "<frozen importlib._bootstrap_external>", line 999, in exec_module
  File "<frozen importlib._bootstrap>", line 488, in _call_with_frames_removed
  File "/opt/airflow/dags/comptage_dag.py", line 2, in <module>
    from airflow.sdk import dag, task
ModuleNotFoundError: No module named 'airflow.sdk'
[2026-09-25T09:18:04.283+0000] {processor.py:927} WARNING - No viable dags retrieved from /opt/airflow/dags/comptage_dag.py
[2026-09-25T09:18:04.295+0000] {processor.py:208} INFO - Processing /opt/airflow/dags/comptage_dag.py took 0.233 seconds
[2026-09-25T09:18:34.703+0000] {processor.py:186} INFO - Started process (PID=391) to work on /opt/airflow/dags/comptage_dag.py
[2026-09-25T09:18:34.704+0000] {processor.py:914} INFO - Processing file /opt/airflow/dags/comptage_dag.py for tasks to queue
[2026-09-25T09:18:34.705+0000] {logging_mixin.py:190} INFO - [2026-09-25T09:18:34.705+0000] {dagbag.py:588} INFO - Filling up the DagBag from /opt/airflow/dags/comptage_dag.py
[2026-09-25T09:18:34.708+0000] {logging_mixin.py:190} INFO - [2026-09-25T09:18:34.707+0000] {dagbag.py:387} ERROR - Failed to import: /opt/airflow/dags/comptage_dag.py
Traceback (most recent call last):
  File "/home/airflow/.local/lib/python3.12/site-packages/airflow/models/dagbag.py", line 383, in parse
    loader.exec_module(new_module)
  File "<frozen importlib._bootstrap_external>", line 999, in exec_module
  File "<frozen importlib._bootstrap>", line 488, in _call_with_frames_removed
  File "/opt/airflow/dags/comptage_dag.py", line 2, in <module>
    from airflow.sdk import dag, task
ModuleNotFoundError: No module named 'airflow.sdk'
[2026-09-25T09:18:34.708+0000] {processor.py:927} WARNING - No viable dags retrieved from /opt/airflow/dags/comptage_dag.py
[2026-09-25T09:18:34.722+0000] {processor.py:208} INFO - Processing /opt/airflow/dags/comptage_dag.py took 0.024 seconds
[2026-09-25T09:19:04.939+0000] {processor.py:186} INFO - Started process (PID=415) to work on /opt/airflow/dags/comptage_dag.py
[2026-09-25T09:19:04.939+0000] {processor.py:914} INFO - Processing file /opt/airflow/dags/comptage_dag.py for tasks to queue
[2026-09-25T09:19:04.941+0000] {logging_mixin.py:190} INFO - [2026-09-25T09:19:04.941+0000] {dagbag.py:588} INFO - Filling up the DagBag from /opt/airflow/dags/comptage_dag.py
[2026-09-25T09:19:04.943+0000] {logging_mixin.py:190} INFO - [2026-09-25T09:19:04.942+0000] {dagbag.py:387} ERROR - Failed to import: /opt/airflow/dags/comptage_dag.py
Traceback (most recent call last):
  File "/home/airflow/.local/lib/python3.12/site-packages/airflow/models/dagbag.py", line 383, in parse
    loader.exec_module(new_module)
  File "<frozen importlib._bootstrap_external>", line 999, in exec_module
  File "<frozen importlib._bootstrap>", line 488, in _call_with_frames_removed
  File "/opt/airflow/dags/comptage_dag.py", line 2, in <module>
    from airflow.sdk import dag, task
ModuleNotFoundError: No module named 'airflow.sdk'
[2026-09-25T09:19:04.944+0000] {processor.py:927} WARNING - No viable dags retrieved from /opt/airflow/dags/comptage_dag.py
[2026-09-25T09:19:04.958+0000] {processor.py:208} INFO - Processing /opt/airflow/dags/comptage_dag.py took 0.023 seconds
[2026-09-25T09:19:35.143+0000] {processor.py:186} INFO - Started process (PID=433) to work on /opt/airflow/dags/comptage_dag.py
[2026-09-25T09:19:35.143+0000] {processor.py:914} INFO - Processing file /opt/airflow/dags/comptage_dag.py for tasks to queue
[2026-09-25T09:19:35.145+0000] {logging_mixin.py:190} INFO - [2026-09-25T09:19:35.145+0000] {dagbag.py:588} INFO - Filling up the DagBag from /opt/airflow/dags/comptage_dag.py
[2026-09-25T09:19:35.148+0000] {logging_mixin.py:190} INFO - [2026-09-25T09:19:35.147+0000] {dagbag.py:387} ERROR - Failed to import: /opt/airflow/dags/comptage_dag.py
Traceback (most recent call last):
  File "/home/airflow/.local/lib/python3.12/site-packages/airflow/models/dagbag.py", line 383, in parse
    loader.exec_module(new_module)
  File "<frozen importlib._bootstrap_external>", line 999, in exec_module
  File "<frozen importlib._bootstrap>", line 488, in _call_with_frames_removed
  File "/opt/airflow/dags/comptage_dag.py", line 2, in <module>
    from airflow.sdk import dag, task
ModuleNotFoundError: No module named 'airflow.sdk'
[2026-09-25T09:19:35.149+0000] {processor.py:927} WARNING - No viable dags retrieved from /opt/airflow/dags/comptage_dag.py
[2026-09-25T09:19:35.161+0000] {processor.py:208} INFO - Processing /opt/airflow/dags/comptage_dag.py took 0.022 seconds
[2026-09-25T09:20:05.290+0000] {processor.py:186} INFO - Started process (PID=451) to work on /opt/airflow/dags/comptage_dag.py
[2026-09-25T09:20:05.290+0000] {processor.py:914} INFO - Processing file /opt/airflow/dags/comptage_dag.py for tasks to queue
[2026-09-25T09:20:05.292+0000] {logging_mixin.py:190} INFO - [2026-09-25T09:20:05.292+0000] {dagbag.py:588} INFO - Filling up the DagBag from /opt/airflow/dags/comptage_dag.py
[2026-09-25T09:20:05.295+0000] {logging_mixin.py:190} INFO - [2026-09-25T09:20:05.294+0000] {dagbag.py:387} ERROR - Failed to import: /opt/airflow/dags/comptage_dag.py
Traceback (most recent call last):
  File "/home/airflow/.local/lib/python3.12/site-packages/airflow/models/dagbag.py", line 383, in parse
    loader.exec_module(new_module)
  File "<frozen importlib._bootstrap_external>", line 999, in exec_module
  File "<frozen importlib._bootstrap>", line 488, in _call_with_frames_removed
  File "/opt/airflow/dags/comptage_dag.py", line 2, in <module>
    from airflow.sdk import dag, task
ModuleNotFoundError: No module named 'airflow.sdk'
[2026-09-25T09:20:05.295+0000] {processor.py:927} WARNING - No viable dags retrieved from /opt/airflow/dags/comptage_dag.py
[2026-09-25T09:20:05.307+0000] {processor.py:208} INFO - Processing /opt/airflow/dags/comptage_dag.py took 0.021 seconds
[2026-09-25T09:20:35.491+0000] {processor.py:186} INFO - Started process (PID=475) to work on /opt/airflow/dags/comptage_dag.py
[2026-09-25T09:20:35.491+0000] {processor.py:914} INFO - Processing file /opt/airflow/dags/comptage_dag.py for tasks to queue
[2026-09-25T09:20:35.494+0000] {logging_mixin.py:190} INFO - [2026-09-25T09:20:35.493+0000] {dagbag.py:588} INFO - Filling up the DagBag from /opt/airflow/dags/comptage_dag.py
[2026-09-25T09:20:35.496+0000] {logging_mixin.py:190} INFO - [2026-09-25T09:20:35.495+0000] {dagbag.py:387} ERROR - Failed to import: /opt/airflow/dags/comptage_dag.py
Traceback (most recent call last):
  File "/home/airflow/.local/lib/python3.12/site-packages/airflow/models/dagbag.py", line 383, in parse
    loader.exec_module(new_module)
  File "<frozen importlib._bootstrap_external>", line 999, in exec_module
  File "<frozen importlib._bootstrap>", line 488, in _call_with_frames_removed
  File "/opt/airflow/dags/comptage_dag.py", line 2, in <module>
    from airflow.sdk import dag, task
ModuleNotFoundError: No module named 'airflow.sdk'
[2026-09-25T09:20:35.497+0000] {processor.py:927} WARNING - No viable dags retrieved from /opt/airflow/dags/comptage_dag.py
[2026-09-25T09:20:35.511+0000] {processor.py:208} INFO - Processing /opt/airflow/dags/comptage_dag.py took 0.025 seconds
[2026-09-25T09:21:05.690+0000] {processor.py:186} INFO - Started process (PID=493) to work on /opt/airflow/dags/comptage_dag.py
[2026-09-25T09:21:05.691+0000] {processor.py:914} INFO - Processing file /opt/airflow/dags/comptage_dag.py for tasks to queue
[2026-09-25T09:21:05.695+0000] {logging_mixin.py:190} INFO - [2026-09-25T09:21:05.695+0000] {dagbag.py:588} INFO - Filling up the DagBag from /opt/airflow/dags/comptage_dag.py
[2026-09-25T09:21:05.703+0000] {logging_mixin.py:190} INFO - [2026-09-25T09:21:05.702+0000] {dagbag.py:387} ERROR - Failed to import: /opt/airflow/dags/comptage_dag.py
Traceback (most recent call last):
  File "/home/airflow/.local/lib/python3.12/site-packages/airflow/models/dagbag.py", line 383, in parse
    loader.exec_module(new_module)
  File "<frozen importlib._bootstrap_external>", line 999, in exec_module
  File "<frozen importlib._bootstrap>", line 488, in _call_with_frames_removed
  File "/opt/airflow/dags/comptage_dag.py", line 2, in <module>
    from airflow.sdk import dag, task
ModuleNotFoundError: No module named 'airflow.sdk'
[2026-09-25T09:21:05.705+0000] {processor.py:927} WARNING - No viable dags retrieved from /opt/airflow/dags/comptage_dag.py
[2026-09-25T09:21:05.733+0000] {processor.py:208} INFO - Processing /opt/airflow/dags/comptage_dag.py took 0.056 seconds
[2026-09-25T09:21:35.909+0000] {processor.py:186} INFO - Started process (PID=510) to work on /opt/airflow/dags/comptage_dag.py
[2026-09-25T09:21:35.910+0000] {processor.py:914} INFO - Processing file /opt/airflow/dags/comptage_dag.py for tasks to queue
[2026-09-25T09:21:35.917+0000] {logging_mixin.py:190} INFO - [2026-09-25T09:21:35.916+0000] {dagbag.py:588} INFO - Filling up the DagBag from /opt/airflow/dags/comptage_dag.py
[2026-09-25T09:21:35.923+0000] {logging_mixin.py:190} INFO - [2026-09-25T09:21:35.921+0000] {dagbag.py:387} ERROR - Failed to import: /opt/airflow/dags/comptage_dag.py
Traceback (most recent call last):
  File "/home/airflow/.local/lib/python3.12/site-packages/airflow/models/dagbag.py", line 383, in parse
    loader.exec_module(new_module)
  File "<frozen importlib._bootstrap_external>", line 999, in exec_module
  File "<frozen importlib._bootstrap>", line 488, in _call_with_frames_removed
  File "/opt/airflow/dags/comptage_dag.py", line 2, in <module>
    from airflow.sdk import dag, task
ModuleNotFoundError: No module named 'airflow.sdk'
[2026-09-25T09:21:35.925+0000] {processor.py:927} WARNING - No viable dags retrieved from /opt/airflow/dags/comptage_dag.py
[2026-09-25T09:21:35.955+0000] {processor.py:208} INFO - Processing /opt/airflow/dags/comptage_dag.py took 0.056 seconds
[2026-09-25T09:22:06.125+0000] {processor.py:186} INFO - Started process (PID=527) to work on /opt/airflow/dags/comptage_dag.py
[2026-09-25T09:22:06.125+0000] {processor.py:914} INFO - Processing file /opt/airflow/dags/comptage_dag.py for tasks to queue
[2026-09-25T09:22:06.127+0000] {logging_mixin.py:190} INFO - [2026-09-25T09:22:06.127+0000] {dagbag.py:588} INFO - Filling up the DagBag from /opt/airflow/dags/comptage_dag.py
[2026-09-25T09:22:06.130+0000] {logging_mixin.py:190} INFO - [2026-09-25T09:22:06.129+0000] {dagbag.py:387} ERROR - Failed to import: /opt/airflow/dags/comptage_dag.py
Traceback (most recent call last):
  File "/home/airflow/.local/lib/python3.12/site-packages/airflow/models/dagbag.py", line 383, in parse
    loader.exec_module(new_module)
  File "<frozen importlib._bootstrap_external>", line 999, in exec_module
  File "<frozen importlib._bootstrap>", line 488, in _call_with_frames_removed
  File "/opt/airflow/dags/comptage_dag.py", line 2, in <module>
    from airflow.sdk import dag, task
ModuleNotFoundError: No module named 'airflow.sdk'
[2026-09-25T09:22:06.130+0000] {processor.py:927} WARNING - No viable dags retrieved from /opt/airflow/dags/comptage_dag.py
[2026-09-25T09:22:06.146+0000] {processor.py:208} INFO - Processing /opt/airflow/dags/comptage_dag.py took 0.026 seconds
[2026-09-25T09:22:36.275+0000] {processor.py:186} INFO - Started process (PID=552) to work on /opt/airflow/dags/comptage_dag.py
[2026-09-25T09:22:36.276+0000] {processor.py:914} INFO - Processing file /opt/airflow/dags/comptage_dag.py for tasks to queue
[2026-09-25T09:22:36.277+0000] {logging_mixin.py:190} INFO - [2026-09-25T09:22:36.277+0000] {dagbag.py:588} INFO - Filling up the DagBag from /opt/airflow/dags/comptage_dag.py
[2026-09-25T09:22:36.280+0000] {logging_mixin.py:190} INFO - [2026-09-25T09:22:36.279+0000] {dagbag.py:387} ERROR - Failed to import: /opt/airflow/dags/comptage_dag.py
Traceback (most recent call last):
  File "/home/airflow/.local/lib/python3.12/site-packages/airflow/models/dagbag.py", line 383, in parse
    loader.exec_module(new_module)
  File "<frozen importlib._bootstrap_external>", line 999, in exec_module
  File "<frozen importlib._bootstrap>", line 488, in _call_with_frames_removed
  File "/opt/airflow/dags/comptage_dag.py", line 2, in <module>
    from airflow.sdk import dag, task
ModuleNotFoundError: No module named 'airflow.sdk'
[2026-09-25T09:22:36.280+0000] {processor.py:927} WARNING - No viable dags retrieved from /opt/airflow/dags/comptage_dag.py
[2026-09-25T09:22:36.292+0000] {processor.py:208} INFO - Processing /opt/airflow/dags/comptage_dag.py took 0.021 seconds
[2026-09-25T09:23:06.431+0000] {processor.py:186} INFO - Started process (PID=569) to work on /opt/airflow/dags/comptage_dag.py
[2026-09-25T09:23:06.432+0000] {processor.py:914} INFO - Processing file /opt/airflow/dags/comptage_dag.py for tasks to queue
[2026-09-25T09:23:06.433+0000] {logging_mixin.py:190} INFO - [2026-09-25T09:23:06.433+0000] {dagbag.py:588} INFO - Filling up the DagBag from /opt/airflow/dags/comptage_dag.py
[2026-09-25T09:23:06.436+0000] {logging_mixin.py:190} INFO - [2026-09-25T09:23:06.435+0000] {dagbag.py:387} ERROR - Failed to import: /opt/airflow/dags/comptage_dag.py
Traceback (most recent call last):
  File "/home/airflow/.local/lib/python3.12/site-packages/airflow/models/dagbag.py", line 383, in parse
    loader.exec_module(new_module)
  File "<frozen importlib._bootstrap_external>", line 999, in exec_module
  File "<frozen importlib._bootstrap>", line 488, in _call_with_frames_removed
  File "/opt/airflow/dags/comptage_dag.py", line 2, in <module>
    from airflow.sdk import dag, task
ModuleNotFoundError: No module named 'airflow.sdk'
[2026-09-25T09:23:06.436+0000] {processor.py:927} WARNING - No viable dags retrieved from /opt/airflow/dags/comptage_dag.py
[2026-09-25T09:23:06.448+0000] {processor.py:208} INFO - Processing /opt/airflow/dags/comptage_dag.py took 0.021 seconds
[2026-09-25T09:23:36.595+0000] {processor.py:186} INFO - Started process (PID=593) to work on /opt/airflow/dags/comptage_dag.py
[2026-09-25T09:23:36.596+0000] {processor.py:914} INFO - Processing file /opt/airflow/dags/comptage_dag.py for tasks to queue
[2026-09-25T09:23:36.600+0000] {logging_mixin.py:190} INFO - [2026-09-25T09:23:36.599+0000] {dagbag.py:588} INFO - Filling up the DagBag from /opt/airflow/dags/comptage_dag.py
[2026-09-25T09:23:36.606+0000] {logging_mixin.py:190} INFO - [2026-09-25T09:23:36.605+0000] {dagbag.py:387} ERROR - Failed to import: /opt/airflow/dags/comptage_dag.py
Traceback (most recent call last):
  File "/home/airflow/.local/lib/python3.12/site-packages/airflow/models/dagbag.py", line 383, in parse
    loader.exec_module(new_module)
  File "<frozen importlib._bootstrap_external>", line 999, in exec_module
  File "<frozen importlib._bootstrap>", line 488, in _call_with_frames_removed
  File "/opt/airflow/dags/comptage_dag.py", line 2, in <module>
    from airflow.sdk import dag, task
ModuleNotFoundError: No module named 'airflow.sdk'
[2026-09-25T09:23:36.607+0000] {processor.py:927} WARNING - No viable dags retrieved from /opt/airflow/dags/comptage_dag.py
[2026-09-25T09:23:36.621+0000] {processor.py:208} INFO - Processing /opt/airflow/dags/comptage_dag.py took 0.033 seconds
[2026-09-25T09:24:06.771+0000] {processor.py:186} INFO - Started process (PID=611) to work on /opt/airflow/dags/comptage_dag.py
[2026-09-25T09:24:06.771+0000] {processor.py:914} INFO - Processing file /opt/airflow/dags/comptage_dag.py for tasks to queue
[2026-09-25T09:24:06.773+0000] {logging_mixin.py:190} INFO - [2026-09-25T09:24:06.772+0000] {dagbag.py:588} INFO - Filling up the DagBag from /opt/airflow/dags/comptage_dag.py
[2026-09-25T09:24:06.776+0000] {logging_mixin.py:190} INFO - [2026-09-25T09:24:06.775+0000] {dagbag.py:387} ERROR - Failed to import: /opt/airflow/dags/comptage_dag.py
Traceback (most recent call last):
  File "/home/airflow/.local/lib/python3.12/site-packages/airflow/models/dagbag.py", line 383, in parse
    loader.exec_module(new_module)
  File "<frozen importlib._bootstrap_external>", line 999, in exec_module
  File "<frozen importlib._bootstrap>", line 488, in _call_with_frames_removed
  File "/opt/airflow/dags/comptage_dag.py", line 2, in <module>
    from airflow.sdk import dag, task
ModuleNotFoundError: No module named 'airflow.sdk'
[2026-09-25T09:24:06.776+0000] {processor.py:927} WARNING - No viable dags retrieved from /opt/airflow/dags/comptage_dag.py
[2026-09-25T09:24:06.787+0000] {processor.py:208} INFO - Processing /opt/airflow/dags/comptage_dag.py took 0.020 seconds
[2026-09-25T09:24:36.967+0000] {processor.py:186} INFO - Started process (PID=628) to work on /opt/airflow/dags/comptage_dag.py
[2026-09-25T09:24:36.967+0000] {processor.py:914} INFO - Processing file /opt/airflow/dags/comptage_dag.py for tasks to queue
[2026-09-25T09:24:36.969+0000] {logging_mixin.py:190} INFO - [2026-09-25T09:24:36.969+0000] {dagbag.py:588} INFO - Filling up the DagBag from /opt/airflow/dags/comptage_dag.py
[2026-09-25T09:24:36.971+0000] {logging_mixin.py:190} INFO - [2026-09-25T09:24:36.970+0000] {dagbag.py:387} ERROR - Failed to import: /opt/airflow/dags/comptage_dag.py
Traceback (most recent call last):
  File "/home/airflow/.local/lib/python3.12/site-packages/airflow/models/dagbag.py", line 383, in parse
    loader.exec_module(new_module)
  File "<frozen importlib._bootstrap_external>", line 999, in exec_module
  File "<frozen importlib._bootstrap>", line 488, in _call_with_frames_removed
  File "/opt/airflow/dags/comptage_dag.py", line 2, in <module>
    from airflow.sdk import dag, task
ModuleNotFoundError: No module named 'airflow.sdk'
[2026-09-25T09:24:36.972+0000] {processor.py:927} WARNING - No viable dags retrieved from /opt/airflow/dags/comptage_dag.py
[2026-09-25T09:24:36.982+0000] {processor.py:208} INFO - Processing /opt/airflow/dags/comptage_dag.py took 0.021 seconds
[2026-09-25T09:25:07.156+0000] {processor.py:186} INFO - Started process (PID=653) to work on /opt/airflow/dags/comptage_dag.py
[2026-09-25T09:25:07.157+0000] {processor.py:914} INFO - Processing file /opt/airflow/dags/comptage_dag.py for tasks to queue
[2026-09-25T09:25:07.158+0000] {logging_mixin.py:190} INFO - [2026-09-25T09:25:07.158+0000] {dagbag.py:588} INFO - Filling up the DagBag from /opt/airflow/dags/comptage_dag.py
[2026-09-25T09:25:07.161+0000] {logging_mixin.py:190} INFO - [2026-09-25T09:25:07.160+0000] {dagbag.py:387} ERROR - Failed to import: /opt/airflow/dags/comptage_dag.py
Traceback (most recent call last):
  File "/home/airflow/.local/lib/python3.12/site-packages/airflow/models/dagbag.py", line 383, in parse
    loader.exec_module(new_module)
  File "<frozen importlib._bootstrap_external>", line 999, in exec_module
  File "<frozen importlib._bootstrap>", line 488, in _call_with_frames_removed
  File "/opt/airflow/dags/comptage_dag.py", line 2, in <module>
    from airflow.sdk import dag, task
ModuleNotFoundError: No module named 'airflow.sdk'
[2026-09-25T09:25:07.161+0000] {processor.py:927} WARNING - No viable dags retrieved from /opt/airflow/dags/comptage_dag.py
[2026-09-25T09:25:07.174+0000] {processor.py:208} INFO - Processing /opt/airflow/dags/comptage_dag.py took 0.023 seconds
[2026-09-25T09:25:37.310+0000] {processor.py:186} INFO - Started process (PID=670) to work on /opt/airflow/dags/comptage_dag.py
[2026-09-25T09:25:37.310+0000] {processor.py:914} INFO - Processing file /opt/airflow/dags/comptage_dag.py for tasks to queue
[2026-09-25T09:25:37.312+0000] {logging_mixin.py:190} INFO - [2026-09-25T09:25:37.312+0000] {dagbag.py:588} INFO - Filling up the DagBag from /opt/airflow/dags/comptage_dag.py
[2026-09-25T09:25:37.315+0000] {logging_mixin.py:190} INFO - [2026-09-25T09:25:37.314+0000] {dagbag.py:387} ERROR - Failed to import: /opt/airflow/dags/comptage_dag.py
Traceback (most recent call last):
  File "/home/airflow/.local/lib/python3.12/site-packages/airflow/models/dagbag.py", line 383, in parse
    loader.exec_module(new_module)
  File "<frozen importlib._bootstrap_external>", line 999, in exec_module
  File "<frozen importlib._bootstrap>", line 488, in _call_with_frames_removed
  File "/opt/airflow/dags/comptage_dag.py", line 2, in <module>
    from airflow.sdk import dag, task
ModuleNotFoundError: No module named 'airflow.sdk'
[2026-09-25T09:25:37.315+0000] {processor.py:927} WARNING - No viable dags retrieved from /opt/airflow/dags/comptage_dag.py
[2026-09-25T09:25:37.331+0000] {processor.py:208} INFO - Processing /opt/airflow/dags/comptage_dag.py took 0.026 seconds
[2026-09-25T09:26:07.457+0000] {processor.py:186} INFO - Started process (PID=687) to work on /opt/airflow/dags/comptage_dag.py
[2026-09-25T09:26:07.458+0000] {processor.py:914} INFO - Processing file /opt/airflow/dags/comptage_dag.py for tasks to queue
[2026-09-25T09:26:07.459+0000] {logging_mixin.py:190} INFO - [2026-09-25T09:26:07.459+0000] {dagbag.py:588} INFO - Filling up the DagBag from /opt/airflow/dags/comptage_dag.py
[2026-09-25T09:26:07.461+0000] {logging_mixin.py:190} INFO - [2026-09-25T09:26:07.461+0000] {dagbag.py:387} ERROR - Failed to import: /opt/airflow/dags/comptage_dag.py
Traceback (most recent call last):
  File "/home/airflow/.local/lib/python3.12/site-packages/airflow/models/dagbag.py", line 383, in parse
    loader.exec_module(new_module)
  File "<frozen importlib._bootstrap_external>", line 999, in exec_module
  File "<frozen importlib._bootstrap>", line 488, in _call_with_frames_removed
  File "/opt/airflow/dags/comptage_dag.py", line 2, in <module>
    from airflow.sdk import dag, task
ModuleNotFoundError: No module named 'airflow.sdk'
[2026-09-25T09:26:07.462+0000] {processor.py:927} WARNING - No viable dags retrieved from /opt/airflow/dags/comptage_dag.py
[2026-09-25T09:26:07.473+0000] {processor.py:208} INFO - Processing /opt/airflow/dags/comptage_dag.py took 0.020 seconds
[2026-09-25T09:26:37.683+0000] {processor.py:186} INFO - Started process (PID=711) to work on /opt/airflow/dags/comptage_dag.py
[2026-09-25T09:26:37.684+0000] {processor.py:914} INFO - Processing file /opt/airflow/dags/comptage_dag.py for tasks to queue
[2026-09-25T09:26:37.687+0000] {logging_mixin.py:190} INFO - [2026-09-25T09:26:37.686+0000] {dagbag.py:588} INFO - Filling up the DagBag from /opt/airflow/dags/comptage_dag.py
[2026-09-25T09:26:37.692+0000] {logging_mixin.py:190} INFO - [2026-09-25T09:26:37.690+0000] {dagbag.py:387} ERROR - Failed to import: /opt/airflow/dags/comptage_dag.py
Traceback (most recent call last):
  File "/home/airflow/.local/lib/python3.12/site-packages/airflow/models/dagbag.py", line 383, in parse
    loader.exec_module(new_module)
  File "<frozen importlib._bootstrap_external>", line 999, in exec_module
  File "<frozen importlib._bootstrap>", line 488, in _call_with_frames_removed
  File "/opt/airflow/dags/comptage_dag.py", line 2, in <module>
    from airflow.sdk import dag, task
ModuleNotFoundError: No module named 'airflow.sdk'
[2026-09-25T09:26:37.692+0000] {processor.py:927} WARNING - No viable dags retrieved from /opt/airflow/dags/comptage_dag.py
[2026-09-25T09:26:37.756+0000] {processor.py:208} INFO - Processing /opt/airflow/dags/comptage_dag.py took 0.083 seconds
[2026-09-25T09:27:07.851+0000] {processor.py:186} INFO - Started process (PID=729) to work on /opt/airflow/dags/comptage_dag.py
[2026-09-25T09:27:07.852+0000] {processor.py:914} INFO - Processing file /opt/airflow/dags/comptage_dag.py for tasks to queue
[2026-09-25T09:27:07.853+0000] {logging_mixin.py:190} INFO - [2026-09-25T09:27:07.853+0000] {dagbag.py:588} INFO - Filling up the DagBag from /opt/airflow/dags/comptage_dag.py
[2026-09-25T09:27:07.856+0000] {logging_mixin.py:190} INFO - [2026-09-25T09:27:07.855+0000] {dagbag.py:387} ERROR - Failed to import: /opt/airflow/dags/comptage_dag.py
Traceback (most recent call last):
  File "/home/airflow/.local/lib/python3.12/site-packages/airflow/models/dagbag.py", line 383, in parse
    loader.exec_module(new_module)
  File "<frozen importlib._bootstrap_external>", line 999, in exec_module
  File "<frozen importlib._bootstrap>", line 488, in _call_with_frames_removed
  File "/opt/airflow/dags/comptage_dag.py", line 2, in <module>
    from airflow.sdk import dag, task
ModuleNotFoundError: No module named 'airflow.sdk'
[2026-09-25T09:27:07.856+0000] {processor.py:927} WARNING - No viable dags retrieved from /opt/airflow/dags/comptage_dag.py
[2026-09-25T09:27:07.870+0000] {processor.py:208} INFO - Processing /opt/airflow/dags/comptage_dag.py took 0.024 seconds
[2026-09-25T09:27:38.044+0000] {processor.py:186} INFO - Started process (PID=746) to work on /opt/airflow/dags/comptage_dag.py
[2026-09-25T09:27:38.046+0000] {processor.py:914} INFO - Processing file /opt/airflow/dags/comptage_dag.py for tasks to queue
[2026-09-25T09:27:38.050+0000] {logging_mixin.py:190} INFO - [2026-09-25T09:27:38.050+0000] {dagbag.py:588} INFO - Filling up the DagBag from /opt/airflow/dags/comptage_dag.py
[2026-09-25T09:27:38.056+0000] {logging_mixin.py:190} INFO - [2026-09-25T09:27:38.054+0000] {dagbag.py:387} ERROR - Failed to import: /opt/airflow/dags/comptage_dag.py
Traceback (most recent call last):
  File "/home/airflow/.local/lib/python3.12/site-packages/airflow/models/dagbag.py", line 383, in parse
    loader.exec_module(new_module)
  File "<frozen importlib._bootstrap_external>", line 999, in exec_module
  File "<frozen importlib._bootstrap>", line 488, in _call_with_frames_removed
  File "/opt/airflow/dags/comptage_dag.py", line 2, in <module>
    from airflow.sdk import dag, task
ModuleNotFoundError: No module named 'airflow.sdk'
[2026-09-25T09:27:38.057+0000] {processor.py:927} WARNING - No viable dags retrieved from /opt/airflow/dags/comptage_dag.py
[2026-09-25T09:27:38.077+0000] {processor.py:208} INFO - Processing /opt/airflow/dags/comptage_dag.py took 0.048 seconds
[2026-09-25T09:28:08.241+0000] {processor.py:186} INFO - Started process (PID=770) to work on /opt/airflow/dags/comptage_dag.py
[2026-09-25T09:28:08.243+0000] {processor.py:914} INFO - Processing file /opt/airflow/dags/comptage_dag.py for tasks to queue
[2026-09-25T09:28:08.247+0000] {logging_mixin.py:190} INFO - [2026-09-25T09:28:08.247+0000] {dagbag.py:588} INFO - Filling up the DagBag from /opt/airflow/dags/comptage_dag.py
[2026-09-25T09:28:08.255+0000] {logging_mixin.py:190} INFO - [2026-09-25T09:28:08.252+0000] {dagbag.py:387} ERROR - Failed to import: /opt/airflow/dags/comptage_dag.py
Traceback (most recent call last):
  File "/home/airflow/.local/lib/python3.12/site-packages/airflow/models/dagbag.py", line 383, in parse
    loader.exec_module(new_module)
  File "<frozen importlib._bootstrap_external>", line 999, in exec_module
  File "<frozen importlib._bootstrap>", line 488, in _call_with_frames_removed
  File "/opt/airflow/dags/comptage_dag.py", line 2, in <module>
    from airflow.sdk import dag, task
ModuleNotFoundError: No module named 'airflow.sdk'
[2026-09-25T09:28:08.255+0000] {processor.py:927} WARNING - No viable dags retrieved from /opt/airflow/dags/comptage_dag.py
[2026-09-25T09:28:08.283+0000] {processor.py:208} INFO - Processing /opt/airflow/dags/comptage_dag.py took 0.052 seconds
[2026-09-25T09:28:38.420+0000] {processor.py:186} INFO - Started process (PID=788) to work on /opt/airflow/dags/comptage_dag.py
[2026-09-25T09:28:38.420+0000] {processor.py:914} INFO - Processing file /opt/airflow/dags/comptage_dag.py for tasks to queue
[2026-09-25T09:28:38.423+0000] {logging_mixin.py:190} INFO - [2026-09-25T09:28:38.422+0000] {dagbag.py:588} INFO - Filling up the DagBag from /opt/airflow/dags/comptage_dag.py
[2026-09-25T09:28:38.427+0000] {logging_mixin.py:190} INFO - [2026-09-25T09:28:38.426+0000] {dagbag.py:387} ERROR - Failed to import: /opt/airflow/dags/comptage_dag.py
Traceback (most recent call last):
  File "/home/airflow/.local/lib/python3.12/site-packages/airflow/models/dagbag.py", line 383, in parse
    loader.exec_module(new_module)
  File "<frozen importlib._bootstrap_external>", line 999, in exec_module
  File "<frozen importlib._bootstrap>", line 488, in _call_with_frames_removed
  File "/opt/airflow/dags/comptage_dag.py", line 2, in <module>
    from airflow.sdk import dag, task
ModuleNotFoundError: No module named 'airflow.sdk'
[2026-09-25T09:28:38.427+0000] {processor.py:927} WARNING - No viable dags retrieved from /opt/airflow/dags/comptage_dag.py
[2026-09-25T09:28:38.442+0000] {processor.py:208} INFO - Processing /opt/airflow/dags/comptage_dag.py took 0.028 seconds
[2026-09-25T09:29:08.553+0000] {processor.py:186} INFO - Started process (PID=805) to work on /opt/airflow/dags/comptage_dag.py
[2026-09-25T09:29:08.553+0000] {processor.py:914} INFO - Processing file /opt/airflow/dags/comptage_dag.py for tasks to queue
[2026-09-25T09:29:08.556+0000] {logging_mixin.py:190} INFO - [2026-09-25T09:29:08.555+0000] {dagbag.py:588} INFO - Filling up the DagBag from /opt/airflow/dags/comptage_dag.py
[2026-09-25T09:29:08.558+0000] {logging_mixin.py:190} INFO - [2026-09-25T09:29:08.557+0000] {dagbag.py:387} ERROR - Failed to import: /opt/airflow/dags/comptage_dag.py
Traceback (most recent call last):
  File "/home/airflow/.local/lib/python3.12/site-packages/airflow/models/dagbag.py", line 383, in parse
    loader.exec_module(new_module)
  File "<frozen importlib._bootstrap_external>", line 999, in exec_module
  File "<frozen importlib._bootstrap>", line 488, in _call_with_frames_removed
  File "/opt/airflow/dags/comptage_dag.py", line 2, in <module>
    from airflow.sdk import dag, task
ModuleNotFoundError: No module named 'airflow.sdk'
[2026-09-25T09:29:08.558+0000] {processor.py:927} WARNING - No viable dags retrieved from /opt/airflow/dags/comptage_dag.py
[2026-09-25T09:29:08.572+0000] {processor.py:208} INFO - Processing /opt/airflow/dags/comptage_dag.py took 0.026 seconds
[2026-09-25T09:29:38.726+0000] {processor.py:186} INFO - Started process (PID=830) to work on /opt/airflow/dags/comptage_dag.py
[2026-09-25T09:29:38.726+0000] {processor.py:914} INFO - Processing file /opt/airflow/dags/comptage_dag.py for tasks to queue
[2026-09-25T09:29:38.729+0000] {logging_mixin.py:190} INFO - [2026-09-25T09:29:38.728+0000] {dagbag.py:588} INFO - Filling up the DagBag from /opt/airflow/dags/comptage_dag.py
[2026-09-25T09:29:38.731+0000] {logging_mixin.py:190} INFO - [2026-09-25T09:29:38.730+0000] {dagbag.py:387} ERROR - Failed to import: /opt/airflow/dags/comptage_dag.py
Traceback (most recent call last):
  File "/home/airflow/.local/lib/python3.12/site-packages/airflow/models/dagbag.py", line 383, in parse
    loader.exec_module(new_module)
  File "<frozen importlib._bootstrap_external>", line 999, in exec_module
  File "<frozen importlib._bootstrap>", line 488, in _call_with_frames_removed
  File "/opt/airflow/dags/comptage_dag.py", line 2, in <module>
    from airflow.sdk import dag, task
ModuleNotFoundError: No module named 'airflow.sdk'
[2026-09-25T09:29:38.732+0000] {processor.py:927} WARNING - No viable dags retrieved from /opt/airflow/dags/comptage_dag.py
[2026-09-25T09:29:38.747+0000] {processor.py:208} INFO - Processing /opt/airflow/dags/comptage_dag.py took 0.031 seconds
[2026-09-25T09:30:08.920+0000] {processor.py:186} INFO - Started process (PID=848) to work on /opt/airflow/dags/comptage_dag.py
[2026-09-25T09:30:08.920+0000] {processor.py:914} INFO - Processing file /opt/airflow/dags/comptage_dag.py for tasks to queue
[2026-09-25T09:30:08.922+0000] {logging_mixin.py:190} INFO - [2026-09-25T09:30:08.922+0000] {dagbag.py:588} INFO - Filling up the DagBag from /opt/airflow/dags/comptage_dag.py
[2026-09-25T09:30:08.924+0000] {logging_mixin.py:190} INFO - [2026-09-25T09:30:08.923+0000] {dagbag.py:387} ERROR - Failed to import: /opt/airflow/dags/comptage_dag.py
Traceback (most recent call last):
  File "/home/airflow/.local/lib/python3.12/site-packages/airflow/models/dagbag.py", line 383, in parse
    loader.exec_module(new_module)
  File "<frozen importlib._bootstrap_external>", line 999, in exec_module
  File "<frozen importlib._bootstrap>", line 488, in _call_with_frames_removed
  File "/opt/airflow/dags/comptage_dag.py", line 2, in <module>
    from airflow.sdk import dag, task
ModuleNotFoundError: No module named 'airflow.sdk'
[2026-09-25T09:30:08.925+0000] {processor.py:927} WARNING - No viable dags retrieved from /opt/airflow/dags/comptage_dag.py
[2026-09-25T09:30:08.940+0000] {processor.py:208} INFO - Processing /opt/airflow/dags/comptage_dag.py took 0.031 seconds
[2026-09-25T09:30:39.096+0000] {processor.py:186} INFO - Started process (PID=865) to work on /opt/airflow/dags/comptage_dag.py
[2026-09-25T09:30:39.101+0000] {processor.py:914} INFO - Processing file /opt/airflow/dags/comptage_dag.py for tasks to queue
[2026-09-25T09:30:39.103+0000] {logging_mixin.py:190} INFO - [2026-09-25T09:30:39.102+0000] {dagbag.py:588} INFO - Filling up the DagBag from /opt/airflow/dags/comptage_dag.py
[2026-09-25T09:30:39.105+0000] {logging_mixin.py:190} INFO - [2026-09-25T09:30:39.104+0000] {dagbag.py:387} ERROR - Failed to import: /opt/airflow/dags/comptage_dag.py
Traceback (most recent call last):
  File "/home/airflow/.local/lib/python3.12/site-packages/airflow/models/dagbag.py", line 383, in parse
    loader.exec_module(new_module)
  File "<frozen importlib._bootstrap_external>", line 999, in exec_module
  File "<frozen importlib._bootstrap>", line 488, in _call_with_frames_removed
  File "/opt/airflow/dags/comptage_dag.py", line 2, in <module>
    from airflow.sdk import dag, task
ModuleNotFoundError: No module named 'airflow.sdk'
[2026-09-25T09:30:39.105+0000] {processor.py:927} WARNING - No viable dags retrieved from /opt/airflow/dags/comptage_dag.py
[2026-09-25T09:30:39.116+0000] {processor.py:208} INFO - Processing /opt/airflow/dags/comptage_dag.py took 0.024 seconds
[2026-09-25T09:31:09.302+0000] {processor.py:186} INFO - Started process (PID=890) to work on /opt/airflow/dags/comptage_dag.py
[2026-09-25T09:31:09.303+0000] {processor.py:914} INFO - Processing file /opt/airflow/dags/comptage_dag.py for tasks to queue
[2026-09-25T09:31:09.304+0000] {logging_mixin.py:190} INFO - [2026-09-25T09:31:09.304+0000] {dagbag.py:588} INFO - Filling up the DagBag from /opt/airflow/dags/comptage_dag.py
[2026-09-25T09:31:09.306+0000] {logging_mixin.py:190} INFO - [2026-09-25T09:31:09.306+0000] {dagbag.py:387} ERROR - Failed to import: /opt/airflow/dags/comptage_dag.py
Traceback (most recent call last):
  File "/home/airflow/.local/lib/python3.12/site-packages/airflow/models/dagbag.py", line 383, in parse
    loader.exec_module(new_module)
  File "<frozen importlib._bootstrap_external>", line 999, in exec_module
  File "<frozen importlib._bootstrap>", line 488, in _call_with_frames_removed
  File "/opt/airflow/dags/comptage_dag.py", line 2, in <module>
    from airflow.sdk import dag, task
ModuleNotFoundError: No module named 'airflow.sdk'
[2026-09-25T09:31:09.307+0000] {processor.py:927} WARNING - No viable dags retrieved from /opt/airflow/dags/comptage_dag.py
[2026-09-25T09:31:09.318+0000] {processor.py:208} INFO - Processing /opt/airflow/dags/comptage_dag.py took 0.020 seconds
[2026-09-25T09:31:39.523+0000] {processor.py:186} INFO - Started process (PID=907) to work on /opt/airflow/dags/comptage_dag.py
[2026-09-25T09:31:39.524+0000] {processor.py:914} INFO - Processing file /opt/airflow/dags/comptage_dag.py for tasks to queue
[2026-09-25T09:31:39.525+0000] {logging_mixin.py:190} INFO - [2026-09-25T09:31:39.525+0000] {dagbag.py:588} INFO - Filling up the DagBag from /opt/airflow/dags/comptage_dag.py
[2026-09-25T09:31:39.527+0000] {logging_mixin.py:190} INFO - [2026-09-25T09:31:39.527+0000] {dagbag.py:387} ERROR - Failed to import: /opt/airflow/dags/comptage_dag.py
Traceback (most recent call last):
  File "/home/airflow/.local/lib/python3.12/site-packages/airflow/models/dagbag.py", line 383, in parse
    loader.exec_module(new_module)
  File "<frozen importlib._bootstrap_external>", line 999, in exec_module
  File "<frozen importlib._bootstrap>", line 488, in _call_with_frames_removed
  File "/opt/airflow/dags/comptage_dag.py", line 2, in <module>
    from airflow.sdk import dag, task
ModuleNotFoundError: No module named 'airflow.sdk'
[2026-09-25T09:31:39.528+0000] {processor.py:927} WARNING - No viable dags retrieved from /opt/airflow/dags/comptage_dag.py
[2026-09-25T09:31:39.539+0000] {processor.py:208} INFO - Processing /opt/airflow/dags/comptage_dag.py took 0.021 seconds
[2026-09-25T09:32:09.706+0000] {processor.py:186} INFO - Started process (PID=931) to work on /opt/airflow/dags/comptage_dag.py
[2026-09-25T09:32:09.707+0000] {processor.py:914} INFO - Processing file /opt/airflow/dags/comptage_dag.py for tasks to queue
[2026-09-25T09:32:09.709+0000] {logging_mixin.py:190} INFO - [2026-09-25T09:32:09.709+0000] {dagbag.py:588} INFO - Filling up the DagBag from /opt/airflow/dags/comptage_dag.py
[2026-09-25T09:32:09.714+0000] {logging_mixin.py:190} INFO - [2026-09-25T09:32:09.712+0000] {dagbag.py:387} ERROR - Failed to import: /opt/airflow/dags/comptage_dag.py
Traceback (most recent call last):
  File "/home/airflow/.local/lib/python3.12/site-packages/airflow/models/dagbag.py", line 383, in parse
    loader.exec_module(new_module)
  File "<frozen importlib._bootstrap_external>", line 999, in exec_module
  File "<frozen importlib._bootstrap>", line 488, in _call_with_frames_removed
  File "/opt/airflow/dags/comptage_dag.py", line 2, in <module>
    from airflow.sdk import dag, task
ModuleNotFoundError: No module named 'airflow.sdk'
[2026-09-25T09:32:09.714+0000] {processor.py:927} WARNING - No viable dags retrieved from /opt/airflow/dags/comptage_dag.py
[2026-09-25T09:32:09.733+0000] {processor.py:208} INFO - Processing /opt/airflow/dags/comptage_dag.py took 0.036 seconds
[2026-09-25T09:32:39.895+0000] {processor.py:186} INFO - Started process (PID=949) to work on /opt/airflow/dags/comptage_dag.py
[2026-09-25T09:32:39.896+0000] {processor.py:914} INFO - Processing file /opt/airflow/dags/comptage_dag.py for tasks to queue
[2026-09-25T09:32:39.897+0000] {logging_mixin.py:190} INFO - [2026-09-25T09:32:39.897+0000] {dagbag.py:588} INFO - Filling up the DagBag from /opt/airflow/dags/comptage_dag.py
[2026-09-25T09:32:39.900+0000] {logging_mixin.py:190} INFO - [2026-09-25T09:32:39.899+0000] {dagbag.py:387} ERROR - Failed to import: /opt/airflow/dags/comptage_dag.py
Traceback (most recent call last):
  File "/home/airflow/.local/lib/python3.12/site-packages/airflow/models/dagbag.py", line 383, in parse
    loader.exec_module(new_module)
  File "<frozen importlib._bootstrap_external>", line 999, in exec_module
  File "<frozen importlib._bootstrap>", line 488, in _call_with_frames_removed
  File "/opt/airflow/dags/comptage_dag.py", line 2, in <module>
    from airflow.sdk import dag, task
ModuleNotFoundError: No module named 'airflow.sdk'
[2026-09-25T09:32:39.901+0000] {processor.py:927} WARNING - No viable dags retrieved from /opt/airflow/dags/comptage_dag.py
[2026-09-25T09:32:39.913+0000] {processor.py:208} INFO - Processing /opt/airflow/dags/comptage_dag.py took 0.022 seconds
[2026-09-25T09:33:10.102+0000] {processor.py:186} INFO - Started process (PID=966) to work on /opt/airflow/dags/comptage_dag.py
[2026-09-25T09:33:10.103+0000] {processor.py:914} INFO - Processing file /opt/airflow/dags/comptage_dag.py for tasks to queue
[2026-09-25T09:33:10.106+0000] {logging_mixin.py:190} INFO - [2026-09-25T09:33:10.105+0000] {dagbag.py:588} INFO - Filling up the DagBag from /opt/airflow/dags/comptage_dag.py
[2026-09-25T09:33:10.110+0000] {logging_mixin.py:190} INFO - [2026-09-25T09:33:10.109+0000] {dagbag.py:387} ERROR - Failed to import: /opt/airflow/dags/comptage_dag.py
Traceback (most recent call last):
  File "/home/airflow/.local/lib/python3.12/site-packages/airflow/models/dagbag.py", line 383, in parse
    loader.exec_module(new_module)
  File "<frozen importlib._bootstrap_external>", line 999, in exec_module
  File "<frozen importlib._bootstrap>", line 488, in _call_with_frames_removed
  File "/opt/airflow/dags/comptage_dag.py", line 2, in <module>
    from airflow.sdk import dag, task
ModuleNotFoundError: No module named 'airflow.sdk'
[2026-09-25T09:33:10.110+0000] {processor.py:927} WARNING - No viable dags retrieved from /opt/airflow/dags/comptage_dag.py
[2026-09-25T09:33:10.124+0000] {processor.py:208} INFO - Processing /opt/airflow/dags/comptage_dag.py took 0.026 seconds
[2026-09-25T09:33:40.315+0000] {processor.py:186} INFO - Started process (PID=991) to work on /opt/airflow/dags/comptage_dag.py
[2026-09-25T09:33:40.321+0000] {processor.py:914} INFO - Processing file /opt/airflow/dags/comptage_dag.py for tasks to queue
[2026-09-25T09:33:40.323+0000] {logging_mixin.py:190} INFO - [2026-09-25T09:33:40.323+0000] {dagbag.py:588} INFO - Filling up the DagBag from /opt/airflow/dags/comptage_dag.py
[2026-09-25T09:33:40.326+0000] {logging_mixin.py:190} INFO - [2026-09-25T09:33:40.325+0000] {dagbag.py:387} ERROR - Failed to import: /opt/airflow/dags/comptage_dag.py
Traceback (most recent call last):
  File "/home/airflow/.local/lib/python3.12/site-packages/airflow/models/dagbag.py", line 383, in parse
    loader.exec_module(new_module)
  File "<frozen importlib._bootstrap_external>", line 999, in exec_module
  File "<frozen importlib._bootstrap>", line 488, in _call_with_frames_removed
  File "/opt/airflow/dags/comptage_dag.py", line 2, in <module>
    from airflow.sdk import dag, task
ModuleNotFoundError: No module named 'airflow.sdk'
[2026-09-25T09:33:40.327+0000] {processor.py:927} WARNING - No viable dags retrieved from /opt/airflow/dags/comptage_dag.py
[2026-09-25T09:33:40.341+0000] {processor.py:208} INFO - Processing /opt/airflow/dags/comptage_dag.py took 0.031 seconds
[2026-09-25T09:34:10.522+0000] {processor.py:186} INFO - Started process (PID=1008) to work on /opt/airflow/dags/comptage_dag.py
[2026-09-25T09:34:10.522+0000] {processor.py:914} INFO - Processing file /opt/airflow/dags/comptage_dag.py for tasks to queue
[2026-09-25T09:34:10.524+0000] {logging_mixin.py:190} INFO - [2026-09-25T09:34:10.524+0000] {dagbag.py:588} INFO - Filling up the DagBag from /opt/airflow/dags/comptage_dag.py
[2026-09-25T09:34:10.526+0000] {logging_mixin.py:190} INFO - [2026-09-25T09:34:10.525+0000] {dagbag.py:387} ERROR - Failed to import: /opt/airflow/dags/comptage_dag.py
Traceback (most recent call last):
  File "/home/airflow/.local/lib/python3.12/site-packages/airflow/models/dagbag.py", line 383, in parse
    loader.exec_module(new_module)
  File "<frozen importlib._bootstrap_external>", line 999, in exec_module
  File "<frozen importlib._bootstrap>", line 488, in _call_with_frames_removed
  File "/opt/airflow/dags/comptage_dag.py", line 2, in <module>
    from airflow.sdk import dag, task
ModuleNotFoundError: No module named 'airflow.sdk'
[2026-09-25T09:34:10.526+0000] {processor.py:927} WARNING - No viable dags retrieved from /opt/airflow/dags/comptage_dag.py
[2026-09-25T09:34:10.538+0000] {processor.py:208} INFO - Processing /opt/airflow/dags/comptage_dag.py took 0.022 seconds
[2026-09-25T09:34:40.685+0000] {processor.py:186} INFO - Started process (PID=1025) to work on /opt/airflow/dags/comptage_dag.py
[2026-09-25T09:34:40.686+0000] {processor.py:914} INFO - Processing file /opt/airflow/dags/comptage_dag.py for tasks to queue
[2026-09-25T09:34:40.688+0000] {logging_mixin.py:190} INFO - [2026-09-25T09:34:40.687+0000] {dagbag.py:588} INFO - Filling up the DagBag from /opt/airflow/dags/comptage_dag.py
[2026-09-25T09:34:40.690+0000] {logging_mixin.py:190} INFO - [2026-09-25T09:34:40.690+0000] {dagbag.py:387} ERROR - Failed to import: /opt/airflow/dags/comptage_dag.py
Traceback (most recent call last):
  File "/home/airflow/.local/lib/python3.12/site-packages/airflow/models/dagbag.py", line 383, in parse
    loader.exec_module(new_module)
  File "<frozen importlib._bootstrap_external>", line 999, in exec_module
  File "<frozen importlib._bootstrap>", line 488, in _call_with_frames_removed
  File "/opt/airflow/dags/comptage_dag.py", line 2, in <module>
    from airflow.sdk import dag, task
ModuleNotFoundError: No module named 'airflow.sdk'
[2026-09-25T09:34:40.691+0000] {processor.py:927} WARNING - No viable dags retrieved from /opt/airflow/dags/comptage_dag.py
[2026-09-25T09:34:40.703+0000] {processor.py:208} INFO - Processing /opt/airflow/dags/comptage_dag.py took 0.022 seconds
[2026-09-25T09:35:10.843+0000] {processor.py:186} INFO - Started process (PID=1050) to work on /opt/airflow/dags/comptage_dag.py
[2026-09-25T09:35:10.843+0000] {processor.py:914} INFO - Processing file /opt/airflow/dags/comptage_dag.py for tasks to queue
[2026-09-25T09:35:10.845+0000] {logging_mixin.py:190} INFO - [2026-09-25T09:35:10.845+0000] {dagbag.py:588} INFO - Filling up the DagBag from /opt/airflow/dags/comptage_dag.py
[2026-09-25T09:35:10.847+0000] {logging_mixin.py:190} INFO - [2026-09-25T09:35:10.846+0000] {dagbag.py:387} ERROR - Failed to import: /opt/airflow/dags/comptage_dag.py
Traceback (most recent call last):
  File "/home/airflow/.local/lib/python3.12/site-packages/airflow/models/dagbag.py", line 383, in parse
    loader.exec_module(new_module)
  File "<frozen importlib._bootstrap_external>", line 999, in exec_module
  File "<frozen importlib._bootstrap>", line 488, in _call_with_frames_removed
  File "/opt/airflow/dags/comptage_dag.py", line 2, in <module>
    from airflow.sdk import dag, task
ModuleNotFoundError: No module named 'airflow.sdk'
[2026-09-25T09:35:10.848+0000] {processor.py:927} WARNING - No viable dags retrieved from /opt/airflow/dags/comptage_dag.py
[2026-09-25T09:35:10.859+0000] {processor.py:208} INFO - Processing /opt/airflow/dags/comptage_dag.py took 0.021 seconds
[2026-09-25T09:35:41.010+0000] {processor.py:186} INFO - Started process (PID=1067) to work on /opt/airflow/dags/comptage_dag.py
[2026-09-25T09:35:41.012+0000] {processor.py:914} INFO - Processing file /opt/airflow/dags/comptage_dag.py for tasks to queue
[2026-09-25T09:35:41.015+0000] {logging_mixin.py:190} INFO - [2026-09-25T09:35:41.015+0000] {dagbag.py:588} INFO - Filling up the DagBag from /opt/airflow/dags/comptage_dag.py
[2026-09-25T09:35:41.021+0000] {logging_mixin.py:190} INFO - [2026-09-25T09:35:41.019+0000] {dagbag.py:387} ERROR - Failed to import: /opt/airflow/dags/comptage_dag.py
Traceback (most recent call last):
  File "/home/airflow/.local/lib/python3.12/site-packages/airflow/models/dagbag.py", line 383, in parse
    loader.exec_module(new_module)
  File "<frozen importlib._bootstrap_external>", line 999, in exec_module
  File "<frozen importlib._bootstrap>", line 488, in _call_with_frames_removed
  File "/opt/airflow/dags/comptage_dag.py", line 2, in <module>
    from airflow.sdk import dag, task
ModuleNotFoundError: No module named 'airflow.sdk'
[2026-09-25T09:35:41.022+0000] {processor.py:927} WARNING - No viable dags retrieved from /opt/airflow/dags/comptage_dag.py
[2026-09-25T09:35:41.056+0000] {processor.py:208} INFO - Processing /opt/airflow/dags/comptage_dag.py took 0.056 seconds
[2026-09-25T09:36:06.192+0000] {processor.py:186} INFO - Started process (PID=1084) to work on /opt/airflow/dags/comptage_dag.py
[2026-09-25T09:36:06.193+0000] {processor.py:914} INFO - Processing file /opt/airflow/dags/comptage_dag.py for tasks to queue
[2026-09-25T09:36:06.198+0000] {logging_mixin.py:190} INFO - [2026-09-25T09:36:06.197+0000] {dagbag.py:588} INFO - Filling up the DagBag from /opt/airflow/dags/comptage_dag.py
[2026-09-25T09:36:06.214+0000] {processor.py:925} INFO - DAG(s) 'comptage_dag' retrieved from /opt/airflow/dags/comptage_dag.py
[2026-09-25T09:36:06.431+0000] {logging_mixin.py:190} INFO - [2026-09-25T09:36:06.430+0000] {override.py:1912} INFO - Created Permission View: can read on DAG:comptage_dag
[2026-09-25T09:36:06.444+0000] {logging_mixin.py:190} INFO - [2026-09-25T09:36:06.443+0000] {override.py:1912} INFO - Created Permission View: can delete on DAG:comptage_dag
[2026-09-25T09:36:06.448+0000] {logging_mixin.py:190} INFO - [2026-09-25T09:36:06.448+0000] {override.py:1912} INFO - Created Permission View: can edit on DAG:comptage_dag
[2026-09-25T09:36:06.452+0000] {logging_mixin.py:190} INFO - [2026-09-25T09:36:06.452+0000] {override.py:1912} INFO - Created Permission View: can create on DAG Run:comptage_dag
[2026-09-25T09:36:06.456+0000] {logging_mixin.py:190} INFO - [2026-09-25T09:36:06.456+0000] {override.py:1912} INFO - Created Permission View: can read on DAG Run:comptage_dag
[2026-09-25T09:36:06.460+0000] {logging_mixin.py:190} INFO - [2026-09-25T09:36:06.460+0000] {override.py:1912} INFO - Created Permission View: can delete on DAG Run:comptage_dag
[2026-09-25T09:36:06.464+0000] {logging_mixin.py:190} INFO - [2026-09-25T09:36:06.464+0000] {override.py:1912} INFO - Created Permission View: menu access on DAG Run:comptage_dag
[2026-09-25T09:36:06.464+0000] {logging_mixin.py:190} INFO - [2026-09-25T09:36:06.464+0000] {dag.py:3239} INFO - Sync 1 DAGs
[2026-09-25T09:36:06.473+0000] {logging_mixin.py:190} INFO - [2026-09-25T09:36:06.473+0000] {dag.py:3262} INFO - Creating ORM DAG for comptage_dag
[2026-09-25T09:36:06.483+0000] {logging_mixin.py:190} INFO - [2026-09-25T09:36:06.483+0000] {dag.py:4180} INFO - Setting next_dagrun for comptage_dag to 2026-09-24 00:00:00+00:00, run_after=2026-09-25 00:00:00+00:00
[2026-09-25T09:36:06.494+0000] {processor.py:208} INFO - Processing /opt/airflow/dags/comptage_dag.py took 0.306 seconds
[2026-09-25T09:36:36.642+0000] {processor.py:186} INFO - Started process (PID=1108) to work on /opt/airflow/dags/comptage_dag.py
[2026-09-25T09:36:36.643+0000] {processor.py:914} INFO - Processing file /opt/airflow/dags/comptage_dag.py for tasks to queue
[2026-09-25T09:36:36.647+0000] {logging_mixin.py:190} INFO - [2026-09-25T09:36:36.647+0000] {dagbag.py:588} INFO - Filling up the DagBag from /opt/airflow/dags/comptage_dag.py
[2026-09-25T09:36:36.658+0000] {processor.py:925} INFO - DAG(s) 'comptage_dag' retrieved from /opt/airflow/dags/comptage_dag.py
[2026-09-25T09:36:36.679+0000] {logging_mixin.py:190} INFO - [2026-09-25T09:36:36.679+0000] {dag.py:3239} INFO - Sync 1 DAGs
[2026-09-25T09:36:36.708+0000] {logging_mixin.py:190} INFO - [2026-09-25T09:36:36.707+0000] {dag.py:4180} INFO - Setting next_dagrun for comptage_dag to 2026-09-25 00:00:00+00:00, run_after=2026-09-26 00:00:00+00:00
[2026-09-25T09:36:36.733+0000] {processor.py:208} INFO - Processing /opt/airflow/dags/comptage_dag.py took 0.100 seconds
[2026-09-25T09:37:06.769+0000] {processor.py:186} INFO - Started process (PID=1125) to work on /opt/airflow/dags/comptage_dag.py
[2026-09-25T09:37:06.770+0000] {processor.py:914} INFO - Processing file /opt/airflow/dags/comptage_dag.py for tasks to queue
[2026-09-25T09:37:06.772+0000] {logging_mixin.py:190} INFO - [2026-09-25T09:37:06.771+0000] {dagbag.py:588} INFO - Filling up the DagBag from /opt/airflow/dags/comptage_dag.py
[2026-09-25T09:37:06.780+0000] {processor.py:925} INFO - DAG(s) 'comptage_dag' retrieved from /opt/airflow/dags/comptage_dag.py
[2026-09-25T09:37:06.795+0000] {logging_mixin.py:190} INFO - [2026-09-25T09:37:06.794+0000] {dag.py:3239} INFO - Sync 1 DAGs
[2026-09-25T09:37:06.816+0000] {logging_mixin.py:190} INFO - [2026-09-25T09:37:06.816+0000] {dag.py:4180} INFO - Setting next_dagrun for comptage_dag to 2026-09-25 00:00:00+00:00, run_after=2026-09-26 00:00:00+00:00
[2026-09-25T09:37:06.831+0000] {processor.py:208} INFO - Processing /opt/airflow/dags/comptage_dag.py took 0.066 seconds
[2026-09-25T09:37:36.906+0000] {processor.py:186} INFO - Started process (PID=1142) to work on /opt/airflow/dags/comptage_dag.py
[2026-09-25T09:37:36.907+0000] {processor.py:914} INFO - Processing file /opt/airflow/dags/comptage_dag.py for tasks to queue
[2026-09-25T09:37:36.909+0000] {logging_mixin.py:190} INFO - [2026-09-25T09:37:36.909+0000] {dagbag.py:588} INFO - Filling up the DagBag from /opt/airflow/dags/comptage_dag.py
[2026-09-25T09:37:36.917+0000] {processor.py:925} INFO - DAG(s) 'comptage_dag' retrieved from /opt/airflow/dags/comptage_dag.py
[2026-09-25T09:37:36.933+0000] {logging_mixin.py:190} INFO - [2026-09-25T09:37:36.933+0000] {dag.py:3239} INFO - Sync 1 DAGs
[2026-09-25T09:37:36.954+0000] {logging_mixin.py:190} INFO - [2026-09-25T09:37:36.954+0000] {dag.py:4180} INFO - Setting next_dagrun for comptage_dag to 2026-09-25 00:00:00+00:00, run_after=2026-09-26 00:00:00+00:00
[2026-09-25T09:37:36.968+0000] {processor.py:208} INFO - Processing /opt/airflow/dags/comptage_dag.py took 0.068 seconds
[2026-09-25T09:38:07.112+0000] {processor.py:186} INFO - Started process (PID=1166) to work on /opt/airflow/dags/comptage_dag.py
[2026-09-25T09:38:07.113+0000] {processor.py:914} INFO - Processing file /opt/airflow/dags/comptage_dag.py for tasks to queue
[2026-09-25T09:38:07.116+0000] {logging_mixin.py:190} INFO - [2026-09-25T09:38:07.116+0000] {dagbag.py:588} INFO - Filling up the DagBag from /opt/airflow/dags/comptage_dag.py
[2026-09-25T09:38:07.126+0000] {processor.py:925} INFO - DAG(s) 'comptage_dag' retrieved from /opt/airflow/dags/comptage_dag.py
[2026-09-25T09:38:07.143+0000] {logging_mixin.py:190} INFO - [2026-09-25T09:38:07.142+0000] {dag.py:3239} INFO - Sync 1 DAGs
[2026-09-25T09:38:07.163+0000] {logging_mixin.py:190} INFO - [2026-09-25T09:38:07.163+0000] {dag.py:4180} INFO - Setting next_dagrun for comptage_dag to 2026-09-25 00:00:00+00:00, run_after=2026-09-26 00:00:00+00:00
[2026-09-25T09:38:07.179+0000] {processor.py:208} INFO - Processing /opt/airflow/dags/comptage_dag.py took 0.075 seconds
[2026-09-25T09:38:37.253+0000] {processor.py:186} INFO - Started process (PID=1184) to work on /opt/airflow/dags/comptage_dag.py
[2026-09-25T09:38:37.253+0000] {processor.py:914} INFO - Processing file /opt/airflow/dags/comptage_dag.py for tasks to queue
[2026-09-25T09:38:37.256+0000] {logging_mixin.py:190} INFO - [2026-09-25T09:38:37.255+0000] {dagbag.py:588} INFO - Filling up the DagBag from /opt/airflow/dags/comptage_dag.py
[2026-09-25T09:38:37.263+0000] {processor.py:925} INFO - DAG(s) 'comptage_dag' retrieved from /opt/airflow/dags/comptage_dag.py
[2026-09-25T09:38:37.276+0000] {logging_mixin.py:190} INFO - [2026-09-25T09:38:37.276+0000] {dag.py:3239} INFO - Sync 1 DAGs
[2026-09-25T09:38:37.295+0000] {logging_mixin.py:190} INFO - [2026-09-25T09:38:37.294+0000] {dag.py:4180} INFO - Setting next_dagrun for comptage_dag to 2026-09-25 00:00:00+00:00, run_after=2026-09-26 00:00:00+00:00
[2026-09-25T09:38:37.308+0000] {processor.py:208} INFO - Processing /opt/airflow/dags/comptage_dag.py took 0.060 seconds
[2026-09-25T09:39:07.457+0000] {processor.py:186} INFO - Started process (PID=1201) to work on /opt/airflow/dags/comptage_dag.py
[2026-09-25T09:39:07.458+0000] {processor.py:914} INFO - Processing file /opt/airflow/dags/comptage_dag.py for tasks to queue
[2026-09-25T09:39:07.460+0000] {logging_mixin.py:190} INFO - [2026-09-25T09:39:07.459+0000] {dagbag.py:588} INFO - Filling up the DagBag from /opt/airflow/dags/comptage_dag.py
[2026-09-25T09:39:07.466+0000] {processor.py:925} INFO - DAG(s) 'comptage_dag' retrieved from /opt/airflow/dags/comptage_dag.py
[2026-09-25T09:39:07.476+0000] {logging_mixin.py:190} INFO - [2026-09-25T09:39:07.476+0000] {dag.py:3239} INFO - Sync 1 DAGs
[2026-09-25T09:39:07.493+0000] {logging_mixin.py:190} INFO - [2026-09-25T09:39:07.493+0000] {dag.py:4180} INFO - Setting next_dagrun for comptage_dag to 2026-09-25 00:00:00+00:00, run_after=2026-09-26 00:00:00+00:00
[2026-09-25T09:39:07.503+0000] {processor.py:208} INFO - Processing /opt/airflow/dags/comptage_dag.py took 0.050 seconds
[2026-09-25T09:39:37.608+0000] {processor.py:186} INFO - Started process (PID=1225) to work on /opt/airflow/dags/comptage_dag.py
[2026-09-25T09:39:37.614+0000] {processor.py:914} INFO - Processing file /opt/airflow/dags/comptage_dag.py for tasks to queue
[2026-09-25T09:39:37.617+0000] {logging_mixin.py:190} INFO - [2026-09-25T09:39:37.616+0000] {dagbag.py:588} INFO - Filling up the DagBag from /opt/airflow/dags/comptage_dag.py
[2026-09-25T09:39:37.626+0000] {processor.py:925} INFO - DAG(s) 'comptage_dag' retrieved from /opt/airflow/dags/comptage_dag.py
[2026-09-25T09:39:37.644+0000] {logging_mixin.py:190} INFO - [2026-09-25T09:39:37.644+0000] {dag.py:3239} INFO - Sync 1 DAGs
[2026-09-25T09:39:37.667+0000] {logging_mixin.py:190} INFO - [2026-09-25T09:39:37.667+0000] {dag.py:4180} INFO - Setting next_dagrun for comptage_dag to 2026-09-25 00:00:00+00:00, run_after=2026-09-26 00:00:00+00:00
[2026-09-25T09:39:37.684+0000] {processor.py:208} INFO - Processing /opt/airflow/dags/comptage_dag.py took 0.082 seconds
[2026-09-25T09:40:07.770+0000] {processor.py:186} INFO - Started process (PID=1243) to work on /opt/airflow/dags/comptage_dag.py
[2026-09-25T09:40:07.770+0000] {processor.py:914} INFO - Processing file /opt/airflow/dags/comptage_dag.py for tasks to queue
[2026-09-25T09:40:07.773+0000] {logging_mixin.py:190} INFO - [2026-09-25T09:40:07.773+0000] {dagbag.py:588} INFO - Filling up the DagBag from /opt/airflow/dags/comptage_dag.py
[2026-09-25T09:40:07.782+0000] {processor.py:925} INFO - DAG(s) 'comptage_dag' retrieved from /opt/airflow/dags/comptage_dag.py
[2026-09-25T09:40:07.793+0000] {logging_mixin.py:190} INFO - [2026-09-25T09:40:07.793+0000] {dag.py:3239} INFO - Sync 1 DAGs
[2026-09-25T09:40:07.815+0000] {logging_mixin.py:190} INFO - [2026-09-25T09:40:07.814+0000] {dag.py:4180} INFO - Setting next_dagrun for comptage_dag to 2026-09-25 00:00:00+00:00, run_after=2026-09-26 00:00:00+00:00
[2026-09-25T09:40:07.826+0000] {processor.py:208} INFO - Processing /opt/airflow/dags/comptage_dag.py took 0.062 seconds
[2026-09-25T09:40:09.841+0000] {processor.py:186} INFO - Started process (PID=1244) to work on /opt/airflow/dags/comptage_dag.py
[2026-09-25T09:40:09.842+0000] {processor.py:914} INFO - Processing file /opt/airflow/dags/comptage_dag.py for tasks to queue
[2026-09-25T09:40:09.844+0000] {logging_mixin.py:190} INFO - [2026-09-25T09:40:09.844+0000] {dagbag.py:588} INFO - Filling up the DagBag from /opt/airflow/dags/comptage_dag.py
[2026-09-25T09:40:09.855+0000] {processor.py:925} INFO - DAG(s) 'comptage_dag' retrieved from /opt/airflow/dags/comptage_dag.py
[2026-09-25T09:40:10.032+0000] {logging_mixin.py:190} INFO - [2026-09-25T09:40:10.031+0000] {dag.py:3239} INFO - Sync 1 DAGs
[2026-09-25T09:40:10.061+0000] {logging_mixin.py:190} INFO - [2026-09-25T09:40:10.061+0000] {dag.py:4180} INFO - Setting next_dagrun for comptage_dag to 2026-09-25 00:00:00+00:00, run_after=2026-09-26 00:00:00+00:00
[2026-09-25T09:40:10.086+0000] {processor.py:208} INFO - Processing /opt/airflow/dags/comptage_dag.py took 0.250 seconds
[2026-09-25T09:40:40.257+0000] {processor.py:186} INFO - Started process (PID=1262) to work on /opt/airflow/dags/comptage_dag.py
[2026-09-25T09:40:40.257+0000] {processor.py:914} INFO - Processing file /opt/airflow/dags/comptage_dag.py for tasks to queue
[2026-09-25T09:40:40.260+0000] {logging_mixin.py:190} INFO - [2026-09-25T09:40:40.259+0000] {dagbag.py:588} INFO - Filling up the DagBag from /opt/airflow/dags/comptage_dag.py
[2026-09-25T09:40:40.269+0000] {processor.py:925} INFO - DAG(s) 'comptage_dag' retrieved from /opt/airflow/dags/comptage_dag.py
[2026-09-25T09:40:40.289+0000] {logging_mixin.py:190} INFO - [2026-09-25T09:40:40.289+0000] {dag.py:3239} INFO - Sync 1 DAGs
[2026-09-25T09:40:40.309+0000] {logging_mixin.py:190} INFO - [2026-09-25T09:40:40.309+0000] {dag.py:4180} INFO - Setting next_dagrun for comptage_dag to 2026-09-25 00:00:00+00:00, run_after=2026-09-26 00:00:00+00:00
[2026-09-25T09:40:40.322+0000] {processor.py:208} INFO - Processing /opt/airflow/dags/comptage_dag.py took 0.071 seconds
[2026-09-25T09:41:10.402+0000] {processor.py:186} INFO - Started process (PID=1280) to work on /opt/airflow/dags/comptage_dag.py
[2026-09-25T09:41:10.402+0000] {processor.py:914} INFO - Processing file /opt/airflow/dags/comptage_dag.py for tasks to queue
[2026-09-25T09:41:10.405+0000] {logging_mixin.py:190} INFO - [2026-09-25T09:41:10.405+0000] {dagbag.py:588} INFO - Filling up the DagBag from /opt/airflow/dags/comptage_dag.py
[2026-09-25T09:41:10.412+0000] {processor.py:925} INFO - DAG(s) 'comptage_dag' retrieved from /opt/airflow/dags/comptage_dag.py
[2026-09-25T09:41:10.430+0000] {logging_mixin.py:190} INFO - [2026-09-25T09:41:10.430+0000] {dag.py:3239} INFO - Sync 1 DAGs
[2026-09-25T09:41:10.448+0000] {logging_mixin.py:190} INFO - [2026-09-25T09:41:10.448+0000] {dag.py:4180} INFO - Setting next_dagrun for comptage_dag to 2026-09-25 00:00:00+00:00, run_after=2026-09-26 00:00:00+00:00
[2026-09-25T09:41:10.464+0000] {processor.py:208} INFO - Processing /opt/airflow/dags/comptage_dag.py took 0.067 seconds
[2026-09-25T09:41:40.594+0000] {processor.py:186} INFO - Started process (PID=1305) to work on /opt/airflow/dags/comptage_dag.py
[2026-09-25T09:41:40.594+0000] {processor.py:914} INFO - Processing file /opt/airflow/dags/comptage_dag.py for tasks to queue
[2026-09-25T09:41:40.596+0000] {logging_mixin.py:190} INFO - [2026-09-25T09:41:40.596+0000] {dagbag.py:588} INFO - Filling up the DagBag from /opt/airflow/dags/comptage_dag.py
[2026-09-25T09:41:40.604+0000] {processor.py:925} INFO - DAG(s) 'comptage_dag' retrieved from /opt/airflow/dags/comptage_dag.py
[2026-09-25T09:41:40.620+0000] {logging_mixin.py:190} INFO - [2026-09-25T09:41:40.620+0000] {dag.py:3239} INFO - Sync 1 DAGs
[2026-09-25T09:41:40.637+0000] {logging_mixin.py:190} INFO - [2026-09-25T09:41:40.637+0000] {dag.py:4180} INFO - Setting next_dagrun for comptage_dag to 2026-09-25 00:00:00+00:00, run_after=2026-09-26 00:00:00+00:00
[2026-09-25T09:41:40.648+0000] {processor.py:208} INFO - Processing /opt/airflow/dags/comptage_dag.py took 0.059 seconds
[2026-09-25T09:42:10.797+0000] {processor.py:186} INFO - Started process (PID=1321) to work on /opt/airflow/dags/comptage_dag.py
[2026-09-25T09:42:10.798+0000] {processor.py:914} INFO - Processing file /opt/airflow/dags/comptage_dag.py for tasks to queue
[2026-09-25T09:42:10.800+0000] {logging_mixin.py:190} INFO - [2026-09-25T09:42:10.800+0000] {dagbag.py:588} INFO - Filling up the DagBag from /opt/airflow/dags/comptage_dag.py
[2026-09-25T09:42:10.810+0000] {processor.py:925} INFO - DAG(s) 'comptage_dag' retrieved from /opt/airflow/dags/comptage_dag.py
[2026-09-25T09:42:10.828+0000] {logging_mixin.py:190} INFO - [2026-09-25T09:42:10.828+0000] {dag.py:3239} INFO - Sync 1 DAGs
[2026-09-25T09:42:10.846+0000] {logging_mixin.py:190} INFO - [2026-09-25T09:42:10.846+0000] {dag.py:4180} INFO - Setting next_dagrun for comptage_dag to 2026-09-25 00:00:00+00:00, run_after=2026-09-26 00:00:00+00:00
[2026-09-25T09:42:10.858+0000] {processor.py:208} INFO - Processing /opt/airflow/dags/comptage_dag.py took 0.067 seconds
[2026-09-25T09:42:40.964+0000] {processor.py:186} INFO - Started process (PID=1338) to work on /opt/airflow/dags/comptage_dag.py
[2026-09-25T09:42:40.965+0000] {processor.py:914} INFO - Processing file /opt/airflow/dags/comptage_dag.py for tasks to queue
[2026-09-25T09:42:40.966+0000] {logging_mixin.py:190} INFO - [2026-09-25T09:42:40.966+0000] {dagbag.py:588} INFO - Filling up the DagBag from /opt/airflow/dags/comptage_dag.py
[2026-09-25T09:42:40.978+0000] {processor.py:925} INFO - DAG(s) 'comptage_dag' retrieved from /opt/airflow/dags/comptage_dag.py
[2026-09-25T09:42:40.999+0000] {logging_mixin.py:190} INFO - [2026-09-25T09:42:40.998+0000] {dag.py:3239} INFO - Sync 1 DAGs
[2026-09-25T09:42:41.021+0000] {logging_mixin.py:190} INFO - [2026-09-25T09:42:41.021+0000] {dag.py:4180} INFO - Setting next_dagrun for comptage_dag to 2026-09-25 00:00:00+00:00, run_after=2026-09-26 00:00:00+00:00
[2026-09-25T09:42:41.034+0000] {processor.py:208} INFO - Processing /opt/airflow/dags/comptage_dag.py took 0.079 seconds
[2026-09-25T09:42:51.041+0000] {processor.py:186} INFO - Started process (PID=1347) to work on /opt/airflow/dags/comptage_dag.py
[2026-09-25T09:42:51.041+0000] {processor.py:914} INFO - Processing file /opt/airflow/dags/comptage_dag.py for tasks to queue
[2026-09-25T09:42:51.043+0000] {logging_mixin.py:190} INFO - [2026-09-25T09:42:51.043+0000] {dagbag.py:588} INFO - Filling up the DagBag from /opt/airflow/dags/comptage_dag.py
[2026-09-25T09:42:51.050+0000] {processor.py:925} INFO - DAG(s) 'comptage_dag' retrieved from /opt/airflow/dags/comptage_dag.py
[2026-09-25T09:42:51.065+0000] {logging_mixin.py:190} INFO - [2026-09-25T09:42:51.065+0000] {dag.py:3239} INFO - Sync 1 DAGs
[2026-09-25T09:42:51.082+0000] {logging_mixin.py:190} INFO - [2026-09-25T09:42:51.082+0000] {dag.py:4180} INFO - Setting next_dagrun for comptage_dag to 2026-09-25 00:00:00+00:00, run_after=2026-09-26 00:00:00+00:00
[2026-09-25T09:42:51.093+0000] {processor.py:208} INFO - Processing /opt/airflow/dags/comptage_dag.py took 0.057 seconds
[2026-09-25T09:43:21.228+0000] {processor.py:186} INFO - Started process (PID=1364) to work on /opt/airflow/dags/comptage_dag.py
[2026-09-25T09:43:21.233+0000] {processor.py:914} INFO - Processing file /opt/airflow/dags/comptage_dag.py for tasks to queue
[2026-09-25T09:43:21.237+0000] {logging_mixin.py:190} INFO - [2026-09-25T09:43:21.237+0000] {dagbag.py:588} INFO - Filling up the DagBag from /opt/airflow/dags/comptage_dag.py
[2026-09-25T09:43:21.248+0000] {processor.py:925} INFO - DAG(s) 'comptage_dag' retrieved from /opt/airflow/dags/comptage_dag.py
[2026-09-25T09:43:21.266+0000] {logging_mixin.py:190} INFO - [2026-09-25T09:43:21.266+0000] {dag.py:3239} INFO - Sync 1 DAGs
[2026-09-25T09:43:21.282+0000] {logging_mixin.py:190} INFO - [2026-09-25T09:43:21.282+0000] {dag.py:4180} INFO - Setting next_dagrun for comptage_dag to 2026-09-25 00:00:00+00:00, run_after=2026-09-26 00:00:00+00:00
[2026-09-25T09:43:21.294+0000] {processor.py:208} INFO - Processing /opt/airflow/dags/comptage_dag.py took 0.070 seconds
[2026-09-25T09:43:51.371+0000] {processor.py:186} INFO - Started process (PID=1389) to work on /opt/airflow/dags/comptage_dag.py
[2026-09-25T09:43:51.371+0000] {processor.py:914} INFO - Processing file /opt/airflow/dags/comptage_dag.py for tasks to queue
[2026-09-25T09:43:51.373+0000] {logging_mixin.py:190} INFO - [2026-09-25T09:43:51.373+0000] {dagbag.py:588} INFO - Filling up the DagBag from /opt/airflow/dags/comptage_dag.py
[2026-09-25T09:43:51.383+0000] {processor.py:925} INFO - DAG(s) 'comptage_dag' retrieved from /opt/airflow/dags/comptage_dag.py
[2026-09-25T09:43:51.403+0000] {logging_mixin.py:190} INFO - [2026-09-25T09:43:51.403+0000] {dag.py:3239} INFO - Sync 1 DAGs
[2026-09-25T09:43:51.424+0000] {logging_mixin.py:190} INFO - [2026-09-25T09:43:51.424+0000] {dag.py:4180} INFO - Setting next_dagrun for comptage_dag to 2026-09-25 00:00:00+00:00, run_after=2026-09-26 00:00:00+00:00
[2026-09-25T09:43:51.441+0000] {processor.py:208} INFO - Processing /opt/airflow/dags/comptage_dag.py took 0.077 seconds
[2026-09-25T09:44:21.538+0000] {processor.py:186} INFO - Started process (PID=1406) to work on /opt/airflow/dags/comptage_dag.py
[2026-09-25T09:44:21.539+0000] {processor.py:914} INFO - Processing file /opt/airflow/dags/comptage_dag.py for tasks to queue
[2026-09-25T09:44:21.541+0000] {logging_mixin.py:190} INFO - [2026-09-25T09:44:21.541+0000] {dagbag.py:588} INFO - Filling up the DagBag from /opt/airflow/dags/comptage_dag.py
[2026-09-25T09:44:21.548+0000] {processor.py:925} INFO - DAG(s) 'comptage_dag' retrieved from /opt/airflow/dags/comptage_dag.py
[2026-09-25T09:44:21.563+0000] {logging_mixin.py:190} INFO - [2026-09-25T09:44:21.563+0000] {dag.py:3239} INFO - Sync 1 DAGs
[2026-09-25T09:44:21.579+0000] {logging_mixin.py:190} INFO - [2026-09-25T09:44:21.579+0000] {dag.py:4180} INFO - Setting next_dagrun for comptage_dag to 2026-09-25 00:00:00+00:00, run_after=2026-09-26 00:00:00+00:00
[2026-09-25T09:44:21.591+0000] {processor.py:208} INFO - Processing /opt/airflow/dags/comptage_dag.py took 0.057 seconds
[2026-09-25T09:44:32.631+0000] {processor.py:186} INFO - Started process (PID=1415) to work on /opt/airflow/dags/comptage_dag.py
[2026-09-25T09:44:32.632+0000] {processor.py:914} INFO - Processing file /opt/airflow/dags/comptage_dag.py for tasks to queue
[2026-09-25T09:44:32.635+0000] {logging_mixin.py:190} INFO - [2026-09-25T09:44:32.634+0000] {dagbag.py:588} INFO - Filling up the DagBag from /opt/airflow/dags/comptage_dag.py
[2026-09-25T09:44:32.646+0000] {processor.py:925} INFO - DAG(s) 'comptage_dag' retrieved from /opt/airflow/dags/comptage_dag.py
[2026-09-25T09:44:32.668+0000] {logging_mixin.py:190} INFO - [2026-09-25T09:44:32.668+0000] {dag.py:3239} INFO - Sync 1 DAGs
[2026-09-25T09:44:32.699+0000] {logging_mixin.py:190} INFO - [2026-09-25T09:44:32.698+0000] {dag.py:4180} INFO - Setting next_dagrun for comptage_dag to 2026-09-25 00:00:00+00:00, run_after=2026-09-26 00:00:00+00:00
[2026-09-25T09:44:32.738+0000] {processor.py:208} INFO - Processing /opt/airflow/dags/comptage_dag.py took 0.113 seconds
[2026-09-25T09:45:02.834+0000] {processor.py:186} INFO - Started process (PID=1432) to work on /opt/airflow/dags/comptage_dag.py
[2026-09-25T09:45:02.835+0000] {processor.py:914} INFO - Processing file /opt/airflow/dags/comptage_dag.py for tasks to queue
[2026-09-25T09:45:02.837+0000] {logging_mixin.py:190} INFO - [2026-09-25T09:45:02.837+0000] {dagbag.py:588} INFO - Filling up the DagBag from /opt/airflow/dags/comptage_dag.py
[2026-09-25T09:45:02.845+0000] {processor.py:925} INFO - DAG(s) 'comptage_dag' retrieved from /opt/airflow/dags/comptage_dag.py
[2026-09-25T09:45:02.860+0000] {logging_mixin.py:190} INFO - [2026-09-25T09:45:02.860+0000] {dag.py:3239} INFO - Sync 1 DAGs
[2026-09-25T09:45:02.877+0000] {logging_mixin.py:190} INFO - [2026-09-25T09:45:02.876+0000] {dag.py:4180} INFO - Setting next_dagrun for comptage_dag to 2026-09-25 00:00:00+00:00, run_after=2026-09-26 00:00:00+00:00
[2026-09-25T09:45:02.887+0000] {processor.py:208} INFO - Processing /opt/airflow/dags/comptage_dag.py took 0.057 seconds
[2026-09-25T09:45:33.073+0000] {processor.py:186} INFO - Started process (PID=1448) to work on /opt/airflow/dags/comptage_dag.py
[2026-09-25T09:45:33.074+0000] {processor.py:914} INFO - Processing file /opt/airflow/dags/comptage_dag.py for tasks to queue
[2026-09-25T09:45:33.076+0000] {logging_mixin.py:190} INFO - [2026-09-25T09:45:33.076+0000] {dagbag.py:588} INFO - Filling up the DagBag from /opt/airflow/dags/comptage_dag.py
[2026-09-25T09:45:33.086+0000] {processor.py:925} INFO - DAG(s) 'comptage_dag' retrieved from /opt/airflow/dags/comptage_dag.py
[2026-09-25T09:45:33.108+0000] {logging_mixin.py:190} INFO - [2026-09-25T09:45:33.108+0000] {dag.py:3239} INFO - Sync 1 DAGs
[2026-09-25T09:45:33.129+0000] {logging_mixin.py:190} INFO - [2026-09-25T09:45:33.129+0000] {dag.py:4180} INFO - Setting next_dagrun for comptage_dag to 2026-09-25 00:00:00+00:00, run_after=2026-09-26 00:00:00+00:00
[2026-09-25T09:45:33.143+0000] {processor.py:208} INFO - Processing /opt/airflow/dags/comptage_dag.py took 0.075 seconds
[2026-09-25T09:46:03.238+0000] {processor.py:186} INFO - Started process (PID=1472) to work on /opt/airflow/dags/comptage_dag.py
[2026-09-25T09:46:03.240+0000] {processor.py:914} INFO - Processing file /opt/airflow/dags/comptage_dag.py for tasks to queue
[2026-09-25T09:46:03.244+0000] {logging_mixin.py:190} INFO - [2026-09-25T09:46:03.244+0000] {dagbag.py:588} INFO - Filling up the DagBag from /opt/airflow/dags/comptage_dag.py
[2026-09-25T09:46:03.259+0000] {processor.py:925} INFO - DAG(s) 'comptage_dag' retrieved from /opt/airflow/dags/comptage_dag.py
[2026-09-25T09:46:03.288+0000] {logging_mixin.py:190} INFO - [2026-09-25T09:46:03.287+0000] {dag.py:3239} INFO - Sync 1 DAGs
[2026-09-25T09:46:03.322+0000] {logging_mixin.py:190} INFO - [2026-09-25T09:46:03.322+0000] {dag.py:4180} INFO - Setting next_dagrun for comptage_dag to 2026-09-25 00:00:00+00:00, run_after=2026-09-26 00:00:00+00:00
[2026-09-25T09:46:03.343+0000] {processor.py:208} INFO - Processing /opt/airflow/dags/comptage_dag.py took 0.111 seconds
[2026-09-25T09:46:33.443+0000] {processor.py:186} INFO - Started process (PID=1490) to work on /opt/airflow/dags/comptage_dag.py
[2026-09-25T09:46:33.444+0000] {processor.py:914} INFO - Processing file /opt/airflow/dags/comptage_dag.py for tasks to queue
[2026-09-25T09:46:33.446+0000] {logging_mixin.py:190} INFO - [2026-09-25T09:46:33.445+0000] {dagbag.py:588} INFO - Filling up the DagBag from /opt/airflow/dags/comptage_dag.py
[2026-09-25T09:46:33.460+0000] {processor.py:925} INFO - DAG(s) 'comptage_dag' retrieved from /opt/airflow/dags/comptage_dag.py
[2026-09-25T09:46:33.484+0000] {logging_mixin.py:190} INFO - [2026-09-25T09:46:33.484+0000] {dag.py:3239} INFO - Sync 1 DAGs
[2026-09-25T09:46:33.500+0000] {logging_mixin.py:190} INFO - [2026-09-25T09:46:33.500+0000] {dag.py:4180} INFO - Setting next_dagrun for comptage_dag to 2026-09-25 00:00:00+00:00, run_after=2026-09-26 00:00:00+00:00
[2026-09-25T09:46:33.511+0000] {processor.py:208} INFO - Processing /opt/airflow/dags/comptage_dag.py took 0.073 seconds
[2026-09-25T09:46:40.551+0000] {processor.py:186} INFO - Started process (PID=1491) to work on /opt/airflow/dags/comptage_dag.py
[2026-09-25T09:46:40.553+0000] {processor.py:914} INFO - Processing file /opt/airflow/dags/comptage_dag.py for tasks to queue
[2026-09-25T09:46:40.557+0000] {logging_mixin.py:190} INFO - [2026-09-25T09:46:40.556+0000] {dagbag.py:588} INFO - Filling up the DagBag from /opt/airflow/dags/comptage_dag.py
[2026-09-25T09:46:40.573+0000] {processor.py:925} INFO - DAG(s) 'comptage_dag' retrieved from /opt/airflow/dags/comptage_dag.py
[2026-09-25T09:46:40.598+0000] {logging_mixin.py:190} INFO - [2026-09-25T09:46:40.598+0000] {dag.py:3239} INFO - Sync 1 DAGs
[2026-09-25T09:46:40.619+0000] {logging_mixin.py:190} INFO - [2026-09-25T09:46:40.619+0000] {dag.py:4180} INFO - Setting next_dagrun for comptage_dag to 2026-09-25 00:00:00+00:00, run_after=2026-09-26 00:00:00+00:00
[2026-09-25T09:46:40.631+0000] {processor.py:208} INFO - Processing /opt/airflow/dags/comptage_dag.py took 0.087 seconds
[2026-09-25T09:47:10.720+0000] {processor.py:186} INFO - Started process (PID=1515) to work on /opt/airflow/dags/comptage_dag.py
[2026-09-25T09:47:10.721+0000] {processor.py:914} INFO - Processing file /opt/airflow/dags/comptage_dag.py for tasks to queue
[2026-09-25T09:47:10.723+0000] {logging_mixin.py:190} INFO - [2026-09-25T09:47:10.723+0000] {dagbag.py:588} INFO - Filling up the DagBag from /opt/airflow/dags/comptage_dag.py
[2026-09-25T09:47:10.736+0000] {processor.py:925} INFO - DAG(s) 'comptage_dag' retrieved from /opt/airflow/dags/comptage_dag.py
[2026-09-25T09:47:10.759+0000] {logging_mixin.py:190} INFO - [2026-09-25T09:47:10.759+0000] {dag.py:3239} INFO - Sync 1 DAGs
[2026-09-25T09:47:10.785+0000] {logging_mixin.py:190} INFO - [2026-09-25T09:47:10.785+0000] {dag.py:4180} INFO - Setting next_dagrun for comptage_dag to 2026-09-25 00:00:00+00:00, run_after=2026-09-26 00:00:00+00:00
[2026-09-25T09:47:10.801+0000] {processor.py:208} INFO - Processing /opt/airflow/dags/comptage_dag.py took 0.087 seconds
[2026-09-25T09:47:40.922+0000] {processor.py:186} INFO - Started process (PID=1533) to work on /opt/airflow/dags/comptage_dag.py
[2026-09-25T09:47:40.922+0000] {processor.py:914} INFO - Processing file /opt/airflow/dags/comptage_dag.py for tasks to queue
[2026-09-25T09:47:40.924+0000] {logging_mixin.py:190} INFO - [2026-09-25T09:47:40.923+0000] {dagbag.py:588} INFO - Filling up the DagBag from /opt/airflow/dags/comptage_dag.py
[2026-09-25T09:47:40.934+0000] {processor.py:925} INFO - DAG(s) 'comptage_dag' retrieved from /opt/airflow/dags/comptage_dag.py
[2026-09-25T09:47:40.954+0000] {logging_mixin.py:190} INFO - [2026-09-25T09:47:40.954+0000] {dag.py:3239} INFO - Sync 1 DAGs
[2026-09-25T09:47:40.976+0000] {logging_mixin.py:190} INFO - [2026-09-25T09:47:40.976+0000] {dag.py:4180} INFO - Setting next_dagrun for comptage_dag to 2026-09-25 00:00:00+00:00, run_after=2026-09-26 00:00:00+00:00
[2026-09-25T09:47:40.989+0000] {processor.py:208} INFO - Processing /opt/airflow/dags/comptage_dag.py took 0.072 seconds
[2026-09-25T09:48:11.076+0000] {processor.py:186} INFO - Started process (PID=1551) to work on /opt/airflow/dags/comptage_dag.py
[2026-09-25T09:48:11.077+0000] {processor.py:914} INFO - Processing file /opt/airflow/dags/comptage_dag.py for tasks to queue
[2026-09-25T09:48:11.078+0000] {logging_mixin.py:190} INFO - [2026-09-25T09:48:11.078+0000] {dagbag.py:588} INFO - Filling up the DagBag from /opt/airflow/dags/comptage_dag.py
[2026-09-25T09:48:11.088+0000] {processor.py:925} INFO - DAG(s) 'comptage_dag' retrieved from /opt/airflow/dags/comptage_dag.py
[2026-09-25T09:48:11.108+0000] {logging_mixin.py:190} INFO - [2026-09-25T09:48:11.108+0000] {dag.py:3239} INFO - Sync 1 DAGs
[2026-09-25T09:48:11.133+0000] {logging_mixin.py:190} INFO - [2026-09-25T09:48:11.133+0000] {dag.py:4180} INFO - Setting next_dagrun for comptage_dag to 2026-09-25 00:00:00+00:00, run_after=2026-09-26 00:00:00+00:00
[2026-09-25T09:48:11.152+0000] {processor.py:208} INFO - Processing /opt/airflow/dags/comptage_dag.py took 0.080 seconds
[2026-09-25T09:48:41.279+0000] {processor.py:186} INFO - Started process (PID=1568) to work on /opt/airflow/dags/comptage_dag.py
[2026-09-25T09:48:41.279+0000] {processor.py:914} INFO - Processing file /opt/airflow/dags/comptage_dag.py for tasks to queue
[2026-09-25T09:48:41.281+0000] {logging_mixin.py:190} INFO - [2026-09-25T09:48:41.280+0000] {dagbag.py:588} INFO - Filling up the DagBag from /opt/airflow/dags/comptage_dag.py
[2026-09-25T09:48:41.291+0000] {processor.py:925} INFO - DAG(s) 'comptage_dag' retrieved from /opt/airflow/dags/comptage_dag.py
[2026-09-25T09:48:41.310+0000] {logging_mixin.py:190} INFO - [2026-09-25T09:48:41.310+0000] {dag.py:3239} INFO - Sync 1 DAGs
[2026-09-25T09:48:41.329+0000] {logging_mixin.py:190} INFO - [2026-09-25T09:48:41.329+0000] {dag.py:4180} INFO - Setting next_dagrun for comptage_dag to 2026-09-25 00:00:00+00:00, run_after=2026-09-26 00:00:00+00:00
[2026-09-25T09:48:41.341+0000] {processor.py:208} INFO - Processing /opt/airflow/dags/comptage_dag.py took 0.068 seconds
[2026-09-25T09:49:11.479+0000] {processor.py:186} INFO - Started process (PID=1593) to work on /opt/airflow/dags/comptage_dag.py
[2026-09-25T09:49:11.479+0000] {processor.py:914} INFO - Processing file /opt/airflow/dags/comptage_dag.py for tasks to queue
[2026-09-25T09:49:11.481+0000] {logging_mixin.py:190} INFO - [2026-09-25T09:49:11.481+0000] {dagbag.py:588} INFO - Filling up the DagBag from /opt/airflow/dags/comptage_dag.py
[2026-09-25T09:49:11.489+0000] {processor.py:925} INFO - DAG(s) 'comptage_dag' retrieved from /opt/airflow/dags/comptage_dag.py
[2026-09-25T09:49:11.506+0000] {logging_mixin.py:190} INFO - [2026-09-25T09:49:11.506+0000] {dag.py:3239} INFO - Sync 1 DAGs
[2026-09-25T09:49:11.523+0000] {logging_mixin.py:190} INFO - [2026-09-25T09:49:11.523+0000] {dag.py:4180} INFO - Setting next_dagrun for comptage_dag to 2026-09-25 00:00:00+00:00, run_after=2026-09-26 00:00:00+00:00
[2026-09-25T09:49:11.533+0000] {processor.py:208} INFO - Processing /opt/airflow/dags/comptage_dag.py took 0.059 seconds
[2026-09-25T09:49:41.644+0000] {processor.py:186} INFO - Started process (PID=1610) to work on /opt/airflow/dags/comptage_dag.py
[2026-09-25T09:49:41.645+0000] {processor.py:914} INFO - Processing file /opt/airflow/dags/comptage_dag.py for tasks to queue
[2026-09-25T09:49:41.647+0000] {logging_mixin.py:190} INFO - [2026-09-25T09:49:41.647+0000] {dagbag.py:588} INFO - Filling up the DagBag from /opt/airflow/dags/comptage_dag.py
[2026-09-25T09:49:41.656+0000] {processor.py:925} INFO - DAG(s) 'comptage_dag' retrieved from /opt/airflow/dags/comptage_dag.py
[2026-09-25T09:49:41.672+0000] {logging_mixin.py:190} INFO - [2026-09-25T09:49:41.672+0000] {dag.py:3239} INFO - Sync 1 DAGs
[2026-09-25T09:49:41.689+0000] {logging_mixin.py:190} INFO - [2026-09-25T09:49:41.689+0000] {dag.py:4180} INFO - Setting next_dagrun for comptage_dag to 2026-09-25 00:00:00+00:00, run_after=2026-09-26 00:00:00+00:00
[2026-09-25T09:49:41.702+0000] {processor.py:208} INFO - Processing /opt/airflow/dags/comptage_dag.py took 0.062 seconds
[2026-09-25T09:50:11.809+0000] {processor.py:186} INFO - Started process (PID=1634) to work on /opt/airflow/dags/comptage_dag.py
[2026-09-25T09:50:11.810+0000] {processor.py:914} INFO - Processing file /opt/airflow/dags/comptage_dag.py for tasks to queue
[2026-09-25T09:50:11.812+0000] {logging_mixin.py:190} INFO - [2026-09-25T09:50:11.811+0000] {dagbag.py:588} INFO - Filling up the DagBag from /opt/airflow/dags/comptage_dag.py
[2026-09-25T09:50:11.819+0000] {processor.py:925} INFO - DAG(s) 'comptage_dag' retrieved from /opt/airflow/dags/comptage_dag.py
[2026-09-25T09:50:11.842+0000] {logging_mixin.py:190} INFO - [2026-09-25T09:50:11.842+0000] {dag.py:3239} INFO - Sync 1 DAGs
[2026-09-25T09:50:11.870+0000] {logging_mixin.py:190} INFO - [2026-09-25T09:50:11.870+0000] {dag.py:4180} INFO - Setting next_dagrun for comptage_dag to 2026-09-25 00:00:00+00:00, run_after=2026-09-26 00:00:00+00:00
[2026-09-25T09:50:11.894+0000] {processor.py:208} INFO - Processing /opt/airflow/dags/comptage_dag.py took 0.091 seconds
[2026-09-25T09:50:42.017+0000] {processor.py:186} INFO - Started process (PID=1652) to work on /opt/airflow/dags/comptage_dag.py
[2026-09-25T09:50:42.018+0000] {processor.py:914} INFO - Processing file /opt/airflow/dags/comptage_dag.py for tasks to queue
[2026-09-25T09:50:42.019+0000] {logging_mixin.py:190} INFO - [2026-09-25T09:50:42.019+0000] {dagbag.py:588} INFO - Filling up the DagBag from /opt/airflow/dags/comptage_dag.py
[2026-09-25T09:50:42.026+0000] {processor.py:925} INFO - DAG(s) 'comptage_dag' retrieved from /opt/airflow/dags/comptage_dag.py
[2026-09-25T09:50:42.041+0000] {logging_mixin.py:190} INFO - [2026-09-25T09:50:42.041+0000] {dag.py:3239} INFO - Sync 1 DAGs
[2026-09-25T09:50:42.058+0000] {logging_mixin.py:190} INFO - [2026-09-25T09:50:42.058+0000] {dag.py:4180} INFO - Setting next_dagrun for comptage_dag to 2026-09-25 00:00:00+00:00, run_after=2026-09-26 00:00:00+00:00
[2026-09-25T09:50:42.069+0000] {processor.py:208} INFO - Processing /opt/airflow/dags/comptage_dag.py took 0.056 seconds
[2026-09-25T09:51:12.225+0000] {processor.py:186} INFO - Started process (PID=1669) to work on /opt/airflow/dags/comptage_dag.py
[2026-09-25T09:51:12.226+0000] {processor.py:914} INFO - Processing file /opt/airflow/dags/comptage_dag.py for tasks to queue
[2026-09-25T09:51:12.227+0000] {logging_mixin.py:190} INFO - [2026-09-25T09:51:12.227+0000] {dagbag.py:588} INFO - Filling up the DagBag from /opt/airflow/dags/comptage_dag.py
[2026-09-25T09:51:12.237+0000] {processor.py:925} INFO - DAG(s) 'comptage_dag' retrieved from /opt/airflow/dags/comptage_dag.py
[2026-09-25T09:51:12.254+0000] {logging_mixin.py:190} INFO - [2026-09-25T09:51:12.254+0000] {dag.py:3239} INFO - Sync 1 DAGs
[2026-09-25T09:51:12.271+0000] {logging_mixin.py:190} INFO - [2026-09-25T09:51:12.270+0000] {dag.py:4180} INFO - Setting next_dagrun for comptage_dag to 2026-09-25 00:00:00+00:00, run_after=2026-09-26 00:00:00+00:00
[2026-09-25T09:51:12.282+0000] {processor.py:208} INFO - Processing /opt/airflow/dags/comptage_dag.py took 0.063 seconds
[2026-09-25T09:51:42.410+0000] {processor.py:186} INFO - Started process (PID=1686) to work on /opt/airflow/dags/comptage_dag.py
[2026-09-25T09:51:42.410+0000] {processor.py:914} INFO - Processing file /opt/airflow/dags/comptage_dag.py for tasks to queue
[2026-09-25T09:51:42.412+0000] {logging_mixin.py:190} INFO - [2026-09-25T09:51:42.412+0000] {dagbag.py:588} INFO - Filling up the DagBag from /opt/airflow/dags/comptage_dag.py
[2026-09-25T09:51:42.422+0000] {processor.py:925} INFO - DAG(s) 'comptage_dag' retrieved from /opt/airflow/dags/comptage_dag.py
[2026-09-25T09:51:42.456+0000] {logging_mixin.py:190} INFO - [2026-09-25T09:51:42.455+0000] {dag.py:3239} INFO - Sync 1 DAGs
[2026-09-25T09:51:42.487+0000] {logging_mixin.py:190} INFO - [2026-09-25T09:51:42.487+0000] {dag.py:4180} INFO - Setting next_dagrun for comptage_dag to 2026-09-25 00:00:00+00:00, run_after=2026-09-26 00:00:00+00:00
[2026-09-25T09:51:42.507+0000] {processor.py:208} INFO - Processing /opt/airflow/dags/comptage_dag.py took 0.101 seconds
[2026-09-25T09:52:12.664+0000] {processor.py:186} INFO - Started process (PID=1711) to work on /opt/airflow/dags/comptage_dag.py
[2026-09-25T09:52:12.665+0000] {processor.py:914} INFO - Processing file /opt/airflow/dags/comptage_dag.py for tasks to queue
[2026-09-25T09:52:12.670+0000] {logging_mixin.py:190} INFO - [2026-09-25T09:52:12.670+0000] {dagbag.py:588} INFO - Filling up the DagBag from /opt/airflow/dags/comptage_dag.py
[2026-09-25T09:52:12.689+0000] {processor.py:925} INFO - DAG(s) 'comptage_dag' retrieved from /opt/airflow/dags/comptage_dag.py
[2026-09-25T09:52:12.718+0000] {logging_mixin.py:190} INFO - [2026-09-25T09:52:12.717+0000] {dag.py:3239} INFO - Sync 1 DAGs
[2026-09-25T09:52:12.748+0000] {logging_mixin.py:190} INFO - [2026-09-25T09:52:12.747+0000] {dag.py:4180} INFO - Setting next_dagrun for comptage_dag to 2026-09-25 00:00:00+00:00, run_after=2026-09-26 00:00:00+00:00
[2026-09-25T09:52:12.772+0000] {processor.py:208} INFO - Processing /opt/airflow/dags/comptage_dag.py took 0.119 seconds
[2026-09-25T09:52:42.874+0000] {processor.py:186} INFO - Started process (PID=1728) to work on /opt/airflow/dags/comptage_dag.py
[2026-09-25T09:52:42.875+0000] {processor.py:914} INFO - Processing file /opt/airflow/dags/comptage_dag.py for tasks to queue
[2026-09-25T09:52:42.878+0000] {logging_mixin.py:190} INFO - [2026-09-25T09:52:42.877+0000] {dagbag.py:588} INFO - Filling up the DagBag from /opt/airflow/dags/comptage_dag.py
[2026-09-25T09:52:42.889+0000] {processor.py:925} INFO - DAG(s) 'comptage_dag' retrieved from /opt/airflow/dags/comptage_dag.py
[2026-09-25T09:52:42.910+0000] {logging_mixin.py:190} INFO - [2026-09-25T09:52:42.910+0000] {dag.py:3239} INFO - Sync 1 DAGs
[2026-09-25T09:52:42.929+0000] {logging_mixin.py:190} INFO - [2026-09-25T09:52:42.929+0000] {dag.py:4180} INFO - Setting next_dagrun for comptage_dag to 2026-09-25 00:00:00+00:00, run_after=2026-09-26 00:00:00+00:00
[2026-09-25T09:52:42.941+0000] {processor.py:208} INFO - Processing /opt/airflow/dags/comptage_dag.py took 0.075 seconds
[2026-09-25T09:53:13.090+0000] {processor.py:186} INFO - Started process (PID=1745) to work on /opt/airflow/dags/comptage_dag.py
[2026-09-25T09:53:13.091+0000] {processor.py:914} INFO - Processing file /opt/airflow/dags/comptage_dag.py for tasks to queue
[2026-09-25T09:53:13.092+0000] {logging_mixin.py:190} INFO - [2026-09-25T09:53:13.092+0000] {dagbag.py:588} INFO - Filling up the DagBag from /opt/airflow/dags/comptage_dag.py
[2026-09-25T09:53:13.100+0000] {processor.py:925} INFO - DAG(s) 'comptage_dag' retrieved from /opt/airflow/dags/comptage_dag.py
[2026-09-25T09:53:13.114+0000] {logging_mixin.py:190} INFO - [2026-09-25T09:53:13.114+0000] {dag.py:3239} INFO - Sync 1 DAGs
[2026-09-25T09:53:13.131+0000] {logging_mixin.py:190} INFO - [2026-09-25T09:53:13.131+0000] {dag.py:4180} INFO - Setting next_dagrun for comptage_dag to 2026-09-25 00:00:00+00:00, run_after=2026-09-26 00:00:00+00:00
[2026-09-25T09:53:13.141+0000] {processor.py:208} INFO - Processing /opt/airflow/dags/comptage_dag.py took 0.055 seconds
[2026-09-25T09:53:43.311+0000] {processor.py:186} INFO - Started process (PID=1770) to work on /opt/airflow/dags/comptage_dag.py
[2026-09-25T09:53:43.311+0000] {processor.py:914} INFO - Processing file /opt/airflow/dags/comptage_dag.py for tasks to queue
[2026-09-25T09:53:43.313+0000] {logging_mixin.py:190} INFO - [2026-09-25T09:53:43.313+0000] {dagbag.py:588} INFO - Filling up the DagBag from /opt/airflow/dags/comptage_dag.py
[2026-09-25T09:53:43.321+0000] {processor.py:925} INFO - DAG(s) 'comptage_dag' retrieved from /opt/airflow/dags/comptage_dag.py
[2026-09-25T09:53:43.336+0000] {logging_mixin.py:190} INFO - [2026-09-25T09:53:43.336+0000] {dag.py:3239} INFO - Sync 1 DAGs
[2026-09-25T09:53:43.351+0000] {logging_mixin.py:190} INFO - [2026-09-25T09:53:43.351+0000] {dag.py:4180} INFO - Setting next_dagrun for comptage_dag to 2026-09-25 00:00:00+00:00, run_after=2026-09-26 00:00:00+00:00
[2026-09-25T09:53:43.362+0000] {processor.py:208} INFO - Processing /opt/airflow/dags/comptage_dag.py took 0.055 seconds
[2026-09-25T09:54:13.511+0000] {processor.py:186} INFO - Started process (PID=1787) to work on /opt/airflow/dags/comptage_dag.py
[2026-09-25T09:54:13.511+0000] {processor.py:914} INFO - Processing file /opt/airflow/dags/comptage_dag.py for tasks to queue
[2026-09-25T09:54:13.513+0000] {logging_mixin.py:190} INFO - [2026-09-25T09:54:13.513+0000] {dagbag.py:588} INFO - Filling up the DagBag from /opt/airflow/dags/comptage_dag.py
[2026-09-25T09:54:13.519+0000] {processor.py:925} INFO - DAG(s) 'comptage_dag' retrieved from /opt/airflow/dags/comptage_dag.py
[2026-09-25T09:54:13.536+0000] {logging_mixin.py:190} INFO - [2026-09-25T09:54:13.536+0000] {dag.py:3239} INFO - Sync 1 DAGs
[2026-09-25T09:54:13.552+0000] {logging_mixin.py:190} INFO - [2026-09-25T09:54:13.552+0000] {dag.py:4180} INFO - Setting next_dagrun for comptage_dag to 2026-09-25 00:00:00+00:00, run_after=2026-09-26 00:00:00+00:00
[2026-09-25T09:54:13.563+0000] {processor.py:208} INFO - Processing /opt/airflow/dags/comptage_dag.py took 0.056 seconds
[2026-09-25T09:54:43.764+0000] {processor.py:186} INFO - Started process (PID=1812) to work on /opt/airflow/dags/comptage_dag.py
[2026-09-25T09:54:43.764+0000] {processor.py:914} INFO - Processing file /opt/airflow/dags/comptage_dag.py for tasks to queue
[2026-09-25T09:54:43.767+0000] {logging_mixin.py:190} INFO - [2026-09-25T09:54:43.767+0000] {dagbag.py:588} INFO - Filling up the DagBag from /opt/airflow/dags/comptage_dag.py
[2026-09-25T09:54:43.777+0000] {processor.py:925} INFO - DAG(s) 'comptage_dag' retrieved from /opt/airflow/dags/comptage_dag.py
[2026-09-25T09:54:43.791+0000] {logging_mixin.py:190} INFO - [2026-09-25T09:54:43.791+0000] {dag.py:3239} INFO - Sync 1 DAGs
[2026-09-25T09:54:43.806+0000] {logging_mixin.py:190} INFO - [2026-09-25T09:54:43.806+0000] {dag.py:4180} INFO - Setting next_dagrun for comptage_dag to 2026-09-25 00:00:00+00:00, run_after=2026-09-26 00:00:00+00:00
[2026-09-25T09:54:43.816+0000] {processor.py:208} INFO - Processing /opt/airflow/dags/comptage_dag.py took 0.059 seconds
[2026-09-25T09:55:14.010+0000] {processor.py:186} INFO - Started process (PID=1829) to work on /opt/airflow/dags/comptage_dag.py
[2026-09-25T09:55:14.010+0000] {processor.py:914} INFO - Processing file /opt/airflow/dags/comptage_dag.py for tasks to queue
[2026-09-25T09:55:14.011+0000] {logging_mixin.py:190} INFO - [2026-09-25T09:55:14.011+0000] {dagbag.py:588} INFO - Filling up the DagBag from /opt/airflow/dags/comptage_dag.py
[2026-09-25T09:55:14.017+0000] {processor.py:925} INFO - DAG(s) 'comptage_dag' retrieved from /opt/airflow/dags/comptage_dag.py
[2026-09-25T09:55:14.031+0000] {logging_mixin.py:190} INFO - [2026-09-25T09:55:14.031+0000] {dag.py:3239} INFO - Sync 1 DAGs
[2026-09-25T09:55:14.046+0000] {logging_mixin.py:190} INFO - [2026-09-25T09:55:14.046+0000] {dag.py:4180} INFO - Setting next_dagrun for comptage_dag to 2026-09-25 00:00:00+00:00, run_after=2026-09-26 00:00:00+00:00
[2026-09-25T09:55:14.056+0000] {processor.py:208} INFO - Processing /opt/airflow/dags/comptage_dag.py took 0.051 seconds
[2026-09-25T09:55:44.235+0000] {processor.py:186} INFO - Started process (PID=1854) to work on /opt/airflow/dags/comptage_dag.py
[2026-09-25T09:55:44.236+0000] {processor.py:914} INFO - Processing file /opt/airflow/dags/comptage_dag.py for tasks to queue
[2026-09-25T09:55:44.238+0000] {logging_mixin.py:190} INFO - [2026-09-25T09:55:44.238+0000] {dagbag.py:588} INFO - Filling up the DagBag from /opt/airflow/dags/comptage_dag.py
[2026-09-25T09:55:44.246+0000] {processor.py:925} INFO - DAG(s) 'comptage_dag' retrieved from /opt/airflow/dags/comptage_dag.py
[2026-09-25T09:55:44.259+0000] {logging_mixin.py:190} INFO - [2026-09-25T09:55:44.259+0000] {dag.py:3239} INFO - Sync 1 DAGs
[2026-09-25T09:55:44.277+0000] {logging_mixin.py:190} INFO - [2026-09-25T09:55:44.277+0000] {dag.py:4180} INFO - Setting next_dagrun for comptage_dag to 2026-09-25 00:00:00+00:00, run_after=2026-09-26 00:00:00+00:00
[2026-09-25T09:55:44.288+0000] {processor.py:208} INFO - Processing /opt/airflow/dags/comptage_dag.py took 0.057 seconds
[2026-09-25T09:56:14.453+0000] {processor.py:186} INFO - Started process (PID=1871) to work on /opt/airflow/dags/comptage_dag.py
[2026-09-25T09:56:14.454+0000] {processor.py:914} INFO - Processing file /opt/airflow/dags/comptage_dag.py for tasks to queue
[2026-09-25T09:56:14.455+0000] {logging_mixin.py:190} INFO - [2026-09-25T09:56:14.455+0000] {dagbag.py:588} INFO - Filling up the DagBag from /opt/airflow/dags/comptage_dag.py
[2026-09-25T09:56:14.462+0000] {processor.py:925} INFO - DAG(s) 'comptage_dag' retrieved from /opt/airflow/dags/comptage_dag.py
[2026-09-25T09:56:14.475+0000] {logging_mixin.py:190} INFO - [2026-09-25T09:56:14.475+0000] {dag.py:3239} INFO - Sync 1 DAGs
[2026-09-25T09:56:14.492+0000] {logging_mixin.py:190} INFO - [2026-09-25T09:56:14.491+0000] {dag.py:4180} INFO - Setting next_dagrun for comptage_dag to 2026-09-25 00:00:00+00:00, run_after=2026-09-26 00:00:00+00:00
[2026-09-25T09:56:14.501+0000] {processor.py:208} INFO - Processing /opt/airflow/dags/comptage_dag.py took 0.053 seconds
[2026-09-25T10:20:30.069+0000] {processor.py:186} INFO - Started process (PID=1887) to work on /opt/airflow/dags/comptage_dag.py
[2026-09-25T10:20:30.073+0000] {processor.py:914} INFO - Processing file /opt/airflow/dags/comptage_dag.py for tasks to queue
[2026-09-25T10:20:30.103+0000] {logging_mixin.py:190} INFO - [2026-09-25T10:20:30.101+0000] {dagbag.py:588} INFO - Filling up the DagBag from /opt/airflow/dags/comptage_dag.py
[2026-09-25T10:20:30.156+0000] {processor.py:925} INFO - DAG(s) 'comptage_dag' retrieved from /opt/airflow/dags/comptage_dag.py
[2026-09-25T10:20:30.246+0000] {logging_mixin.py:190} INFO - [2026-09-25T10:20:30.245+0000] {dag.py:3239} INFO - Sync 1 DAGs
[2026-09-25T10:20:30.346+0000] {logging_mixin.py:190} INFO - [2026-09-25T10:20:30.345+0000] {dag.py:4180} INFO - Setting next_dagrun for comptage_dag to 2026-09-25 00:00:00+00:00, run_after=2026-09-26 00:00:00+00:00
[2026-09-25T10:20:30.400+0000] {processor.py:208} INFO - Processing /opt/airflow/dags/comptage_dag.py took 0.363 seconds
[2026-09-25T10:21:00.692+0000] {processor.py:186} INFO - Started process (PID=1904) to work on /opt/airflow/dags/comptage_dag.py
[2026-09-25T10:21:00.694+0000] {processor.py:914} INFO - Processing file /opt/airflow/dags/comptage_dag.py for tasks to queue
[2026-09-25T10:21:00.700+0000] {logging_mixin.py:190} INFO - [2026-09-25T10:21:00.699+0000] {dagbag.py:588} INFO - Filling up the DagBag from /opt/airflow/dags/comptage_dag.py
[2026-09-25T10:21:00.722+0000] {processor.py:925} INFO - DAG(s) 'comptage_dag' retrieved from /opt/airflow/dags/comptage_dag.py
[2026-09-25T10:21:00.765+0000] {logging_mixin.py:190} INFO - [2026-09-25T10:21:00.765+0000] {dag.py:3239} INFO - Sync 1 DAGs
[2026-09-25T10:21:00.820+0000] {logging_mixin.py:190} INFO - [2026-09-25T10:21:00.819+0000] {dag.py:4180} INFO - Setting next_dagrun for comptage_dag to 2026-09-25 00:00:00+00:00, run_after=2026-09-26 00:00:00+00:00
[2026-09-25T10:21:00.857+0000] {processor.py:208} INFO - Processing /opt/airflow/dags/comptage_dag.py took 0.184 seconds
[2026-09-25T10:21:30.904+0000] {processor.py:186} INFO - Started process (PID=1922) to work on /opt/airflow/dags/comptage_dag.py
[2026-09-25T10:21:30.905+0000] {processor.py:914} INFO - Processing file /opt/airflow/dags/comptage_dag.py for tasks to queue
[2026-09-25T10:21:30.908+0000] {logging_mixin.py:190} INFO - [2026-09-25T10:21:30.908+0000] {dagbag.py:588} INFO - Filling up the DagBag from /opt/airflow/dags/comptage_dag.py
[2026-09-25T10:21:30.924+0000] {processor.py:925} INFO - DAG(s) 'comptage_dag' retrieved from /opt/airflow/dags/comptage_dag.py
[2026-09-25T10:21:30.957+0000] {logging_mixin.py:190} INFO - [2026-09-25T10:21:30.957+0000] {dag.py:3239} INFO - Sync 1 DAGs
[2026-09-25T10:21:30.995+0000] {logging_mixin.py:190} INFO - [2026-09-25T10:21:30.994+0000] {dag.py:4180} INFO - Setting next_dagrun for comptage_dag to 2026-09-25 00:00:00+00:00, run_after=2026-09-26 00:00:00+00:00
[2026-09-25T10:21:31.021+0000] {processor.py:208} INFO - Processing /opt/airflow/dags/comptage_dag.py took 0.125 seconds
[2026-09-25T10:22:01.153+0000] {processor.py:186} INFO - Started process (PID=1939) to work on /opt/airflow/dags/comptage_dag.py
[2026-09-25T10:22:01.160+0000] {processor.py:914} INFO - Processing file /opt/airflow/dags/comptage_dag.py for tasks to queue
[2026-09-25T10:22:01.166+0000] {logging_mixin.py:190} INFO - [2026-09-25T10:22:01.166+0000] {dagbag.py:588} INFO - Filling up the DagBag from /opt/airflow/dags/comptage_dag.py
[2026-09-25T10:22:01.185+0000] {processor.py:925} INFO - DAG(s) 'comptage_dag' retrieved from /opt/airflow/dags/comptage_dag.py
[2026-09-25T10:22:01.229+0000] {logging_mixin.py:190} INFO - [2026-09-25T10:22:01.228+0000] {dag.py:3239} INFO - Sync 1 DAGs
[2026-09-25T10:22:01.278+0000] {logging_mixin.py:190} INFO - [2026-09-25T10:22:01.278+0000] {dag.py:4180} INFO - Setting next_dagrun for comptage_dag to 2026-09-25 00:00:00+00:00, run_after=2026-09-26 00:00:00+00:00
[2026-09-25T10:22:01.309+0000] {processor.py:208} INFO - Processing /opt/airflow/dags/comptage_dag.py took 0.168 seconds
[2026-09-25T10:22:31.525+0000] {processor.py:186} INFO - Started process (PID=1956) to work on /opt/airflow/dags/comptage_dag.py
[2026-09-25T10:22:31.527+0000] {processor.py:914} INFO - Processing file /opt/airflow/dags/comptage_dag.py for tasks to queue
[2026-09-25T10:22:31.531+0000] {logging_mixin.py:190} INFO - [2026-09-25T10:22:31.531+0000] {dagbag.py:588} INFO - Filling up the DagBag from /opt/airflow/dags/comptage_dag.py
[2026-09-25T10:22:31.555+0000] {processor.py:925} INFO - DAG(s) 'comptage_dag' retrieved from /opt/airflow/dags/comptage_dag.py
[2026-09-25T10:22:31.597+0000] {logging_mixin.py:190} INFO - [2026-09-25T10:22:31.597+0000] {dag.py:3239} INFO - Sync 1 DAGs
[2026-09-25T10:22:31.630+0000] {logging_mixin.py:190} INFO - [2026-09-25T10:22:31.629+0000] {dag.py:4180} INFO - Setting next_dagrun for comptage_dag to 2026-09-25 00:00:00+00:00, run_after=2026-09-26 00:00:00+00:00
[2026-09-25T10:22:31.650+0000] {processor.py:208} INFO - Processing /opt/airflow/dags/comptage_dag.py took 0.137 seconds
[2026-09-25T10:23:01.864+0000] {processor.py:186} INFO - Started process (PID=1972) to work on /opt/airflow/dags/comptage_dag.py
[2026-09-25T10:23:01.867+0000] {processor.py:914} INFO - Processing file /opt/airflow/dags/comptage_dag.py for tasks to queue
[2026-09-25T10:23:01.871+0000] {logging_mixin.py:190} INFO - [2026-09-25T10:23:01.870+0000] {dagbag.py:588} INFO - Filling up the DagBag from /opt/airflow/dags/comptage_dag.py
[2026-09-25T10:23:01.897+0000] {processor.py:925} INFO - DAG(s) 'comptage_dag' retrieved from /opt/airflow/dags/comptage_dag.py
[2026-09-25T10:23:01.940+0000] {logging_mixin.py:190} INFO - [2026-09-25T10:23:01.939+0000] {dag.py:3239} INFO - Sync 1 DAGs
[2026-09-25T10:23:01.986+0000] {logging_mixin.py:190} INFO - [2026-09-25T10:23:01.986+0000] {dag.py:4180} INFO - Setting next_dagrun for comptage_dag to 2026-09-25 00:00:00+00:00, run_after=2026-09-26 00:00:00+00:00
[2026-09-25T10:23:02.008+0000] {processor.py:208} INFO - Processing /opt/airflow/dags/comptage_dag.py took 0.155 seconds
[2026-09-25T10:23:32.166+0000] {processor.py:186} INFO - Started process (PID=1989) to work on /opt/airflow/dags/comptage_dag.py
[2026-09-25T10:23:32.168+0000] {processor.py:914} INFO - Processing file /opt/airflow/dags/comptage_dag.py for tasks to queue
[2026-09-25T10:23:32.173+0000] {logging_mixin.py:190} INFO - [2026-09-25T10:23:32.172+0000] {dagbag.py:588} INFO - Filling up the DagBag from /opt/airflow/dags/comptage_dag.py
[2026-09-25T10:23:32.204+0000] {processor.py:925} INFO - DAG(s) 'comptage_dag' retrieved from /opt/airflow/dags/comptage_dag.py
[2026-09-25T10:23:32.258+0000] {logging_mixin.py:190} INFO - [2026-09-25T10:23:32.258+0000] {dag.py:3239} INFO - Sync 1 DAGs
[2026-09-25T10:23:32.318+0000] {logging_mixin.py:190} INFO - [2026-09-25T10:23:32.318+0000] {dag.py:4180} INFO - Setting next_dagrun for comptage_dag to 2026-09-25 00:00:00+00:00, run_after=2026-09-26 00:00:00+00:00
[2026-09-25T10:23:32.358+0000] {processor.py:208} INFO - Processing /opt/airflow/dags/comptage_dag.py took 0.206 seconds
[2026-09-25T10:24:02.585+0000] {processor.py:186} INFO - Started process (PID=2006) to work on /opt/airflow/dags/comptage_dag.py
[2026-09-25T10:24:02.587+0000] {processor.py:914} INFO - Processing file /opt/airflow/dags/comptage_dag.py for tasks to queue
[2026-09-25T10:24:02.591+0000] {logging_mixin.py:190} INFO - [2026-09-25T10:24:02.591+0000] {dagbag.py:588} INFO - Filling up the DagBag from /opt/airflow/dags/comptage_dag.py
[2026-09-25T10:24:02.616+0000] {processor.py:925} INFO - DAG(s) 'comptage_dag' retrieved from /opt/airflow/dags/comptage_dag.py
[2026-09-25T10:24:02.667+0000] {logging_mixin.py:190} INFO - [2026-09-25T10:24:02.667+0000] {dag.py:3239} INFO - Sync 1 DAGs
[2026-09-25T10:24:02.705+0000] {logging_mixin.py:190} INFO - [2026-09-25T10:24:02.704+0000] {dag.py:4180} INFO - Setting next_dagrun for comptage_dag to 2026-09-25 00:00:00+00:00, run_after=2026-09-26 00:00:00+00:00
[2026-09-25T10:24:02.725+0000] {processor.py:208} INFO - Processing /opt/airflow/dags/comptage_dag.py took 0.153 seconds
[2026-09-25T10:24:32.896+0000] {processor.py:186} INFO - Started process (PID=2023) to work on /opt/airflow/dags/comptage_dag.py
[2026-09-25T10:24:32.898+0000] {processor.py:914} INFO - Processing file /opt/airflow/dags/comptage_dag.py for tasks to queue
[2026-09-25T10:24:32.903+0000] {logging_mixin.py:190} INFO - [2026-09-25T10:24:32.902+0000] {dagbag.py:588} INFO - Filling up the DagBag from /opt/airflow/dags/comptage_dag.py
[2026-09-25T10:24:32.928+0000] {processor.py:925} INFO - DAG(s) 'comptage_dag' retrieved from /opt/airflow/dags/comptage_dag.py
[2026-09-25T10:24:32.978+0000] {logging_mixin.py:190} INFO - [2026-09-25T10:24:32.977+0000] {dag.py:3239} INFO - Sync 1 DAGs
[2026-09-25T10:24:33.015+0000] {logging_mixin.py:190} INFO - [2026-09-25T10:24:33.014+0000] {dag.py:4180} INFO - Setting next_dagrun for comptage_dag to 2026-09-25 00:00:00+00:00, run_after=2026-09-26 00:00:00+00:00
[2026-09-25T10:24:33.052+0000] {processor.py:208} INFO - Processing /opt/airflow/dags/comptage_dag.py took 0.170 seconds
[2026-09-25T10:25:03.247+0000] {processor.py:186} INFO - Started process (PID=2040) to work on /opt/airflow/dags/comptage_dag.py
[2026-09-25T10:25:03.248+0000] {processor.py:914} INFO - Processing file /opt/airflow/dags/comptage_dag.py for tasks to queue
[2026-09-25T10:25:03.252+0000] {logging_mixin.py:190} INFO - [2026-09-25T10:25:03.251+0000] {dagbag.py:588} INFO - Filling up the DagBag from /opt/airflow/dags/comptage_dag.py
[2026-09-25T10:25:03.268+0000] {processor.py:925} INFO - DAG(s) 'comptage_dag' retrieved from /opt/airflow/dags/comptage_dag.py
[2026-09-25T10:25:03.307+0000] {logging_mixin.py:190} INFO - [2026-09-25T10:25:03.307+0000] {dag.py:3239} INFO - Sync 1 DAGs
[2026-09-25T10:25:03.347+0000] {logging_mixin.py:190} INFO - [2026-09-25T10:25:03.346+0000] {dag.py:4180} INFO - Setting next_dagrun for comptage_dag to 2026-09-25 00:00:00+00:00, run_after=2026-09-26 00:00:00+00:00
[2026-09-25T10:25:03.379+0000] {processor.py:208} INFO - Processing /opt/airflow/dags/comptage_dag.py took 0.141 seconds
[2026-09-25T10:25:33.580+0000] {processor.py:186} INFO - Started process (PID=2057) to work on /opt/airflow/dags/comptage_dag.py
[2026-09-25T10:25:33.587+0000] {processor.py:914} INFO - Processing file /opt/airflow/dags/comptage_dag.py for tasks to queue
[2026-09-25T10:25:33.592+0000] {logging_mixin.py:190} INFO - [2026-09-25T10:25:33.591+0000] {dagbag.py:588} INFO - Filling up the DagBag from /opt/airflow/dags/comptage_dag.py
[2026-09-25T10:25:33.610+0000] {processor.py:925} INFO - DAG(s) 'comptage_dag' retrieved from /opt/airflow/dags/comptage_dag.py
[2026-09-25T10:25:33.641+0000] {logging_mixin.py:190} INFO - [2026-09-25T10:25:33.641+0000] {dag.py:3239} INFO - Sync 1 DAGs
[2026-09-25T10:25:33.685+0000] {logging_mixin.py:190} INFO - [2026-09-25T10:25:33.685+0000] {dag.py:4180} INFO - Setting next_dagrun for comptage_dag to 2026-09-25 00:00:00+00:00, run_after=2026-09-26 00:00:00+00:00
[2026-09-25T10:25:33.715+0000] {processor.py:208} INFO - Processing /opt/airflow/dags/comptage_dag.py took 0.147 seconds
[2026-09-25T10:26:03.832+0000] {processor.py:186} INFO - Started process (PID=2074) to work on /opt/airflow/dags/comptage_dag.py
[2026-09-25T10:26:03.833+0000] {processor.py:914} INFO - Processing file /opt/airflow/dags/comptage_dag.py for tasks to queue
[2026-09-25T10:26:03.836+0000] {logging_mixin.py:190} INFO - [2026-09-25T10:26:03.835+0000] {dagbag.py:588} INFO - Filling up the DagBag from /opt/airflow/dags/comptage_dag.py
[2026-09-25T10:26:03.852+0000] {processor.py:925} INFO - DAG(s) 'comptage_dag' retrieved from /opt/airflow/dags/comptage_dag.py
[2026-09-25T10:26:03.891+0000] {logging_mixin.py:190} INFO - [2026-09-25T10:26:03.891+0000] {dag.py:3239} INFO - Sync 1 DAGs
[2026-09-25T10:26:03.929+0000] {logging_mixin.py:190} INFO - [2026-09-25T10:26:03.929+0000] {dag.py:4180} INFO - Setting next_dagrun for comptage_dag to 2026-09-25 00:00:00+00:00, run_after=2026-09-26 00:00:00+00:00
[2026-09-25T10:26:03.954+0000] {processor.py:208} INFO - Processing /opt/airflow/dags/comptage_dag.py took 0.129 seconds
[2026-09-25T10:26:34.232+0000] {processor.py:186} INFO - Started process (PID=2091) to work on /opt/airflow/dags/comptage_dag.py
[2026-09-25T10:26:34.240+0000] {processor.py:914} INFO - Processing file /opt/airflow/dags/comptage_dag.py for tasks to queue
[2026-09-25T10:26:34.245+0000] {logging_mixin.py:190} INFO - [2026-09-25T10:26:34.244+0000] {dagbag.py:588} INFO - Filling up the DagBag from /opt/airflow/dags/comptage_dag.py
[2026-09-25T10:26:34.271+0000] {processor.py:925} INFO - DAG(s) 'comptage_dag' retrieved from /opt/airflow/dags/comptage_dag.py
[2026-09-25T10:26:34.321+0000] {logging_mixin.py:190} INFO - [2026-09-25T10:26:34.320+0000] {dag.py:3239} INFO - Sync 1 DAGs
[2026-09-25T10:26:34.357+0000] {logging_mixin.py:190} INFO - [2026-09-25T10:26:34.357+0000] {dag.py:4180} INFO - Setting next_dagrun for comptage_dag to 2026-09-25 00:00:00+00:00, run_after=2026-09-26 00:00:00+00:00
[2026-09-25T10:26:34.391+0000] {processor.py:208} INFO - Processing /opt/airflow/dags/comptage_dag.py took 0.175 seconds
[2026-09-25T10:27:04.481+0000] {processor.py:186} INFO - Started process (PID=2108) to work on /opt/airflow/dags/comptage_dag.py
[2026-09-25T10:27:04.483+0000] {processor.py:914} INFO - Processing file /opt/airflow/dags/comptage_dag.py for tasks to queue
[2026-09-25T10:27:04.488+0000] {logging_mixin.py:190} INFO - [2026-09-25T10:27:04.487+0000] {dagbag.py:588} INFO - Filling up the DagBag from /opt/airflow/dags/comptage_dag.py
[2026-09-25T10:27:04.509+0000] {processor.py:925} INFO - DAG(s) 'comptage_dag' retrieved from /opt/airflow/dags/comptage_dag.py
[2026-09-25T10:27:04.553+0000] {logging_mixin.py:190} INFO - [2026-09-25T10:27:04.553+0000] {dag.py:3239} INFO - Sync 1 DAGs
[2026-09-25T10:27:04.583+0000] {logging_mixin.py:190} INFO - [2026-09-25T10:27:04.583+0000] {dag.py:4180} INFO - Setting next_dagrun for comptage_dag to 2026-09-25 00:00:00+00:00, run_after=2026-09-26 00:00:00+00:00
[2026-09-25T10:27:04.602+0000] {processor.py:208} INFO - Processing /opt/airflow/dags/comptage_dag.py took 0.134 seconds
[2026-09-25T10:27:34.715+0000] {processor.py:186} INFO - Started process (PID=2125) to work on /opt/airflow/dags/comptage_dag.py
[2026-09-25T10:27:34.716+0000] {processor.py:914} INFO - Processing file /opt/airflow/dags/comptage_dag.py for tasks to queue
[2026-09-25T10:27:34.719+0000] {logging_mixin.py:190} INFO - [2026-09-25T10:27:34.718+0000] {dagbag.py:588} INFO - Filling up the DagBag from /opt/airflow/dags/comptage_dag.py
[2026-09-25T10:27:34.735+0000] {processor.py:925} INFO - DAG(s) 'comptage_dag' retrieved from /opt/airflow/dags/comptage_dag.py
[2026-09-25T10:27:34.764+0000] {logging_mixin.py:190} INFO - [2026-09-25T10:27:34.763+0000] {dag.py:3239} INFO - Sync 1 DAGs
[2026-09-25T10:27:34.798+0000] {logging_mixin.py:190} INFO - [2026-09-25T10:27:34.798+0000] {dag.py:4180} INFO - Setting next_dagrun for comptage_dag to 2026-09-25 00:00:00+00:00, run_after=2026-09-26 00:00:00+00:00
[2026-09-25T10:27:34.817+0000] {processor.py:208} INFO - Processing /opt/airflow/dags/comptage_dag.py took 0.114 seconds
[2026-09-25T10:28:05.064+0000] {processor.py:186} INFO - Started process (PID=2150) to work on /opt/airflow/dags/comptage_dag.py
[2026-09-25T10:28:05.065+0000] {processor.py:914} INFO - Processing file /opt/airflow/dags/comptage_dag.py for tasks to queue
[2026-09-25T10:28:05.068+0000] {logging_mixin.py:190} INFO - [2026-09-25T10:28:05.067+0000] {dagbag.py:588} INFO - Filling up the DagBag from /opt/airflow/dags/comptage_dag.py
[2026-09-25T10:28:05.079+0000] {processor.py:925} INFO - DAG(s) 'comptage_dag' retrieved from /opt/airflow/dags/comptage_dag.py
[2026-09-25T10:28:05.103+0000] {logging_mixin.py:190} INFO - [2026-09-25T10:28:05.103+0000] {dag.py:3239} INFO - Sync 1 DAGs
[2026-09-25T10:28:05.131+0000] {logging_mixin.py:190} INFO - [2026-09-25T10:28:05.130+0000] {dag.py:4180} INFO - Setting next_dagrun for comptage_dag to 2026-09-25 00:00:00+00:00, run_after=2026-09-26 00:00:00+00:00
[2026-09-25T10:28:05.155+0000] {processor.py:208} INFO - Processing /opt/airflow/dags/comptage_dag.py took 0.097 seconds
[2026-09-25T10:28:35.307+0000] {processor.py:186} INFO - Started process (PID=2168) to work on /opt/airflow/dags/comptage_dag.py
[2026-09-25T10:28:35.313+0000] {processor.py:914} INFO - Processing file /opt/airflow/dags/comptage_dag.py for tasks to queue
[2026-09-25T10:28:35.315+0000] {logging_mixin.py:190} INFO - [2026-09-25T10:28:35.315+0000] {dagbag.py:588} INFO - Filling up the DagBag from /opt/airflow/dags/comptage_dag.py
[2026-09-25T10:28:35.325+0000] {processor.py:925} INFO - DAG(s) 'comptage_dag' retrieved from /opt/airflow/dags/comptage_dag.py
[2026-09-25T10:28:35.347+0000] {logging_mixin.py:190} INFO - [2026-09-25T10:28:35.347+0000] {dag.py:3239} INFO - Sync 1 DAGs
[2026-09-25T10:28:35.373+0000] {logging_mixin.py:190} INFO - [2026-09-25T10:28:35.373+0000] {dag.py:4180} INFO - Setting next_dagrun for comptage_dag to 2026-09-25 00:00:00+00:00, run_after=2026-09-26 00:00:00+00:00
[2026-09-25T10:28:35.395+0000] {processor.py:208} INFO - Processing /opt/airflow/dags/comptage_dag.py took 0.095 seconds
[2026-09-25T10:29:05.656+0000] {processor.py:186} INFO - Started process (PID=2185) to work on /opt/airflow/dags/comptage_dag.py
[2026-09-25T10:29:05.657+0000] {processor.py:914} INFO - Processing file /opt/airflow/dags/comptage_dag.py for tasks to queue
[2026-09-25T10:29:05.662+0000] {logging_mixin.py:190} INFO - [2026-09-25T10:29:05.661+0000] {dagbag.py:588} INFO - Filling up the DagBag from /opt/airflow/dags/comptage_dag.py
[2026-09-25T10:29:05.681+0000] {processor.py:925} INFO - DAG(s) 'comptage_dag' retrieved from /opt/airflow/dags/comptage_dag.py
[2026-09-25T10:29:05.721+0000] {logging_mixin.py:190} INFO - [2026-09-25T10:29:05.720+0000] {dag.py:3239} INFO - Sync 1 DAGs
[2026-09-25T10:29:05.749+0000] {logging_mixin.py:190} INFO - [2026-09-25T10:29:05.749+0000] {dag.py:4180} INFO - Setting next_dagrun for comptage_dag to 2026-09-25 00:00:00+00:00, run_after=2026-09-26 00:00:00+00:00
[2026-09-25T10:29:05.767+0000] {processor.py:208} INFO - Processing /opt/airflow/dags/comptage_dag.py took 0.123 seconds
[2026-09-25T10:29:35.928+0000] {processor.py:186} INFO - Started process (PID=2202) to work on /opt/airflow/dags/comptage_dag.py
[2026-09-25T10:29:35.930+0000] {processor.py:914} INFO - Processing file /opt/airflow/dags/comptage_dag.py for tasks to queue
[2026-09-25T10:29:35.935+0000] {logging_mixin.py:190} INFO - [2026-09-25T10:29:35.935+0000] {dagbag.py:588} INFO - Filling up the DagBag from /opt/airflow/dags/comptage_dag.py
[2026-09-25T10:29:35.965+0000] {processor.py:925} INFO - DAG(s) 'comptage_dag' retrieved from /opt/airflow/dags/comptage_dag.py
[2026-09-25T10:29:36.009+0000] {logging_mixin.py:190} INFO - [2026-09-25T10:29:36.008+0000] {dag.py:3239} INFO - Sync 1 DAGs
[2026-09-25T10:29:36.049+0000] {logging_mixin.py:190} INFO - [2026-09-25T10:29:36.048+0000] {dag.py:4180} INFO - Setting next_dagrun for comptage_dag to 2026-09-25 00:00:00+00:00, run_after=2026-09-26 00:00:00+00:00
[2026-09-25T10:29:36.071+0000] {processor.py:208} INFO - Processing /opt/airflow/dags/comptage_dag.py took 0.158 seconds
[2026-09-25T10:30:06.264+0000] {processor.py:186} INFO - Started process (PID=2219) to work on /opt/airflow/dags/comptage_dag.py
[2026-09-25T10:30:06.267+0000] {processor.py:914} INFO - Processing file /opt/airflow/dags/comptage_dag.py for tasks to queue
[2026-09-25T10:30:06.272+0000] {logging_mixin.py:190} INFO - [2026-09-25T10:30:06.271+0000] {dagbag.py:588} INFO - Filling up the DagBag from /opt/airflow/dags/comptage_dag.py
[2026-09-25T10:30:06.300+0000] {processor.py:925} INFO - DAG(s) 'comptage_dag' retrieved from /opt/airflow/dags/comptage_dag.py
[2026-09-25T10:30:06.372+0000] {logging_mixin.py:190} INFO - [2026-09-25T10:30:06.371+0000] {dag.py:3239} INFO - Sync 1 DAGs
[2026-09-25T10:30:06.446+0000] {logging_mixin.py:190} INFO - [2026-09-25T10:30:06.445+0000] {dag.py:4180} INFO - Setting next_dagrun for comptage_dag to 2026-09-25 00:00:00+00:00, run_after=2026-09-26 00:00:00+00:00
[2026-09-25T10:30:06.482+0000] {processor.py:208} INFO - Processing /opt/airflow/dags/comptage_dag.py took 0.232 seconds
[2026-09-25T10:30:36.645+0000] {processor.py:186} INFO - Started process (PID=2236) to work on /opt/airflow/dags/comptage_dag.py
[2026-09-25T10:30:36.651+0000] {processor.py:914} INFO - Processing file /opt/airflow/dags/comptage_dag.py for tasks to queue
[2026-09-25T10:30:36.656+0000] {logging_mixin.py:190} INFO - [2026-09-25T10:30:36.654+0000] {dagbag.py:588} INFO - Filling up the DagBag from /opt/airflow/dags/comptage_dag.py
[2026-09-25T10:30:36.695+0000] {processor.py:925} INFO - DAG(s) 'comptage_dag' retrieved from /opt/airflow/dags/comptage_dag.py
[2026-09-25T10:30:36.832+0000] {logging_mixin.py:190} INFO - [2026-09-25T10:30:36.827+0000] {dag.py:3239} INFO - Sync 1 DAGs
[2026-09-25T10:30:36.884+0000] {logging_mixin.py:190} INFO - [2026-09-25T10:30:36.883+0000] {dag.py:4180} INFO - Setting next_dagrun for comptage_dag to 2026-09-25 00:00:00+00:00, run_after=2026-09-26 00:00:00+00:00
[2026-09-25T10:30:36.922+0000] {processor.py:208} INFO - Processing /opt/airflow/dags/comptage_dag.py took 0.289 seconds
[2026-09-25T10:31:06.995+0000] {processor.py:186} INFO - Started process (PID=2252) to work on /opt/airflow/dags/comptage_dag.py
[2026-09-25T10:31:06.997+0000] {processor.py:914} INFO - Processing file /opt/airflow/dags/comptage_dag.py for tasks to queue
[2026-09-25T10:31:07.001+0000] {logging_mixin.py:190} INFO - [2026-09-25T10:31:07.001+0000] {dagbag.py:588} INFO - Filling up the DagBag from /opt/airflow/dags/comptage_dag.py
[2026-09-25T10:31:07.026+0000] {processor.py:925} INFO - DAG(s) 'comptage_dag' retrieved from /opt/airflow/dags/comptage_dag.py
[2026-09-25T10:31:07.094+0000] {logging_mixin.py:190} INFO - [2026-09-25T10:31:07.093+0000] {dag.py:3239} INFO - Sync 1 DAGs
[2026-09-25T10:31:07.146+0000] {logging_mixin.py:190} INFO - [2026-09-25T10:31:07.146+0000] {dag.py:4180} INFO - Setting next_dagrun for comptage_dag to 2026-09-25 00:00:00+00:00, run_after=2026-09-26 00:00:00+00:00
[2026-09-25T10:31:07.182+0000] {processor.py:208} INFO - Processing /opt/airflow/dags/comptage_dag.py took 0.199 seconds
[2026-09-25T10:31:37.625+0000] {processor.py:186} INFO - Started process (PID=2262) to work on /opt/airflow/dags/comptage_dag.py
[2026-09-25T10:31:37.627+0000] {processor.py:914} INFO - Processing file /opt/airflow/dags/comptage_dag.py for tasks to queue
[2026-09-25T10:31:37.631+0000] {logging_mixin.py:190} INFO - [2026-09-25T10:31:37.630+0000] {dagbag.py:588} INFO - Filling up the DagBag from /opt/airflow/dags/comptage_dag.py
[2026-09-25T10:31:37.655+0000] {processor.py:925} INFO - DAG(s) 'comptage_dag' retrieved from /opt/airflow/dags/comptage_dag.py
[2026-09-25T10:31:37.704+0000] {logging_mixin.py:190} INFO - [2026-09-25T10:31:37.703+0000] {dag.py:3239} INFO - Sync 1 DAGs
[2026-09-25T10:31:37.750+0000] {logging_mixin.py:190} INFO - [2026-09-25T10:31:37.750+0000] {dag.py:4180} INFO - Setting next_dagrun for comptage_dag to 2026-09-25 00:00:00+00:00, run_after=2026-09-26 00:00:00+00:00
[2026-09-25T10:31:37.771+0000] {processor.py:208} INFO - Processing /opt/airflow/dags/comptage_dag.py took 0.159 seconds
[2026-09-25T10:32:07.866+0000] {processor.py:186} INFO - Started process (PID=2286) to work on /opt/airflow/dags/comptage_dag.py
[2026-09-25T10:32:07.867+0000] {processor.py:914} INFO - Processing file /opt/airflow/dags/comptage_dag.py for tasks to queue
[2026-09-25T10:32:07.869+0000] {logging_mixin.py:190} INFO - [2026-09-25T10:32:07.869+0000] {dagbag.py:588} INFO - Filling up the DagBag from /opt/airflow/dags/comptage_dag.py
[2026-09-25T10:32:07.883+0000] {processor.py:925} INFO - DAG(s) 'comptage_dag' retrieved from /opt/airflow/dags/comptage_dag.py
[2026-09-25T10:32:07.910+0000] {logging_mixin.py:190} INFO - [2026-09-25T10:32:07.910+0000] {dag.py:3239} INFO - Sync 1 DAGs
[2026-09-25T10:32:07.943+0000] {logging_mixin.py:190} INFO - [2026-09-25T10:32:07.943+0000] {dag.py:4180} INFO - Setting next_dagrun for comptage_dag to 2026-09-25 00:00:00+00:00, run_after=2026-09-26 00:00:00+00:00
[2026-09-25T10:32:07.969+0000] {processor.py:208} INFO - Processing /opt/airflow/dags/comptage_dag.py took 0.110 seconds
[2026-09-25T10:32:38.096+0000] {processor.py:186} INFO - Started process (PID=2304) to work on /opt/airflow/dags/comptage_dag.py
[2026-09-25T10:32:38.102+0000] {processor.py:914} INFO - Processing file /opt/airflow/dags/comptage_dag.py for tasks to queue
[2026-09-25T10:32:38.105+0000] {logging_mixin.py:190} INFO - [2026-09-25T10:32:38.105+0000] {dagbag.py:588} INFO - Filling up the DagBag from /opt/airflow/dags/comptage_dag.py
[2026-09-25T10:32:38.117+0000] {processor.py:925} INFO - DAG(s) 'comptage_dag' retrieved from /opt/airflow/dags/comptage_dag.py
[2026-09-25T10:32:38.141+0000] {logging_mixin.py:190} INFO - [2026-09-25T10:32:38.141+0000] {dag.py:3239} INFO - Sync 1 DAGs
[2026-09-25T10:32:38.172+0000] {logging_mixin.py:190} INFO - [2026-09-25T10:32:38.172+0000] {dag.py:4180} INFO - Setting next_dagrun for comptage_dag to 2026-09-25 00:00:00+00:00, run_after=2026-09-26 00:00:00+00:00
[2026-09-25T10:32:38.195+0000] {processor.py:208} INFO - Processing /opt/airflow/dags/comptage_dag.py took 0.106 seconds
[2026-09-25T10:33:08.436+0000] {processor.py:186} INFO - Started process (PID=2321) to work on /opt/airflow/dags/comptage_dag.py
[2026-09-25T10:33:08.437+0000] {processor.py:914} INFO - Processing file /opt/airflow/dags/comptage_dag.py for tasks to queue
[2026-09-25T10:33:08.439+0000] {logging_mixin.py:190} INFO - [2026-09-25T10:33:08.439+0000] {dagbag.py:588} INFO - Filling up the DagBag from /opt/airflow/dags/comptage_dag.py
[2026-09-25T10:33:08.451+0000] {processor.py:925} INFO - DAG(s) 'comptage_dag' retrieved from /opt/airflow/dags/comptage_dag.py
[2026-09-25T10:33:08.477+0000] {logging_mixin.py:190} INFO - [2026-09-25T10:33:08.477+0000] {dag.py:3239} INFO - Sync 1 DAGs
[2026-09-25T10:33:08.507+0000] {logging_mixin.py:190} INFO - [2026-09-25T10:33:08.506+0000] {dag.py:4180} INFO - Setting next_dagrun for comptage_dag to 2026-09-25 00:00:00+00:00, run_after=2026-09-26 00:00:00+00:00
[2026-09-25T10:33:08.530+0000] {processor.py:208} INFO - Processing /opt/airflow/dags/comptage_dag.py took 0.100 seconds
[2026-09-25T10:33:38.689+0000] {processor.py:186} INFO - Started process (PID=2338) to work on /opt/airflow/dags/comptage_dag.py
[2026-09-25T10:33:38.691+0000] {processor.py:914} INFO - Processing file /opt/airflow/dags/comptage_dag.py for tasks to queue
[2026-09-25T10:33:38.696+0000] {logging_mixin.py:190} INFO - [2026-09-25T10:33:38.695+0000] {dagbag.py:588} INFO - Filling up the DagBag from /opt/airflow/dags/comptage_dag.py
[2026-09-25T10:33:38.719+0000] {processor.py:925} INFO - DAG(s) 'comptage_dag' retrieved from /opt/airflow/dags/comptage_dag.py
[2026-09-25T10:33:38.754+0000] {logging_mixin.py:190} INFO - [2026-09-25T10:33:38.753+0000] {dag.py:3239} INFO - Sync 1 DAGs
[2026-09-25T10:33:38.790+0000] {logging_mixin.py:190} INFO - [2026-09-25T10:33:38.790+0000] {dag.py:4180} INFO - Setting next_dagrun for comptage_dag to 2026-09-25 00:00:00+00:00, run_after=2026-09-26 00:00:00+00:00
[2026-09-25T10:33:38.815+0000] {processor.py:208} INFO - Processing /opt/airflow/dags/comptage_dag.py took 0.138 seconds
[2026-09-25T10:34:08.998+0000] {processor.py:186} INFO - Started process (PID=2355) to work on /opt/airflow/dags/comptage_dag.py
[2026-09-25T10:34:08.999+0000] {processor.py:914} INFO - Processing file /opt/airflow/dags/comptage_dag.py for tasks to queue
[2026-09-25T10:34:09.005+0000] {logging_mixin.py:190} INFO - [2026-09-25T10:34:09.004+0000] {dagbag.py:588} INFO - Filling up the DagBag from /opt/airflow/dags/comptage_dag.py
[2026-09-25T10:34:09.032+0000] {processor.py:925} INFO - DAG(s) 'comptage_dag' retrieved from /opt/airflow/dags/comptage_dag.py
[2026-09-25T10:34:09.080+0000] {logging_mixin.py:190} INFO - [2026-09-25T10:34:09.079+0000] {dag.py:3239} INFO - Sync 1 DAGs
[2026-09-25T10:34:09.126+0000] {logging_mixin.py:190} INFO - [2026-09-25T10:34:09.126+0000] {dag.py:4180} INFO - Setting next_dagrun for comptage_dag to 2026-09-25 00:00:00+00:00, run_after=2026-09-26 00:00:00+00:00
[2026-09-25T10:34:09.153+0000] {processor.py:208} INFO - Processing /opt/airflow/dags/comptage_dag.py took 0.167 seconds
[2026-09-25T10:34:39.306+0000] {processor.py:186} INFO - Started process (PID=2372) to work on /opt/airflow/dags/comptage_dag.py
[2026-09-25T10:34:39.307+0000] {processor.py:914} INFO - Processing file /opt/airflow/dags/comptage_dag.py for tasks to queue
[2026-09-25T10:34:39.313+0000] {logging_mixin.py:190} INFO - [2026-09-25T10:34:39.312+0000] {dagbag.py:588} INFO - Filling up the DagBag from /opt/airflow/dags/comptage_dag.py
[2026-09-25T10:34:39.334+0000] {processor.py:925} INFO - DAG(s) 'comptage_dag' retrieved from /opt/airflow/dags/comptage_dag.py
[2026-09-25T10:34:39.376+0000] {logging_mixin.py:190} INFO - [2026-09-25T10:34:39.376+0000] {dag.py:3239} INFO - Sync 1 DAGs
[2026-09-25T10:34:39.407+0000] {logging_mixin.py:190} INFO - [2026-09-25T10:34:39.407+0000] {dag.py:4180} INFO - Setting next_dagrun for comptage_dag to 2026-09-25 00:00:00+00:00, run_after=2026-09-26 00:00:00+00:00
[2026-09-25T10:34:39.427+0000] {processor.py:208} INFO - Processing /opt/airflow/dags/comptage_dag.py took 0.134 seconds
[2026-09-25T10:35:09.663+0000] {processor.py:186} INFO - Started process (PID=2396) to work on /opt/airflow/dags/comptage_dag.py
[2026-09-25T10:35:09.670+0000] {processor.py:914} INFO - Processing file /opt/airflow/dags/comptage_dag.py for tasks to queue
[2026-09-25T10:35:09.675+0000] {logging_mixin.py:190} INFO - [2026-09-25T10:35:09.674+0000] {dagbag.py:588} INFO - Filling up the DagBag from /opt/airflow/dags/comptage_dag.py
[2026-09-25T10:35:09.693+0000] {processor.py:925} INFO - DAG(s) 'comptage_dag' retrieved from /opt/airflow/dags/comptage_dag.py
[2026-09-25T10:35:09.745+0000] {logging_mixin.py:190} INFO - [2026-09-25T10:35:09.745+0000] {dag.py:3239} INFO - Sync 1 DAGs
[2026-09-25T10:35:09.818+0000] {logging_mixin.py:190} INFO - [2026-09-25T10:35:09.817+0000] {dag.py:4180} INFO - Setting next_dagrun for comptage_dag to 2026-09-25 00:00:00+00:00, run_after=2026-09-26 00:00:00+00:00
[2026-09-25T10:35:09.873+0000] {processor.py:208} INFO - Processing /opt/airflow/dags/comptage_dag.py took 0.222 seconds
[2026-09-25T10:35:40.142+0000] {processor.py:186} INFO - Started process (PID=2413) to work on /opt/airflow/dags/comptage_dag.py
[2026-09-25T10:35:40.144+0000] {processor.py:914} INFO - Processing file /opt/airflow/dags/comptage_dag.py for tasks to queue
[2026-09-25T10:35:40.148+0000] {logging_mixin.py:190} INFO - [2026-09-25T10:35:40.147+0000] {dagbag.py:588} INFO - Filling up the DagBag from /opt/airflow/dags/comptage_dag.py
[2026-09-25T10:35:40.173+0000] {processor.py:925} INFO - DAG(s) 'comptage_dag' retrieved from /opt/airflow/dags/comptage_dag.py
[2026-09-25T10:35:40.227+0000] {logging_mixin.py:190} INFO - [2026-09-25T10:35:40.227+0000] {dag.py:3239} INFO - Sync 1 DAGs
[2026-09-25T10:35:40.276+0000] {logging_mixin.py:190} INFO - [2026-09-25T10:35:40.275+0000] {dag.py:4180} INFO - Setting next_dagrun for comptage_dag to 2026-09-25 00:00:00+00:00, run_after=2026-09-26 00:00:00+00:00
[2026-09-25T10:35:40.305+0000] {processor.py:208} INFO - Processing /opt/airflow/dags/comptage_dag.py took 0.177 seconds
[2026-09-25T10:36:10.368+0000] {processor.py:186} INFO - Started process (PID=2430) to work on /opt/airflow/dags/comptage_dag.py
[2026-09-25T10:36:10.370+0000] {processor.py:914} INFO - Processing file /opt/airflow/dags/comptage_dag.py for tasks to queue
[2026-09-25T10:36:10.373+0000] {logging_mixin.py:190} INFO - [2026-09-25T10:36:10.372+0000] {dagbag.py:588} INFO - Filling up the DagBag from /opt/airflow/dags/comptage_dag.py
[2026-09-25T10:36:10.396+0000] {processor.py:925} INFO - DAG(s) 'comptage_dag' retrieved from /opt/airflow/dags/comptage_dag.py
[2026-09-25T10:36:10.435+0000] {logging_mixin.py:190} INFO - [2026-09-25T10:36:10.434+0000] {dag.py:3239} INFO - Sync 1 DAGs
[2026-09-25T10:36:10.471+0000] {logging_mixin.py:190} INFO - [2026-09-25T10:36:10.470+0000] {dag.py:4180} INFO - Setting next_dagrun for comptage_dag to 2026-09-25 00:00:00+00:00, run_after=2026-09-26 00:00:00+00:00
[2026-09-25T10:36:10.500+0000] {processor.py:208} INFO - Processing /opt/airflow/dags/comptage_dag.py took 0.142 seconds
[2026-09-25T10:36:40.609+0000] {processor.py:186} INFO - Started process (PID=2447) to work on /opt/airflow/dags/comptage_dag.py
[2026-09-25T10:36:40.612+0000] {processor.py:914} INFO - Processing file /opt/airflow/dags/comptage_dag.py for tasks to queue
[2026-09-25T10:36:40.614+0000] {logging_mixin.py:190} INFO - [2026-09-25T10:36:40.614+0000] {dagbag.py:588} INFO - Filling up the DagBag from /opt/airflow/dags/comptage_dag.py
[2026-09-25T10:36:40.629+0000] {processor.py:925} INFO - DAG(s) 'comptage_dag' retrieved from /opt/airflow/dags/comptage_dag.py
[2026-09-25T10:36:40.663+0000] {logging_mixin.py:190} INFO - [2026-09-25T10:36:40.662+0000] {dag.py:3239} INFO - Sync 1 DAGs
[2026-09-25T10:36:40.696+0000] {logging_mixin.py:190} INFO - [2026-09-25T10:36:40.696+0000] {dag.py:4180} INFO - Setting next_dagrun for comptage_dag to 2026-09-25 00:00:00+00:00, run_after=2026-09-26 00:00:00+00:00
[2026-09-25T10:36:40.737+0000] {processor.py:208} INFO - Processing /opt/airflow/dags/comptage_dag.py took 0.136 seconds
[2026-09-25T10:37:10.988+0000] {processor.py:186} INFO - Started process (PID=2465) to work on /opt/airflow/dags/comptage_dag.py
[2026-09-25T10:37:10.990+0000] {processor.py:914} INFO - Processing file /opt/airflow/dags/comptage_dag.py for tasks to queue
[2026-09-25T10:37:10.995+0000] {logging_mixin.py:190} INFO - [2026-09-25T10:37:10.994+0000] {dagbag.py:588} INFO - Filling up the DagBag from /opt/airflow/dags/comptage_dag.py
[2026-09-25T10:37:11.017+0000] {processor.py:925} INFO - DAG(s) 'comptage_dag' retrieved from /opt/airflow/dags/comptage_dag.py
[2026-09-25T10:37:11.065+0000] {logging_mixin.py:190} INFO - [2026-09-25T10:37:11.064+0000] {dag.py:3239} INFO - Sync 1 DAGs
[2026-09-25T10:37:11.095+0000] {logging_mixin.py:190} INFO - [2026-09-25T10:37:11.095+0000] {dag.py:4180} INFO - Setting next_dagrun for comptage_dag to 2026-09-25 00:00:00+00:00, run_after=2026-09-26 00:00:00+00:00
[2026-09-25T10:37:11.117+0000] {processor.py:208} INFO - Processing /opt/airflow/dags/comptage_dag.py took 0.137 seconds
[2026-09-25T10:37:41.231+0000] {processor.py:186} INFO - Started process (PID=2482) to work on /opt/airflow/dags/comptage_dag.py
[2026-09-25T10:37:41.233+0000] {processor.py:914} INFO - Processing file /opt/airflow/dags/comptage_dag.py for tasks to queue
[2026-09-25T10:37:41.236+0000] {logging_mixin.py:190} INFO - [2026-09-25T10:37:41.236+0000] {dagbag.py:588} INFO - Filling up the DagBag from /opt/airflow/dags/comptage_dag.py
[2026-09-25T10:37:41.250+0000] {processor.py:925} INFO - DAG(s) 'comptage_dag' retrieved from /opt/airflow/dags/comptage_dag.py
[2026-09-25T10:37:41.279+0000] {logging_mixin.py:190} INFO - [2026-09-25T10:37:41.278+0000] {dag.py:3239} INFO - Sync 1 DAGs
[2026-09-25T10:37:41.331+0000] {logging_mixin.py:190} INFO - [2026-09-25T10:37:41.331+0000] {dag.py:4180} INFO - Setting next_dagrun for comptage_dag to 2026-09-25 00:00:00+00:00, run_after=2026-09-26 00:00:00+00:00
[2026-09-25T10:37:41.356+0000] {processor.py:208} INFO - Processing /opt/airflow/dags/comptage_dag.py took 0.131 seconds
[2026-09-25T10:38:11.587+0000] {processor.py:186} INFO - Started process (PID=2499) to work on /opt/airflow/dags/comptage_dag.py
[2026-09-25T10:38:11.589+0000] {processor.py:914} INFO - Processing file /opt/airflow/dags/comptage_dag.py for tasks to queue
[2026-09-25T10:38:11.594+0000] {logging_mixin.py:190} INFO - [2026-09-25T10:38:11.593+0000] {dagbag.py:588} INFO - Filling up the DagBag from /opt/airflow/dags/comptage_dag.py
[2026-09-25T10:38:11.616+0000] {processor.py:925} INFO - DAG(s) 'comptage_dag' retrieved from /opt/airflow/dags/comptage_dag.py
[2026-09-25T10:38:11.656+0000] {logging_mixin.py:190} INFO - [2026-09-25T10:38:11.656+0000] {dag.py:3239} INFO - Sync 1 DAGs
[2026-09-25T10:38:11.686+0000] {logging_mixin.py:190} INFO - [2026-09-25T10:38:11.686+0000] {dag.py:4180} INFO - Setting next_dagrun for comptage_dag to 2026-09-25 00:00:00+00:00, run_after=2026-09-26 00:00:00+00:00
[2026-09-25T10:38:11.707+0000] {processor.py:208} INFO - Processing /opt/airflow/dags/comptage_dag.py took 0.133 seconds
[2026-09-25T10:38:41.823+0000] {processor.py:186} INFO - Started process (PID=2516) to work on /opt/airflow/dags/comptage_dag.py
[2026-09-25T10:38:41.825+0000] {processor.py:914} INFO - Processing file /opt/airflow/dags/comptage_dag.py for tasks to queue
[2026-09-25T10:38:41.831+0000] {logging_mixin.py:190} INFO - [2026-09-25T10:38:41.830+0000] {dagbag.py:588} INFO - Filling up the DagBag from /opt/airflow/dags/comptage_dag.py
[2026-09-25T10:38:41.854+0000] {processor.py:925} INFO - DAG(s) 'comptage_dag' retrieved from /opt/airflow/dags/comptage_dag.py
[2026-09-25T10:38:41.899+0000] {logging_mixin.py:190} INFO - [2026-09-25T10:38:41.899+0000] {dag.py:3239} INFO - Sync 1 DAGs
[2026-09-25T10:38:41.931+0000] {logging_mixin.py:190} INFO - [2026-09-25T10:38:41.931+0000] {dag.py:4180} INFO - Setting next_dagrun for comptage_dag to 2026-09-25 00:00:00+00:00, run_after=2026-09-26 00:00:00+00:00
[2026-09-25T10:38:41.952+0000] {processor.py:208} INFO - Processing /opt/airflow/dags/comptage_dag.py took 0.141 seconds
[2026-09-25T10:39:12.186+0000] {processor.py:186} INFO - Started process (PID=2533) to work on /opt/airflow/dags/comptage_dag.py
[2026-09-25T10:39:12.188+0000] {processor.py:914} INFO - Processing file /opt/airflow/dags/comptage_dag.py for tasks to queue
[2026-09-25T10:39:12.193+0000] {logging_mixin.py:190} INFO - [2026-09-25T10:39:12.193+0000] {dagbag.py:588} INFO - Filling up the DagBag from /opt/airflow/dags/comptage_dag.py
[2026-09-25T10:39:12.209+0000] {processor.py:925} INFO - DAG(s) 'comptage_dag' retrieved from /opt/airflow/dags/comptage_dag.py
[2026-09-25T10:39:12.234+0000] {logging_mixin.py:190} INFO - [2026-09-25T10:39:12.234+0000] {dag.py:3239} INFO - Sync 1 DAGs
[2026-09-25T10:39:12.259+0000] {logging_mixin.py:190} INFO - [2026-09-25T10:39:12.259+0000] {dag.py:4180} INFO - Setting next_dagrun for comptage_dag to 2026-09-25 00:00:00+00:00, run_after=2026-09-26 00:00:00+00:00
[2026-09-25T10:39:12.282+0000] {processor.py:208} INFO - Processing /opt/airflow/dags/comptage_dag.py took 0.110 seconds
[2026-09-25T10:39:42.401+0000] {processor.py:186} INFO - Started process (PID=2559) to work on /opt/airflow/dags/comptage_dag.py
[2026-09-25T10:39:42.403+0000] {processor.py:914} INFO - Processing file /opt/airflow/dags/comptage_dag.py for tasks to queue
[2026-09-25T10:39:42.406+0000] {logging_mixin.py:190} INFO - [2026-09-25T10:39:42.405+0000] {dagbag.py:588} INFO - Filling up the DagBag from /opt/airflow/dags/comptage_dag.py
[2026-09-25T10:39:42.422+0000] {processor.py:925} INFO - DAG(s) 'comptage_dag' retrieved from /opt/airflow/dags/comptage_dag.py
[2026-09-25T10:39:42.449+0000] {logging_mixin.py:190} INFO - [2026-09-25T10:39:42.449+0000] {dag.py:3239} INFO - Sync 1 DAGs
[2026-09-25T10:39:42.479+0000] {logging_mixin.py:190} INFO - [2026-09-25T10:39:42.478+0000] {dag.py:4180} INFO - Setting next_dagrun for comptage_dag to 2026-09-25 00:00:00+00:00, run_after=2026-09-26 00:00:00+00:00
[2026-09-25T10:39:42.503+0000] {processor.py:208} INFO - Processing /opt/airflow/dags/comptage_dag.py took 0.111 seconds
[2026-09-25T10:40:12.772+0000] {processor.py:186} INFO - Started process (PID=2576) to work on /opt/airflow/dags/comptage_dag.py
[2026-09-25T10:40:12.773+0000] {processor.py:914} INFO - Processing file /opt/airflow/dags/comptage_dag.py for tasks to queue
[2026-09-25T10:40:12.777+0000] {logging_mixin.py:190} INFO - [2026-09-25T10:40:12.777+0000] {dagbag.py:588} INFO - Filling up the DagBag from /opt/airflow/dags/comptage_dag.py
[2026-09-25T10:40:12.802+0000] {processor.py:925} INFO - DAG(s) 'comptage_dag' retrieved from /opt/airflow/dags/comptage_dag.py
[2026-09-25T10:40:12.850+0000] {logging_mixin.py:190} INFO - [2026-09-25T10:40:12.849+0000] {dag.py:3239} INFO - Sync 1 DAGs
[2026-09-25T10:40:12.923+0000] {logging_mixin.py:190} INFO - [2026-09-25T10:40:12.923+0000] {dag.py:4180} INFO - Setting next_dagrun for comptage_dag to 2026-09-25 00:00:00+00:00, run_after=2026-09-26 00:00:00+00:00
[2026-09-25T10:40:12.967+0000] {processor.py:208} INFO - Processing /opt/airflow/dags/comptage_dag.py took 0.208 seconds
[2026-09-25T10:40:43.029+0000] {processor.py:186} INFO - Started process (PID=2594) to work on /opt/airflow/dags/comptage_dag.py
[2026-09-25T10:40:43.030+0000] {processor.py:914} INFO - Processing file /opt/airflow/dags/comptage_dag.py for tasks to queue
[2026-09-25T10:40:43.032+0000] {logging_mixin.py:190} INFO - [2026-09-25T10:40:43.032+0000] {dagbag.py:588} INFO - Filling up the DagBag from /opt/airflow/dags/comptage_dag.py
[2026-09-25T10:40:43.046+0000] {processor.py:925} INFO - DAG(s) 'comptage_dag' retrieved from /opt/airflow/dags/comptage_dag.py
[2026-09-25T10:40:43.073+0000] {logging_mixin.py:190} INFO - [2026-09-25T10:40:43.073+0000] {dag.py:3239} INFO - Sync 1 DAGs
[2026-09-25T10:40:43.101+0000] {logging_mixin.py:190} INFO - [2026-09-25T10:40:43.101+0000] {dag.py:4180} INFO - Setting next_dagrun for comptage_dag to 2026-09-25 00:00:00+00:00, run_after=2026-09-26 00:00:00+00:00
[2026-09-25T10:40:43.125+0000] {processor.py:208} INFO - Processing /opt/airflow/dags/comptage_dag.py took 0.103 seconds
[2026-09-25T10:41:13.272+0000] {processor.py:186} INFO - Started process (PID=2611) to work on /opt/airflow/dags/comptage_dag.py
[2026-09-25T10:41:13.274+0000] {processor.py:914} INFO - Processing file /opt/airflow/dags/comptage_dag.py for tasks to queue
[2026-09-25T10:41:13.278+0000] {logging_mixin.py:190} INFO - [2026-09-25T10:41:13.277+0000] {dagbag.py:588} INFO - Filling up the DagBag from /opt/airflow/dags/comptage_dag.py
[2026-09-25T10:41:13.299+0000] {processor.py:925} INFO - DAG(s) 'comptage_dag' retrieved from /opt/airflow/dags/comptage_dag.py
[2026-09-25T10:41:13.342+0000] {logging_mixin.py:190} INFO - [2026-09-25T10:41:13.342+0000] {dag.py:3239} INFO - Sync 1 DAGs
[2026-09-25T10:41:13.388+0000] {logging_mixin.py:190} INFO - [2026-09-25T10:41:13.387+0000] {dag.py:4180} INFO - Setting next_dagrun for comptage_dag to 2026-09-25 00:00:00+00:00, run_after=2026-09-26 00:00:00+00:00
[2026-09-25T10:41:13.413+0000] {processor.py:208} INFO - Processing /opt/airflow/dags/comptage_dag.py took 0.152 seconds
[2026-09-25T10:41:43.564+0000] {processor.py:186} INFO - Started process (PID=2627) to work on /opt/airflow/dags/comptage_dag.py
[2026-09-25T10:41:43.564+0000] {processor.py:914} INFO - Processing file /opt/airflow/dags/comptage_dag.py for tasks to queue
[2026-09-25T10:41:43.567+0000] {logging_mixin.py:190} INFO - [2026-09-25T10:41:43.567+0000] {dagbag.py:588} INFO - Filling up the DagBag from /opt/airflow/dags/comptage_dag.py
[2026-09-25T10:41:43.586+0000] {processor.py:925} INFO - DAG(s) 'comptage_dag' retrieved from /opt/airflow/dags/comptage_dag.py
[2026-09-25T10:41:43.630+0000] {logging_mixin.py:190} INFO - [2026-09-25T10:41:43.630+0000] {dag.py:3239} INFO - Sync 1 DAGs
[2026-09-25T10:41:43.676+0000] {logging_mixin.py:190} INFO - [2026-09-25T10:41:43.676+0000] {dag.py:4180} INFO - Setting next_dagrun for comptage_dag to 2026-09-25 00:00:00+00:00, run_after=2026-09-26 00:00:00+00:00
[2026-09-25T10:41:43.700+0000] {processor.py:208} INFO - Processing /opt/airflow/dags/comptage_dag.py took 0.142 seconds
[2026-09-25T10:42:13.857+0000] {processor.py:186} INFO - Started process (PID=2651) to work on /opt/airflow/dags/comptage_dag.py
[2026-09-25T10:42:13.858+0000] {processor.py:914} INFO - Processing file /opt/airflow/dags/comptage_dag.py for tasks to queue
[2026-09-25T10:42:13.862+0000] {logging_mixin.py:190} INFO - [2026-09-25T10:42:13.862+0000] {dagbag.py:588} INFO - Filling up the DagBag from /opt/airflow/dags/comptage_dag.py
[2026-09-25T10:42:13.879+0000] {processor.py:925} INFO - DAG(s) 'comptage_dag' retrieved from /opt/airflow/dags/comptage_dag.py
[2026-09-25T10:42:13.909+0000] {logging_mixin.py:190} INFO - [2026-09-25T10:42:13.909+0000] {dag.py:3239} INFO - Sync 1 DAGs
[2026-09-25T10:42:13.938+0000] {logging_mixin.py:190} INFO - [2026-09-25T10:42:13.937+0000] {dag.py:4180} INFO - Setting next_dagrun for comptage_dag to 2026-09-25 00:00:00+00:00, run_after=2026-09-26 00:00:00+00:00
[2026-09-25T10:42:13.963+0000] {processor.py:208} INFO - Processing /opt/airflow/dags/comptage_dag.py took 0.115 seconds
[2026-09-25T10:42:44.153+0000] {processor.py:186} INFO - Started process (PID=2669) to work on /opt/airflow/dags/comptage_dag.py
[2026-09-25T10:42:44.155+0000] {processor.py:914} INFO - Processing file /opt/airflow/dags/comptage_dag.py for tasks to queue
[2026-09-25T10:42:44.160+0000] {logging_mixin.py:190} INFO - [2026-09-25T10:42:44.160+0000] {dagbag.py:588} INFO - Filling up the DagBag from /opt/airflow/dags/comptage_dag.py
[2026-09-25T10:42:44.184+0000] {processor.py:925} INFO - DAG(s) 'comptage_dag' retrieved from /opt/airflow/dags/comptage_dag.py
[2026-09-25T10:42:44.225+0000] {logging_mixin.py:190} INFO - [2026-09-25T10:42:44.224+0000] {dag.py:3239} INFO - Sync 1 DAGs
[2026-09-25T10:42:44.255+0000] {logging_mixin.py:190} INFO - [2026-09-25T10:42:44.255+0000] {dag.py:4180} INFO - Setting next_dagrun for comptage_dag to 2026-09-25 00:00:00+00:00, run_after=2026-09-26 00:00:00+00:00
[2026-09-25T10:42:44.272+0000] {processor.py:208} INFO - Processing /opt/airflow/dags/comptage_dag.py took 0.132 seconds
[2026-09-25T10:43:14.378+0000] {processor.py:186} INFO - Started process (PID=2686) to work on /opt/airflow/dags/comptage_dag.py
[2026-09-25T10:43:14.379+0000] {processor.py:914} INFO - Processing file /opt/airflow/dags/comptage_dag.py for tasks to queue
[2026-09-25T10:43:14.383+0000] {logging_mixin.py:190} INFO - [2026-09-25T10:43:14.382+0000] {dagbag.py:588} INFO - Filling up the DagBag from /opt/airflow/dags/comptage_dag.py
[2026-09-25T10:43:14.396+0000] {processor.py:925} INFO - DAG(s) 'comptage_dag' retrieved from /opt/airflow/dags/comptage_dag.py
[2026-09-25T10:43:14.426+0000] {logging_mixin.py:190} INFO - [2026-09-25T10:43:14.426+0000] {dag.py:3239} INFO - Sync 1 DAGs
[2026-09-25T10:43:14.459+0000] {logging_mixin.py:190} INFO - [2026-09-25T10:43:14.458+0000] {dag.py:4180} INFO - Setting next_dagrun for comptage_dag to 2026-09-25 00:00:00+00:00, run_after=2026-09-26 00:00:00+00:00
[2026-09-25T10:43:14.484+0000] {processor.py:208} INFO - Processing /opt/airflow/dags/comptage_dag.py took 0.112 seconds
[2026-09-25T10:43:44.693+0000] {processor.py:186} INFO - Started process (PID=2703) to work on /opt/airflow/dags/comptage_dag.py
[2026-09-25T10:43:44.695+0000] {processor.py:914} INFO - Processing file /opt/airflow/dags/comptage_dag.py for tasks to queue
[2026-09-25T10:43:44.699+0000] {logging_mixin.py:190} INFO - [2026-09-25T10:43:44.698+0000] {dagbag.py:588} INFO - Filling up the DagBag from /opt/airflow/dags/comptage_dag.py
[2026-09-25T10:43:44.721+0000] {processor.py:925} INFO - DAG(s) 'comptage_dag' retrieved from /opt/airflow/dags/comptage_dag.py
[2026-09-25T10:43:44.765+0000] {logging_mixin.py:190} INFO - [2026-09-25T10:43:44.764+0000] {dag.py:3239} INFO - Sync 1 DAGs
[2026-09-25T10:43:44.796+0000] {logging_mixin.py:190} INFO - [2026-09-25T10:43:44.796+0000] {dag.py:4180} INFO - Setting next_dagrun for comptage_dag to 2026-09-25 00:00:00+00:00, run_after=2026-09-26 00:00:00+00:00
[2026-09-25T10:43:44.815+0000] {processor.py:208} INFO - Processing /opt/airflow/dags/comptage_dag.py took 0.134 seconds
[2026-09-25T10:44:14.971+0000] {processor.py:186} INFO - Started process (PID=2720) to work on /opt/airflow/dags/comptage_dag.py
[2026-09-25T10:44:14.973+0000] {processor.py:914} INFO - Processing file /opt/airflow/dags/comptage_dag.py for tasks to queue
[2026-09-25T10:44:14.977+0000] {logging_mixin.py:190} INFO - [2026-09-25T10:44:14.976+0000] {dagbag.py:588} INFO - Filling up the DagBag from /opt/airflow/dags/comptage_dag.py
[2026-09-25T10:44:15.001+0000] {processor.py:925} INFO - DAG(s) 'comptage_dag' retrieved from /opt/airflow/dags/comptage_dag.py
[2026-09-25T10:44:15.050+0000] {logging_mixin.py:190} INFO - [2026-09-25T10:44:15.049+0000] {dag.py:3239} INFO - Sync 1 DAGs
[2026-09-25T10:44:15.095+0000] {logging_mixin.py:190} INFO - [2026-09-25T10:44:15.095+0000] {dag.py:4180} INFO - Setting next_dagrun for comptage_dag to 2026-09-25 00:00:00+00:00, run_after=2026-09-26 00:00:00+00:00
[2026-09-25T10:44:15.116+0000] {processor.py:208} INFO - Processing /opt/airflow/dags/comptage_dag.py took 0.160 seconds
[2026-09-25T10:44:45.356+0000] {processor.py:186} INFO - Started process (PID=2737) to work on /opt/airflow/dags/comptage_dag.py
[2026-09-25T10:44:45.360+0000] {processor.py:914} INFO - Processing file /opt/airflow/dags/comptage_dag.py for tasks to queue
[2026-09-25T10:44:45.371+0000] {logging_mixin.py:190} INFO - [2026-09-25T10:44:45.367+0000] {dagbag.py:588} INFO - Filling up the DagBag from /opt/airflow/dags/comptage_dag.py
[2026-09-25T10:44:45.421+0000] {processor.py:925} INFO - DAG(s) 'comptage_dag' retrieved from /opt/airflow/dags/comptage_dag.py
[2026-09-25T10:44:45.502+0000] {logging_mixin.py:190} INFO - [2026-09-25T10:44:45.500+0000] {dag.py:3239} INFO - Sync 1 DAGs
[2026-09-25T10:44:45.575+0000] {logging_mixin.py:190} INFO - [2026-09-25T10:44:45.574+0000] {dag.py:4180} INFO - Setting next_dagrun for comptage_dag to 2026-09-25 00:00:00+00:00, run_after=2026-09-26 00:00:00+00:00
[2026-09-25T10:44:45.636+0000] {processor.py:208} INFO - Processing /opt/airflow/dags/comptage_dag.py took 0.309 seconds
[2026-09-25T12:17:39.688+0000] {processor.py:186} INFO - Started process (PID=45) to work on /opt/airflow/dags/comptage_dag.py
[2026-09-25T12:17:39.689+0000] {processor.py:914} INFO - Processing file /opt/airflow/dags/comptage_dag.py for tasks to queue
[2026-09-25T12:17:39.691+0000] {logging_mixin.py:190} INFO - [2026-09-25T12:17:39.691+0000] {dagbag.py:588} INFO - Filling up the DagBag from /opt/airflow/dags/comptage_dag.py
[2026-09-25T12:17:39.703+0000] {processor.py:925} INFO - DAG(s) 'comptage_dag' retrieved from /opt/airflow/dags/comptage_dag.py
[2026-09-25T12:17:39.727+0000] {logging_mixin.py:190} INFO - [2026-09-25T12:17:39.727+0000] {dag.py:3239} INFO - Sync 1 DAGs
[2026-09-25T12:17:39.756+0000] {logging_mixin.py:190} INFO - [2026-09-25T12:17:39.755+0000] {dag.py:4180} INFO - Setting next_dagrun for comptage_dag to 2026-09-25 00:00:00+00:00, run_after=2026-09-26 00:00:00+00:00
[2026-09-25T12:17:39.775+0000] {processor.py:208} INFO - Processing /opt/airflow/dags/comptage_dag.py took 0.093 seconds
[2026-09-25T12:18:10.522+0000] {processor.py:186} INFO - Started process (PID=62) to work on /opt/airflow/dags/comptage_dag.py
[2026-09-25T12:18:10.523+0000] {processor.py:914} INFO - Processing file /opt/airflow/dags/comptage_dag.py for tasks to queue
[2026-09-25T12:18:10.524+0000] {logging_mixin.py:190} INFO - [2026-09-25T12:18:10.524+0000] {dagbag.py:588} INFO - Filling up the DagBag from /opt/airflow/dags/comptage_dag.py
[2026-09-25T12:18:10.542+0000] {processor.py:925} INFO - DAG(s) 'comptage_dag' retrieved from /opt/airflow/dags/comptage_dag.py
[2026-09-25T12:18:10.582+0000] {logging_mixin.py:190} INFO - [2026-09-25T12:18:10.582+0000] {dag.py:3239} INFO - Sync 1 DAGs
[2026-09-25T12:18:10.616+0000] {logging_mixin.py:190} INFO - [2026-09-25T12:18:10.616+0000] {dag.py:4180} INFO - Setting next_dagrun for comptage_dag to 2026-09-25 00:00:00+00:00, run_after=2026-09-26 00:00:00+00:00
[2026-09-25T12:18:10.786+0000] {processor.py:208} INFO - Processing /opt/airflow/dags/comptage_dag.py took 0.269 seconds
[2026-09-25T12:18:41.008+0000] {processor.py:186} INFO - Started process (PID=86) to work on /opt/airflow/dags/comptage_dag.py
[2026-09-25T12:18:41.009+0000] {processor.py:914} INFO - Processing file /opt/airflow/dags/comptage_dag.py for tasks to queue
[2026-09-25T12:18:41.012+0000] {logging_mixin.py:190} INFO - [2026-09-25T12:18:41.011+0000] {dagbag.py:588} INFO - Filling up the DagBag from /opt/airflow/dags/comptage_dag.py
[2026-09-25T12:18:41.025+0000] {processor.py:925} INFO - DAG(s) 'comptage_dag' retrieved from /opt/airflow/dags/comptage_dag.py
[2026-09-25T12:18:41.063+0000] {logging_mixin.py:190} INFO - [2026-09-25T12:18:41.063+0000] {dag.py:3239} INFO - Sync 1 DAGs
[2026-09-25T12:18:41.418+0000] {logging_mixin.py:190} INFO - [2026-09-25T12:18:41.417+0000] {dag.py:4180} INFO - Setting next_dagrun for comptage_dag to 2026-09-25 00:00:00+00:00, run_after=2026-09-26 00:00:00+00:00
[2026-09-25T12:18:41.445+0000] {processor.py:208} INFO - Processing /opt/airflow/dags/comptage_dag.py took 0.446 seconds
[2026-09-25T12:19:11.752+0000] {processor.py:186} INFO - Started process (PID=103) to work on /opt/airflow/dags/comptage_dag.py
[2026-09-25T12:19:11.753+0000] {processor.py:914} INFO - Processing file /opt/airflow/dags/comptage_dag.py for tasks to queue
[2026-09-25T12:19:11.756+0000] {logging_mixin.py:190} INFO - [2026-09-25T12:19:11.755+0000] {dagbag.py:588} INFO - Filling up the DagBag from /opt/airflow/dags/comptage_dag.py
[2026-09-25T12:19:11.774+0000] {processor.py:925} INFO - DAG(s) 'comptage_dag' retrieved from /opt/airflow/dags/comptage_dag.py
[2026-09-25T12:19:11.816+0000] {logging_mixin.py:190} INFO - [2026-09-25T12:19:11.816+0000] {dag.py:3239} INFO - Sync 1 DAGs
[2026-09-25T12:19:12.120+0000] {logging_mixin.py:190} INFO - [2026-09-25T12:19:12.119+0000] {dag.py:4180} INFO - Setting next_dagrun for comptage_dag to 2026-09-25 00:00:00+00:00, run_after=2026-09-26 00:00:00+00:00
[2026-09-25T12:19:12.145+0000] {processor.py:208} INFO - Processing /opt/airflow/dags/comptage_dag.py took 0.400 seconds
[2026-09-25T12:19:42.415+0000] {processor.py:186} INFO - Started process (PID=120) to work on /opt/airflow/dags/comptage_dag.py
[2026-09-25T12:19:42.416+0000] {processor.py:914} INFO - Processing file /opt/airflow/dags/comptage_dag.py for tasks to queue
[2026-09-25T12:19:42.419+0000] {logging_mixin.py:190} INFO - [2026-09-25T12:19:42.419+0000] {dagbag.py:588} INFO - Filling up the DagBag from /opt/airflow/dags/comptage_dag.py
[2026-09-25T12:19:42.430+0000] {processor.py:925} INFO - DAG(s) 'comptage_dag' retrieved from /opt/airflow/dags/comptage_dag.py
[2026-09-25T12:19:42.658+0000] {logging_mixin.py:190} INFO - [2026-09-25T12:19:42.657+0000] {dag.py:3239} INFO - Sync 1 DAGs
[2026-09-25T12:19:42.686+0000] {logging_mixin.py:190} INFO - [2026-09-25T12:19:42.685+0000] {dag.py:4180} INFO - Setting next_dagrun for comptage_dag to 2026-09-25 00:00:00+00:00, run_after=2026-09-26 00:00:00+00:00
[2026-09-25T12:19:42.708+0000] {processor.py:208} INFO - Processing /opt/airflow/dags/comptage_dag.py took 0.299 seconds
[2026-09-25T12:20:13.553+0000] {processor.py:186} INFO - Started process (PID=138) to work on /opt/airflow/dags/comptage_dag.py
[2026-09-25T12:20:13.559+0000] {processor.py:914} INFO - Processing file /opt/airflow/dags/comptage_dag.py for tasks to queue
[2026-09-25T12:20:13.562+0000] {logging_mixin.py:190} INFO - [2026-09-25T12:20:13.561+0000] {dagbag.py:588} INFO - Filling up the DagBag from /opt/airflow/dags/comptage_dag.py
[2026-09-25T12:20:13.573+0000] {processor.py:925} INFO - DAG(s) 'comptage_dag' retrieved from /opt/airflow/dags/comptage_dag.py
[2026-09-25T12:20:13.595+0000] {logging_mixin.py:190} INFO - [2026-09-25T12:20:13.594+0000] {dag.py:3239} INFO - Sync 1 DAGs
[2026-09-25T12:20:13.622+0000] {logging_mixin.py:190} INFO - [2026-09-25T12:20:13.621+0000] {dag.py:4180} INFO - Setting next_dagrun for comptage_dag to 2026-09-25 00:00:00+00:00, run_after=2026-09-26 00:00:00+00:00
[2026-09-25T12:20:13.647+0000] {processor.py:208} INFO - Processing /opt/airflow/dags/comptage_dag.py took 0.100 seconds
[2026-09-25T12:20:43.820+0000] {processor.py:186} INFO - Started process (PID=155) to work on /opt/airflow/dags/comptage_dag.py
[2026-09-25T12:20:43.821+0000] {processor.py:914} INFO - Processing file /opt/airflow/dags/comptage_dag.py for tasks to queue
[2026-09-25T12:20:43.825+0000] {logging_mixin.py:190} INFO - [2026-09-25T12:20:43.825+0000] {dagbag.py:588} INFO - Filling up the DagBag from /opt/airflow/dags/comptage_dag.py
[2026-09-25T12:20:43.844+0000] {processor.py:925} INFO - DAG(s) 'comptage_dag' retrieved from /opt/airflow/dags/comptage_dag.py
[2026-09-25T12:20:43.885+0000] {logging_mixin.py:190} INFO - [2026-09-25T12:20:43.885+0000] {dag.py:3239} INFO - Sync 1 DAGs
[2026-09-25T12:20:43.913+0000] {logging_mixin.py:190} INFO - [2026-09-25T12:20:43.913+0000] {dag.py:4180} INFO - Setting next_dagrun for comptage_dag to 2026-09-25 00:00:00+00:00, run_after=2026-09-26 00:00:00+00:00
[2026-09-25T12:20:43.932+0000] {processor.py:208} INFO - Processing /opt/airflow/dags/comptage_dag.py took 0.125 seconds
[2026-09-25T12:21:14.161+0000] {processor.py:186} INFO - Started process (PID=172) to work on /opt/airflow/dags/comptage_dag.py
[2026-09-25T12:21:14.169+0000] {processor.py:914} INFO - Processing file /opt/airflow/dags/comptage_dag.py for tasks to queue
[2026-09-25T12:21:14.174+0000] {logging_mixin.py:190} INFO - [2026-09-25T12:21:14.173+0000] {dagbag.py:588} INFO - Filling up the DagBag from /opt/airflow/dags/comptage_dag.py
[2026-09-25T12:21:14.191+0000] {processor.py:925} INFO - DAG(s) 'comptage_dag' retrieved from /opt/airflow/dags/comptage_dag.py
[2026-09-25T12:21:14.232+0000] {logging_mixin.py:190} INFO - [2026-09-25T12:21:14.232+0000] {dag.py:3239} INFO - Sync 1 DAGs
[2026-09-25T12:21:14.280+0000] {logging_mixin.py:190} INFO - [2026-09-25T12:21:14.279+0000] {dag.py:4180} INFO - Setting next_dagrun for comptage_dag to 2026-09-25 00:00:00+00:00, run_after=2026-09-26 00:00:00+00:00
[2026-09-25T12:21:14.313+0000] {processor.py:208} INFO - Processing /opt/airflow/dags/comptage_dag.py took 0.164 seconds
[2026-09-25T12:21:44.420+0000] {processor.py:186} INFO - Started process (PID=197) to work on /opt/airflow/dags/comptage_dag.py
[2026-09-25T12:21:44.421+0000] {processor.py:914} INFO - Processing file /opt/airflow/dags/comptage_dag.py for tasks to queue
[2026-09-25T12:21:44.424+0000] {logging_mixin.py:190} INFO - [2026-09-25T12:21:44.423+0000] {dagbag.py:588} INFO - Filling up the DagBag from /opt/airflow/dags/comptage_dag.py
[2026-09-25T12:21:44.435+0000] {processor.py:925} INFO - DAG(s) 'comptage_dag' retrieved from /opt/airflow/dags/comptage_dag.py
[2026-09-25T12:21:44.468+0000] {logging_mixin.py:190} INFO - [2026-09-25T12:21:44.468+0000] {dag.py:3239} INFO - Sync 1 DAGs
[2026-09-25T12:21:44.507+0000] {logging_mixin.py:190} INFO - [2026-09-25T12:21:44.506+0000] {dag.py:4180} INFO - Setting next_dagrun for comptage_dag to 2026-09-25 00:00:00+00:00, run_after=2026-09-26 00:00:00+00:00
[2026-09-25T12:21:44.538+0000] {processor.py:208} INFO - Processing /opt/airflow/dags/comptage_dag.py took 0.124 seconds
[2026-09-25T12:22:14.803+0000] {processor.py:186} INFO - Started process (PID=215) to work on /opt/airflow/dags/comptage_dag.py
[2026-09-25T12:22:14.810+0000] {processor.py:914} INFO - Processing file /opt/airflow/dags/comptage_dag.py for tasks to queue
[2026-09-25T12:22:14.815+0000] {logging_mixin.py:190} INFO - [2026-09-25T12:22:14.814+0000] {dagbag.py:588} INFO - Filling up the DagBag from /opt/airflow/dags/comptage_dag.py
[2026-09-25T12:22:14.834+0000] {processor.py:925} INFO - DAG(s) 'comptage_dag' retrieved from /opt/airflow/dags/comptage_dag.py
[2026-09-25T12:22:14.876+0000] {logging_mixin.py:190} INFO - [2026-09-25T12:22:14.876+0000] {dag.py:3239} INFO - Sync 1 DAGs
[2026-09-25T12:22:14.904+0000] {logging_mixin.py:190} INFO - [2026-09-25T12:22:14.904+0000] {dag.py:4180} INFO - Setting next_dagrun for comptage_dag to 2026-09-25 00:00:00+00:00, run_after=2026-09-26 00:00:00+00:00
[2026-09-25T12:22:14.922+0000] {processor.py:208} INFO - Processing /opt/airflow/dags/comptage_dag.py took 0.130 seconds
[2026-09-25T12:22:45.093+0000] {processor.py:186} INFO - Started process (PID=232) to work on /opt/airflow/dags/comptage_dag.py
[2026-09-25T12:22:45.095+0000] {processor.py:914} INFO - Processing file /opt/airflow/dags/comptage_dag.py for tasks to queue
[2026-09-25T12:22:45.101+0000] {logging_mixin.py:190} INFO - [2026-09-25T12:22:45.100+0000] {dagbag.py:588} INFO - Filling up the DagBag from /opt/airflow/dags/comptage_dag.py
[2026-09-25T12:22:45.129+0000] {processor.py:925} INFO - DAG(s) 'comptage_dag' retrieved from /opt/airflow/dags/comptage_dag.py
[2026-09-25T12:22:45.157+0000] {logging_mixin.py:190} INFO - [2026-09-25T12:22:45.156+0000] {dag.py:3239} INFO - Sync 1 DAGs
[2026-09-25T12:22:45.180+0000] {logging_mixin.py:190} INFO - [2026-09-25T12:22:45.180+0000] {dag.py:4180} INFO - Setting next_dagrun for comptage_dag to 2026-09-25 00:00:00+00:00, run_after=2026-09-26 00:00:00+00:00
[2026-09-25T12:22:45.199+0000] {processor.py:208} INFO - Processing /opt/airflow/dags/comptage_dag.py took 0.126 seconds
[2026-09-25T12:23:15.368+0000] {processor.py:186} INFO - Started process (PID=249) to work on /opt/airflow/dags/comptage_dag.py
[2026-09-25T12:23:15.374+0000] {processor.py:914} INFO - Processing file /opt/airflow/dags/comptage_dag.py for tasks to queue
[2026-09-25T12:23:15.376+0000] {logging_mixin.py:190} INFO - [2026-09-25T12:23:15.376+0000] {dagbag.py:588} INFO - Filling up the DagBag from /opt/airflow/dags/comptage_dag.py
[2026-09-25T12:23:15.386+0000] {processor.py:925} INFO - DAG(s) 'comptage_dag' retrieved from /opt/airflow/dags/comptage_dag.py
[2026-09-25T12:23:15.410+0000] {logging_mixin.py:190} INFO - [2026-09-25T12:23:15.410+0000] {dag.py:3239} INFO - Sync 1 DAGs
[2026-09-25T12:23:15.434+0000] {logging_mixin.py:190} INFO - [2026-09-25T12:23:15.434+0000] {dag.py:4180} INFO - Setting next_dagrun for comptage_dag to 2026-09-25 00:00:00+00:00, run_after=2026-09-26 00:00:00+00:00
[2026-09-25T12:23:15.452+0000] {processor.py:208} INFO - Processing /opt/airflow/dags/comptage_dag.py took 0.090 seconds
[2026-09-25T12:23:45.646+0000] {processor.py:186} INFO - Started process (PID=272) to work on /opt/airflow/dags/comptage_dag.py
[2026-09-25T12:23:45.647+0000] {processor.py:914} INFO - Processing file /opt/airflow/dags/comptage_dag.py for tasks to queue
[2026-09-25T12:23:45.650+0000] {logging_mixin.py:190} INFO - [2026-09-25T12:23:45.650+0000] {dagbag.py:588} INFO - Filling up the DagBag from /opt/airflow/dags/comptage_dag.py
[2026-09-25T12:23:45.660+0000] {processor.py:925} INFO - DAG(s) 'comptage_dag' retrieved from /opt/airflow/dags/comptage_dag.py
[2026-09-25T12:23:45.686+0000] {logging_mixin.py:190} INFO - [2026-09-25T12:23:45.685+0000] {dag.py:3239} INFO - Sync 1 DAGs
[2026-09-25T12:23:45.712+0000] {logging_mixin.py:190} INFO - [2026-09-25T12:23:45.711+0000] {dag.py:4180} INFO - Setting next_dagrun for comptage_dag to 2026-09-25 00:00:00+00:00, run_after=2026-09-26 00:00:00+00:00
[2026-09-25T12:23:45.735+0000] {processor.py:208} INFO - Processing /opt/airflow/dags/comptage_dag.py took 0.095 seconds
[2026-09-25T12:24:15.911+0000] {processor.py:186} INFO - Started process (PID=290) to work on /opt/airflow/dags/comptage_dag.py
[2026-09-25T12:24:15.918+0000] {processor.py:914} INFO - Processing file /opt/airflow/dags/comptage_dag.py for tasks to queue
[2026-09-25T12:24:15.924+0000] {logging_mixin.py:190} INFO - [2026-09-25T12:24:15.923+0000] {dagbag.py:588} INFO - Filling up the DagBag from /opt/airflow/dags/comptage_dag.py
[2026-09-25T12:24:15.942+0000] {processor.py:925} INFO - DAG(s) 'comptage_dag' retrieved from /opt/airflow/dags/comptage_dag.py
[2026-09-25T12:24:15.984+0000] {logging_mixin.py:190} INFO - [2026-09-25T12:24:15.984+0000] {dag.py:3239} INFO - Sync 1 DAGs
[2026-09-25T12:24:16.037+0000] {logging_mixin.py:190} INFO - [2026-09-25T12:24:16.037+0000] {dag.py:4180} INFO - Setting next_dagrun for comptage_dag to 2026-09-25 00:00:00+00:00, run_after=2026-09-26 00:00:00+00:00
[2026-09-25T12:24:16.081+0000] {processor.py:208} INFO - Processing /opt/airflow/dags/comptage_dag.py took 0.182 seconds
[2026-09-25T12:24:46.222+0000] {processor.py:186} INFO - Started process (PID=307) to work on /opt/airflow/dags/comptage_dag.py
[2026-09-25T12:24:46.223+0000] {processor.py:914} INFO - Processing file /opt/airflow/dags/comptage_dag.py for tasks to queue
[2026-09-25T12:24:46.229+0000] {logging_mixin.py:190} INFO - [2026-09-25T12:24:46.228+0000] {dagbag.py:588} INFO - Filling up the DagBag from /opt/airflow/dags/comptage_dag.py
[2026-09-25T12:24:46.249+0000] {processor.py:925} INFO - DAG(s) 'comptage_dag' retrieved from /opt/airflow/dags/comptage_dag.py
[2026-09-25T12:24:46.295+0000] {logging_mixin.py:190} INFO - [2026-09-25T12:24:46.295+0000] {dag.py:3239} INFO - Sync 1 DAGs
[2026-09-25T12:24:46.347+0000] {logging_mixin.py:190} INFO - [2026-09-25T12:24:46.346+0000] {dag.py:4180} INFO - Setting next_dagrun for comptage_dag to 2026-09-25 00:00:00+00:00, run_after=2026-09-26 00:00:00+00:00
[2026-09-25T12:24:46.382+0000] {processor.py:208} INFO - Processing /opt/airflow/dags/comptage_dag.py took 0.172 seconds
[2026-09-25T12:25:16.556+0000] {processor.py:186} INFO - Started process (PID=324) to work on /opt/airflow/dags/comptage_dag.py
[2026-09-25T12:25:16.563+0000] {processor.py:914} INFO - Processing file /opt/airflow/dags/comptage_dag.py for tasks to queue
[2026-09-25T12:25:16.569+0000] {logging_mixin.py:190} INFO - [2026-09-25T12:25:16.568+0000] {dagbag.py:588} INFO - Filling up the DagBag from /opt/airflow/dags/comptage_dag.py
[2026-09-25T12:25:16.587+0000] {processor.py:925} INFO - DAG(s) 'comptage_dag' retrieved from /opt/airflow/dags/comptage_dag.py
[2026-09-25T12:25:16.628+0000] {logging_mixin.py:190} INFO - [2026-09-25T12:25:16.627+0000] {dag.py:3239} INFO - Sync 1 DAGs
[2026-09-25T12:25:16.658+0000] {logging_mixin.py:190} INFO - [2026-09-25T12:25:16.657+0000] {dag.py:4180} INFO - Setting next_dagrun for comptage_dag to 2026-09-25 00:00:00+00:00, run_after=2026-09-26 00:00:00+00:00
[2026-09-25T12:25:16.676+0000] {processor.py:208} INFO - Processing /opt/airflow/dags/comptage_dag.py took 0.131 seconds
[2026-09-25T12:25:46.859+0000] {processor.py:186} INFO - Started process (PID=341) to work on /opt/airflow/dags/comptage_dag.py
[2026-09-25T12:25:46.860+0000] {processor.py:914} INFO - Processing file /opt/airflow/dags/comptage_dag.py for tasks to queue
[2026-09-25T12:25:46.866+0000] {logging_mixin.py:190} INFO - [2026-09-25T12:25:46.865+0000] {dagbag.py:588} INFO - Filling up the DagBag from /opt/airflow/dags/comptage_dag.py
[2026-09-25T12:25:46.884+0000] {processor.py:925} INFO - DAG(s) 'comptage_dag' retrieved from /opt/airflow/dags/comptage_dag.py
[2026-09-25T12:25:46.921+0000] {logging_mixin.py:190} INFO - [2026-09-25T12:25:46.921+0000] {dag.py:3239} INFO - Sync 1 DAGs
[2026-09-25T12:25:46.950+0000] {logging_mixin.py:190} INFO - [2026-09-25T12:25:46.950+0000] {dag.py:4180} INFO - Setting next_dagrun for comptage_dag to 2026-09-25 00:00:00+00:00, run_after=2026-09-26 00:00:00+00:00
[2026-09-25T12:25:46.969+0000] {processor.py:208} INFO - Processing /opt/airflow/dags/comptage_dag.py took 0.124 seconds
[2026-09-25T12:26:17.156+0000] {processor.py:186} INFO - Started process (PID=358) to work on /opt/airflow/dags/comptage_dag.py
[2026-09-25T12:26:17.163+0000] {processor.py:914} INFO - Processing file /opt/airflow/dags/comptage_dag.py for tasks to queue
[2026-09-25T12:26:17.167+0000] {logging_mixin.py:190} INFO - [2026-09-25T12:26:17.166+0000] {dagbag.py:588} INFO - Filling up the DagBag from /opt/airflow/dags/comptage_dag.py
[2026-09-25T12:26:17.186+0000] {processor.py:925} INFO - DAG(s) 'comptage_dag' retrieved from /opt/airflow/dags/comptage_dag.py
[2026-09-25T12:26:17.236+0000] {logging_mixin.py:190} INFO - [2026-09-25T12:26:17.236+0000] {dag.py:3239} INFO - Sync 1 DAGs
[2026-09-25T12:26:17.281+0000] {logging_mixin.py:190} INFO - [2026-09-25T12:26:17.280+0000] {dag.py:4180} INFO - Setting next_dagrun for comptage_dag to 2026-09-25 00:00:00+00:00, run_after=2026-09-26 00:00:00+00:00
[2026-09-25T12:26:17.307+0000] {processor.py:208} INFO - Processing /opt/airflow/dags/comptage_dag.py took 0.166 seconds
[2026-09-25T12:26:47.424+0000] {processor.py:186} INFO - Started process (PID=382) to work on /opt/airflow/dags/comptage_dag.py
[2026-09-25T12:26:47.425+0000] {processor.py:914} INFO - Processing file /opt/airflow/dags/comptage_dag.py for tasks to queue
[2026-09-25T12:26:47.428+0000] {logging_mixin.py:190} INFO - [2026-09-25T12:26:47.428+0000] {dagbag.py:588} INFO - Filling up the DagBag from /opt/airflow/dags/comptage_dag.py
[2026-09-25T12:26:47.443+0000] {processor.py:925} INFO - DAG(s) 'comptage_dag' retrieved from /opt/airflow/dags/comptage_dag.py
[2026-09-25T12:26:47.475+0000] {logging_mixin.py:190} INFO - [2026-09-25T12:26:47.474+0000] {dag.py:3239} INFO - Sync 1 DAGs
[2026-09-25T12:26:47.503+0000] {logging_mixin.py:190} INFO - [2026-09-25T12:26:47.502+0000] {dag.py:4180} INFO - Setting next_dagrun for comptage_dag to 2026-09-25 00:00:00+00:00, run_after=2026-09-26 00:00:00+00:00
[2026-09-25T12:26:47.524+0000] {processor.py:208} INFO - Processing /opt/airflow/dags/comptage_dag.py took 0.106 seconds
[2026-09-25T12:27:17.655+0000] {processor.py:186} INFO - Started process (PID=400) to work on /opt/airflow/dags/comptage_dag.py
[2026-09-25T12:27:17.661+0000] {processor.py:914} INFO - Processing file /opt/airflow/dags/comptage_dag.py for tasks to queue
[2026-09-25T12:27:17.664+0000] {logging_mixin.py:190} INFO - [2026-09-25T12:27:17.664+0000] {dagbag.py:588} INFO - Filling up the DagBag from /opt/airflow/dags/comptage_dag.py
[2026-09-25T12:27:17.676+0000] {processor.py:925} INFO - DAG(s) 'comptage_dag' retrieved from /opt/airflow/dags/comptage_dag.py
[2026-09-25T12:27:17.701+0000] {logging_mixin.py:190} INFO - [2026-09-25T12:27:17.701+0000] {dag.py:3239} INFO - Sync 1 DAGs
[2026-09-25T12:27:17.730+0000] {logging_mixin.py:190} INFO - [2026-09-25T12:27:17.730+0000] {dag.py:4180} INFO - Setting next_dagrun for comptage_dag to 2026-09-25 00:00:00+00:00, run_after=2026-09-26 00:00:00+00:00
[2026-09-25T12:27:17.753+0000] {processor.py:208} INFO - Processing /opt/airflow/dags/comptage_dag.py took 0.106 seconds
[2026-09-25T12:27:48.051+0000] {processor.py:186} INFO - Started process (PID=417) to work on /opt/airflow/dags/comptage_dag.py
[2026-09-25T12:27:48.052+0000] {processor.py:914} INFO - Processing file /opt/airflow/dags/comptage_dag.py for tasks to queue
[2026-09-25T12:27:48.056+0000] {logging_mixin.py:190} INFO - [2026-09-25T12:27:48.055+0000] {dagbag.py:588} INFO - Filling up the DagBag from /opt/airflow/dags/comptage_dag.py
[2026-09-25T12:27:48.075+0000] {processor.py:925} INFO - DAG(s) 'comptage_dag' retrieved from /opt/airflow/dags/comptage_dag.py
[2026-09-25T12:27:48.115+0000] {logging_mixin.py:190} INFO - [2026-09-25T12:27:48.114+0000] {dag.py:3239} INFO - Sync 1 DAGs
[2026-09-25T12:27:48.147+0000] {logging_mixin.py:190} INFO - [2026-09-25T12:27:48.146+0000] {dag.py:4180} INFO - Setting next_dagrun for comptage_dag to 2026-09-25 00:00:00+00:00, run_after=2026-09-26 00:00:00+00:00
[2026-09-25T12:27:48.163+0000] {processor.py:208} INFO - Processing /opt/airflow/dags/comptage_dag.py took 0.125 seconds
[2026-09-25T12:27:50.098+0000] {processor.py:186} INFO - Started process (PID=418) to work on /opt/airflow/dags/comptage_dag.py
[2026-09-25T12:27:50.099+0000] {processor.py:914} INFO - Processing file /opt/airflow/dags/comptage_dag.py for tasks to queue
[2026-09-25T12:27:50.103+0000] {logging_mixin.py:190} INFO - [2026-09-25T12:27:50.102+0000] {dagbag.py:588} INFO - Filling up the DagBag from /opt/airflow/dags/comptage_dag.py
[2026-09-25T12:27:50.114+0000] {logging_mixin.py:190} INFO - [2026-09-25T12:27:50.109+0000] {dagbag.py:387} ERROR - Failed to import: /opt/airflow/dags/comptage_dag.py
Traceback (most recent call last):
  File "/home/airflow/.local/lib/python3.12/site-packages/airflow/models/dagbag.py", line 383, in parse
    loader.exec_module(new_module)
  File "<frozen importlib._bootstrap_external>", line 999, in exec_module
  File "<frozen importlib._bootstrap>", line 488, in _call_with_frames_removed
  File "/opt/airflow/dags/comptage_dag.py", line 5, in <module>
    from airflow.providers.amazon.aws.operators.s3 import HttpToS3Operator
ImportError: cannot import name 'HttpToS3Operator' from 'airflow.providers.amazon.aws.operators.s3' (/home/airflow/.local/lib/python3.12/site-packages/airflow/providers/amazon/aws/operators/s3.py)
[2026-09-25T12:27:50.118+0000] {processor.py:927} WARNING - No viable dags retrieved from /opt/airflow/dags/comptage_dag.py
[2026-09-25T12:27:50.156+0000] {processor.py:208} INFO - Processing /opt/airflow/dags/comptage_dag.py took 0.071 seconds
[2026-09-25T12:28:20.331+0000] {processor.py:186} INFO - Started process (PID=435) to work on /opt/airflow/dags/comptage_dag.py
[2026-09-25T12:28:20.332+0000] {processor.py:914} INFO - Processing file /opt/airflow/dags/comptage_dag.py for tasks to queue
[2026-09-25T12:28:20.334+0000] {logging_mixin.py:190} INFO - [2026-09-25T12:28:20.334+0000] {dagbag.py:588} INFO - Filling up the DagBag from /opt/airflow/dags/comptage_dag.py
[2026-09-25T12:28:20.342+0000] {logging_mixin.py:190} INFO - [2026-09-25T12:28:20.338+0000] {dagbag.py:387} ERROR - Failed to import: /opt/airflow/dags/comptage_dag.py
Traceback (most recent call last):
  File "/home/airflow/.local/lib/python3.12/site-packages/airflow/models/dagbag.py", line 383, in parse
    loader.exec_module(new_module)
  File "<frozen importlib._bootstrap_external>", line 999, in exec_module
  File "<frozen importlib._bootstrap>", line 488, in _call_with_frames_removed
  File "/opt/airflow/dags/comptage_dag.py", line 5, in <module>
    from airflow.providers.amazon.aws.operators.s3 import HttpToS3Operator
ImportError: cannot import name 'HttpToS3Operator' from 'airflow.providers.amazon.aws.operators.s3' (/home/airflow/.local/lib/python3.12/site-packages/airflow/providers/amazon/aws/operators/s3.py)
[2026-09-25T12:28:20.346+0000] {processor.py:927} WARNING - No viable dags retrieved from /opt/airflow/dags/comptage_dag.py
[2026-09-25T12:28:20.383+0000] {processor.py:208} INFO - Processing /opt/airflow/dags/comptage_dag.py took 0.057 seconds
[2026-09-25T12:28:50.641+0000] {processor.py:186} INFO - Started process (PID=460) to work on /opt/airflow/dags/comptage_dag.py
[2026-09-25T12:28:50.642+0000] {processor.py:914} INFO - Processing file /opt/airflow/dags/comptage_dag.py for tasks to queue
[2026-09-25T12:28:50.647+0000] {logging_mixin.py:190} INFO - [2026-09-25T12:28:50.646+0000] {dagbag.py:588} INFO - Filling up the DagBag from /opt/airflow/dags/comptage_dag.py
[2026-09-25T12:28:50.654+0000] {logging_mixin.py:190} INFO - [2026-09-25T12:28:50.651+0000] {dagbag.py:387} ERROR - Failed to import: /opt/airflow/dags/comptage_dag.py
Traceback (most recent call last):
  File "/home/airflow/.local/lib/python3.12/site-packages/airflow/models/dagbag.py", line 383, in parse
    loader.exec_module(new_module)
  File "<frozen importlib._bootstrap_external>", line 999, in exec_module
  File "<frozen importlib._bootstrap>", line 488, in _call_with_frames_removed
  File "/opt/airflow/dags/comptage_dag.py", line 5, in <module>
    from airflow.providers.amazon.aws.operators.s3 import HttpToS3Operator
ImportError: cannot import name 'HttpToS3Operator' from 'airflow.providers.amazon.aws.operators.s3' (/home/airflow/.local/lib/python3.12/site-packages/airflow/providers/amazon/aws/operators/s3.py)
[2026-09-25T12:28:50.657+0000] {processor.py:927} WARNING - No viable dags retrieved from /opt/airflow/dags/comptage_dag.py
[2026-09-25T12:28:50.679+0000] {processor.py:208} INFO - Processing /opt/airflow/dags/comptage_dag.py took 0.046 seconds
[2026-09-25T12:29:20.945+0000] {processor.py:186} INFO - Started process (PID=477) to work on /opt/airflow/dags/comptage_dag.py
[2026-09-25T12:29:20.947+0000] {processor.py:914} INFO - Processing file /opt/airflow/dags/comptage_dag.py for tasks to queue
[2026-09-25T12:29:20.953+0000] {logging_mixin.py:190} INFO - [2026-09-25T12:29:20.952+0000] {dagbag.py:588} INFO - Filling up the DagBag from /opt/airflow/dags/comptage_dag.py
[2026-09-25T12:29:20.962+0000] {logging_mixin.py:190} INFO - [2026-09-25T12:29:20.957+0000] {dagbag.py:387} ERROR - Failed to import: /opt/airflow/dags/comptage_dag.py
Traceback (most recent call last):
  File "/home/airflow/.local/lib/python3.12/site-packages/airflow/models/dagbag.py", line 383, in parse
    loader.exec_module(new_module)
  File "<frozen importlib._bootstrap_external>", line 999, in exec_module
  File "<frozen importlib._bootstrap>", line 488, in _call_with_frames_removed
  File "/opt/airflow/dags/comptage_dag.py", line 5, in <module>
    from airflow.providers.amazon.aws.operators.s3 import HttpToS3Operator
ImportError: cannot import name 'HttpToS3Operator' from 'airflow.providers.amazon.aws.operators.s3' (/home/airflow/.local/lib/python3.12/site-packages/airflow/providers/amazon/aws/operators/s3.py)
[2026-09-25T12:29:20.966+0000] {processor.py:927} WARNING - No viable dags retrieved from /opt/airflow/dags/comptage_dag.py
[2026-09-25T12:29:21.004+0000] {processor.py:208} INFO - Processing /opt/airflow/dags/comptage_dag.py took 0.072 seconds
[2026-09-25T12:29:48.205+0000] {processor.py:186} INFO - Started process (PID=494) to work on /opt/airflow/dags/comptage_dag.py
[2026-09-25T12:29:48.206+0000] {processor.py:914} INFO - Processing file /opt/airflow/dags/comptage_dag.py for tasks to queue
[2026-09-25T12:29:48.209+0000] {logging_mixin.py:190} INFO - [2026-09-25T12:29:48.208+0000] {dagbag.py:588} INFO - Filling up the DagBag from /opt/airflow/dags/comptage_dag.py
[2026-09-25T12:29:48.220+0000] {logging_mixin.py:190} INFO - [2026-09-25T12:29:48.214+0000] {dagbag.py:387} ERROR - Failed to import: /opt/airflow/dags/comptage_dag.py
Traceback (most recent call last):
  File "/home/airflow/.local/lib/python3.12/site-packages/airflow/models/dagbag.py", line 383, in parse
    loader.exec_module(new_module)
  File "<frozen importlib._bootstrap_external>", line 999, in exec_module
  File "<frozen importlib._bootstrap>", line 488, in _call_with_frames_removed
  File "/opt/airflow/dags/comptage_dag.py", line 5, in <module>
    from airflow.providers.amazon.aws.operators.s3 import HttpToS3Operator
ImportError: cannot import name 'HttpToS3Operator' from 'airflow.providers.amazon.aws.operators.s3' (/home/airflow/.local/lib/python3.12/site-packages/airflow/providers/amazon/aws/operators/s3.py)
[2026-09-25T12:29:48.225+0000] {processor.py:927} WARNING - No viable dags retrieved from /opt/airflow/dags/comptage_dag.py
[2026-09-25T12:29:48.285+0000] {processor.py:208} INFO - Processing /opt/airflow/dags/comptage_dag.py took 0.096 seconds
[2026-09-25T12:30:06.388+0000] {processor.py:186} INFO - Started process (PID=504) to work on /opt/airflow/dags/comptage_dag.py
[2026-09-25T12:30:06.389+0000] {processor.py:914} INFO - Processing file /opt/airflow/dags/comptage_dag.py for tasks to queue
[2026-09-25T12:30:06.392+0000] {logging_mixin.py:190} INFO - [2026-09-25T12:30:06.391+0000] {dagbag.py:588} INFO - Filling up the DagBag from /opt/airflow/dags/comptage_dag.py
[2026-09-25T12:30:06.403+0000] {logging_mixin.py:190} INFO - [2026-09-25T12:30:06.398+0000] {dagbag.py:387} ERROR - Failed to import: /opt/airflow/dags/comptage_dag.py
Traceback (most recent call last):
  File "/home/airflow/.local/lib/python3.12/site-packages/airflow/models/dagbag.py", line 383, in parse
    loader.exec_module(new_module)
  File "<frozen importlib._bootstrap_external>", line 999, in exec_module
  File "<frozen importlib._bootstrap>", line 488, in _call_with_frames_removed
  File "/opt/airflow/dags/comptage_dag.py", line 5, in <module>
    from airflow.providers.amazon.aws.transfers import HttpToS3Operator
ImportError: cannot import name 'HttpToS3Operator' from 'airflow.providers.amazon.aws.transfers' (/home/airflow/.local/lib/python3.12/site-packages/airflow/providers/amazon/aws/transfers/__init__.py)
[2026-09-25T12:30:06.407+0000] {processor.py:927} WARNING - No viable dags retrieved from /opt/airflow/dags/comptage_dag.py
[2026-09-25T12:30:06.442+0000] {processor.py:208} INFO - Processing /opt/airflow/dags/comptage_dag.py took 0.061 seconds
[2026-09-25T12:30:36.693+0000] {processor.py:186} INFO - Started process (PID=521) to work on /opt/airflow/dags/comptage_dag.py
[2026-09-25T12:30:36.694+0000] {processor.py:914} INFO - Processing file /opt/airflow/dags/comptage_dag.py for tasks to queue
[2026-09-25T12:30:36.696+0000] {logging_mixin.py:190} INFO - [2026-09-25T12:30:36.695+0000] {dagbag.py:588} INFO - Filling up the DagBag from /opt/airflow/dags/comptage_dag.py
[2026-09-25T12:30:36.708+0000] {logging_mixin.py:190} INFO - [2026-09-25T12:30:36.702+0000] {dagbag.py:387} ERROR - Failed to import: /opt/airflow/dags/comptage_dag.py
Traceback (most recent call last):
  File "/home/airflow/.local/lib/python3.12/site-packages/airflow/models/dagbag.py", line 383, in parse
    loader.exec_module(new_module)
  File "<frozen importlib._bootstrap_external>", line 999, in exec_module
  File "<frozen importlib._bootstrap>", line 488, in _call_with_frames_removed
  File "/opt/airflow/dags/comptage_dag.py", line 5, in <module>
    from airflow.providers.amazon.aws.transfers import HttpToS3Operator
ImportError: cannot import name 'HttpToS3Operator' from 'airflow.providers.amazon.aws.transfers' (/home/airflow/.local/lib/python3.12/site-packages/airflow/providers/amazon/aws/transfers/__init__.py)
[2026-09-25T12:30:36.712+0000] {processor.py:927} WARNING - No viable dags retrieved from /opt/airflow/dags/comptage_dag.py
[2026-09-25T12:30:36.744+0000] {processor.py:208} INFO - Processing /opt/airflow/dags/comptage_dag.py took 0.064 seconds
[2026-09-25T12:30:52.885+0000] {processor.py:186} INFO - Started process (PID=530) to work on /opt/airflow/dags/comptage_dag.py
[2026-09-25T12:30:52.887+0000] {processor.py:914} INFO - Processing file /opt/airflow/dags/comptage_dag.py for tasks to queue
[2026-09-25T12:30:52.889+0000] {logging_mixin.py:190} INFO - [2026-09-25T12:30:52.888+0000] {dagbag.py:588} INFO - Filling up the DagBag from /opt/airflow/dags/comptage_dag.py
[2026-09-25T12:30:52.913+0000] {processor.py:925} INFO - DAG(s) 'comptage_dag' retrieved from /opt/airflow/dags/comptage_dag.py
[2026-09-25T12:30:53.201+0000] {logging_mixin.py:190} INFO - [2026-09-25T12:30:53.201+0000] {dag.py:3239} INFO - Sync 1 DAGs
[2026-09-25T12:30:53.238+0000] {logging_mixin.py:190} INFO - [2026-09-25T12:30:53.238+0000] {dag.py:4180} INFO - Setting next_dagrun for comptage_dag to 2026-09-25 00:00:00+00:00, run_after=2026-09-26 00:00:00+00:00
[2026-09-25T12:30:53.271+0000] {processor.py:208} INFO - Processing /opt/airflow/dags/comptage_dag.py took 0.394 seconds
[2026-09-25T12:31:23.506+0000] {processor.py:186} INFO - Started process (PID=547) to work on /opt/airflow/dags/comptage_dag.py
[2026-09-25T12:31:23.507+0000] {processor.py:914} INFO - Processing file /opt/airflow/dags/comptage_dag.py for tasks to queue
[2026-09-25T12:31:23.509+0000] {logging_mixin.py:190} INFO - [2026-09-25T12:31:23.509+0000] {dagbag.py:588} INFO - Filling up the DagBag from /opt/airflow/dags/comptage_dag.py
[2026-09-25T12:31:23.522+0000] {processor.py:925} INFO - DAG(s) 'comptage_dag' retrieved from /opt/airflow/dags/comptage_dag.py
[2026-09-25T12:31:23.552+0000] {logging_mixin.py:190} INFO - [2026-09-25T12:31:23.551+0000] {dag.py:3239} INFO - Sync 1 DAGs
[2026-09-25T12:31:23.588+0000] {logging_mixin.py:190} INFO - [2026-09-25T12:31:23.588+0000] {dag.py:4180} INFO - Setting next_dagrun for comptage_dag to 2026-09-25 00:00:00+00:00, run_after=2026-09-26 00:00:00+00:00
[2026-09-25T12:31:23.613+0000] {processor.py:208} INFO - Processing /opt/airflow/dags/comptage_dag.py took 0.114 seconds
[2026-09-25T12:31:53.723+0000] {processor.py:186} INFO - Started process (PID=565) to work on /opt/airflow/dags/comptage_dag.py
[2026-09-25T12:31:53.724+0000] {processor.py:914} INFO - Processing file /opt/airflow/dags/comptage_dag.py for tasks to queue
[2026-09-25T12:31:53.725+0000] {logging_mixin.py:190} INFO - [2026-09-25T12:31:53.725+0000] {dagbag.py:588} INFO - Filling up the DagBag from /opt/airflow/dags/comptage_dag.py
[2026-09-25T12:31:53.742+0000] {processor.py:925} INFO - DAG(s) 'comptage_dag' retrieved from /opt/airflow/dags/comptage_dag.py
[2026-09-25T12:31:53.776+0000] {logging_mixin.py:190} INFO - [2026-09-25T12:31:53.776+0000] {dag.py:3239} INFO - Sync 1 DAGs
[2026-09-25T12:31:53.813+0000] {logging_mixin.py:190} INFO - [2026-09-25T12:31:53.812+0000] {dag.py:4180} INFO - Setting next_dagrun for comptage_dag to 2026-09-25 00:00:00+00:00, run_after=2026-09-26 00:00:00+00:00
[2026-09-25T12:31:53.855+0000] {processor.py:208} INFO - Processing /opt/airflow/dags/comptage_dag.py took 0.141 seconds
[2026-09-25T12:32:24.099+0000] {processor.py:186} INFO - Started process (PID=581) to work on /opt/airflow/dags/comptage_dag.py
[2026-09-25T12:32:24.101+0000] {processor.py:914} INFO - Processing file /opt/airflow/dags/comptage_dag.py for tasks to queue
[2026-09-25T12:32:24.104+0000] {logging_mixin.py:190} INFO - [2026-09-25T12:32:24.103+0000] {dagbag.py:588} INFO - Filling up the DagBag from /opt/airflow/dags/comptage_dag.py
[2026-09-25T12:32:24.129+0000] {processor.py:925} INFO - DAG(s) 'comptage_dag' retrieved from /opt/airflow/dags/comptage_dag.py
[2026-09-25T12:32:24.170+0000] {logging_mixin.py:190} INFO - [2026-09-25T12:32:24.169+0000] {dag.py:3239} INFO - Sync 1 DAGs
[2026-09-25T12:32:24.204+0000] {logging_mixin.py:190} INFO - [2026-09-25T12:32:24.204+0000] {dag.py:4180} INFO - Setting next_dagrun for comptage_dag to 2026-09-25 00:00:00+00:00, run_after=2026-09-26 00:00:00+00:00
[2026-09-25T12:32:24.234+0000] {processor.py:208} INFO - Processing /opt/airflow/dags/comptage_dag.py took 0.149 seconds
[2026-09-25T12:32:54.378+0000] {processor.py:186} INFO - Started process (PID=597) to work on /opt/airflow/dags/comptage_dag.py
[2026-09-25T12:32:54.380+0000] {processor.py:914} INFO - Processing file /opt/airflow/dags/comptage_dag.py for tasks to queue
[2026-09-25T12:32:54.383+0000] {logging_mixin.py:190} INFO - [2026-09-25T12:32:54.382+0000] {dagbag.py:588} INFO - Filling up the DagBag from /opt/airflow/dags/comptage_dag.py
[2026-09-25T12:32:54.402+0000] {processor.py:925} INFO - DAG(s) 'comptage_dag' retrieved from /opt/airflow/dags/comptage_dag.py
[2026-09-25T12:32:54.448+0000] {logging_mixin.py:190} INFO - [2026-09-25T12:32:54.448+0000] {dag.py:3239} INFO - Sync 1 DAGs
[2026-09-25T12:32:54.491+0000] {logging_mixin.py:190} INFO - [2026-09-25T12:32:54.491+0000] {dag.py:4180} INFO - Setting next_dagrun for comptage_dag to 2026-09-25 00:00:00+00:00, run_after=2026-09-26 00:00:00+00:00
[2026-09-25T12:32:54.533+0000] {processor.py:208} INFO - Processing /opt/airflow/dags/comptage_dag.py took 0.168 seconds
[2026-09-25T12:33:24.699+0000] {processor.py:186} INFO - Started process (PID=622) to work on /opt/airflow/dags/comptage_dag.py
[2026-09-25T12:33:24.705+0000] {processor.py:914} INFO - Processing file /opt/airflow/dags/comptage_dag.py for tasks to queue
[2026-09-25T12:33:24.707+0000] {logging_mixin.py:190} INFO - [2026-09-25T12:33:24.706+0000] {dagbag.py:588} INFO - Filling up the DagBag from /opt/airflow/dags/comptage_dag.py
[2026-09-25T12:33:24.719+0000] {processor.py:925} INFO - DAG(s) 'comptage_dag' retrieved from /opt/airflow/dags/comptage_dag.py
[2026-09-25T12:33:24.752+0000] {logging_mixin.py:190} INFO - [2026-09-25T12:33:24.751+0000] {dag.py:3239} INFO - Sync 1 DAGs
[2026-09-25T12:33:24.787+0000] {logging_mixin.py:190} INFO - [2026-09-25T12:33:24.786+0000] {dag.py:4180} INFO - Setting next_dagrun for comptage_dag to 2026-09-25 00:00:00+00:00, run_after=2026-09-26 00:00:00+00:00
[2026-09-25T12:33:24.814+0000] {processor.py:208} INFO - Processing /opt/airflow/dags/comptage_dag.py took 0.126 seconds
[2026-09-25T12:33:54.986+0000] {processor.py:186} INFO - Started process (PID=639) to work on /opt/airflow/dags/comptage_dag.py
[2026-09-25T12:33:54.986+0000] {processor.py:914} INFO - Processing file /opt/airflow/dags/comptage_dag.py for tasks to queue
[2026-09-25T12:33:54.988+0000] {logging_mixin.py:190} INFO - [2026-09-25T12:33:54.987+0000] {dagbag.py:588} INFO - Filling up the DagBag from /opt/airflow/dags/comptage_dag.py
[2026-09-25T12:33:54.997+0000] {processor.py:925} INFO - DAG(s) 'comptage_dag' retrieved from /opt/airflow/dags/comptage_dag.py
[2026-09-25T12:33:55.021+0000] {logging_mixin.py:190} INFO - [2026-09-25T12:33:55.021+0000] {dag.py:3239} INFO - Sync 1 DAGs
[2026-09-25T12:33:55.048+0000] {logging_mixin.py:190} INFO - [2026-09-25T12:33:55.048+0000] {dag.py:4180} INFO - Setting next_dagrun for comptage_dag to 2026-09-25 00:00:00+00:00, run_after=2026-09-26 00:00:00+00:00
[2026-09-25T12:33:55.071+0000] {processor.py:208} INFO - Processing /opt/airflow/dags/comptage_dag.py took 0.091 seconds
[2026-09-25T12:34:25.305+0000] {processor.py:186} INFO - Started process (PID=656) to work on /opt/airflow/dags/comptage_dag.py
[2026-09-25T12:34:25.312+0000] {processor.py:914} INFO - Processing file /opt/airflow/dags/comptage_dag.py for tasks to queue
[2026-09-25T12:34:25.314+0000] {logging_mixin.py:190} INFO - [2026-09-25T12:34:25.314+0000] {dagbag.py:588} INFO - Filling up the DagBag from /opt/airflow/dags/comptage_dag.py
[2026-09-25T12:34:25.335+0000] {processor.py:925} INFO - DAG(s) 'comptage_dag' retrieved from /opt/airflow/dags/comptage_dag.py
[2026-09-25T12:34:25.383+0000] {logging_mixin.py:190} INFO - [2026-09-25T12:34:25.382+0000] {dag.py:3239} INFO - Sync 1 DAGs
[2026-09-25T12:34:25.420+0000] {logging_mixin.py:190} INFO - [2026-09-25T12:34:25.419+0000] {dag.py:4180} INFO - Setting next_dagrun for comptage_dag to 2026-09-25 00:00:00+00:00, run_after=2026-09-26 00:00:00+00:00
[2026-09-25T12:34:25.453+0000] {processor.py:208} INFO - Processing /opt/airflow/dags/comptage_dag.py took 0.161 seconds
[2026-09-25T12:34:55.560+0000] {processor.py:186} INFO - Started process (PID=674) to work on /opt/airflow/dags/comptage_dag.py
[2026-09-25T12:34:55.561+0000] {processor.py:914} INFO - Processing file /opt/airflow/dags/comptage_dag.py for tasks to queue
[2026-09-25T12:34:55.563+0000] {logging_mixin.py:190} INFO - [2026-09-25T12:34:55.563+0000] {dagbag.py:588} INFO - Filling up the DagBag from /opt/airflow/dags/comptage_dag.py
[2026-09-25T12:34:55.583+0000] {processor.py:925} INFO - DAG(s) 'comptage_dag' retrieved from /opt/airflow/dags/comptage_dag.py
[2026-09-25T12:34:55.629+0000] {logging_mixin.py:190} INFO - [2026-09-25T12:34:55.628+0000] {dag.py:3239} INFO - Sync 1 DAGs
[2026-09-25T12:34:55.683+0000] {logging_mixin.py:190} INFO - [2026-09-25T12:34:55.682+0000] {dag.py:4180} INFO - Setting next_dagrun for comptage_dag to 2026-09-25 00:00:00+00:00, run_after=2026-09-26 00:00:00+00:00
[2026-09-25T12:34:55.714+0000] {processor.py:208} INFO - Processing /opt/airflow/dags/comptage_dag.py took 0.166 seconds
[2026-09-25T12:35:25.940+0000] {processor.py:186} INFO - Started process (PID=692) to work on /opt/airflow/dags/comptage_dag.py
[2026-09-25T12:35:25.942+0000] {processor.py:914} INFO - Processing file /opt/airflow/dags/comptage_dag.py for tasks to queue
[2026-09-25T12:35:25.944+0000] {logging_mixin.py:190} INFO - [2026-09-25T12:35:25.944+0000] {dagbag.py:588} INFO - Filling up the DagBag from /opt/airflow/dags/comptage_dag.py
[2026-09-25T12:35:25.965+0000] {processor.py:925} INFO - DAG(s) 'comptage_dag' retrieved from /opt/airflow/dags/comptage_dag.py
[2026-09-25T12:35:26.008+0000] {logging_mixin.py:190} INFO - [2026-09-25T12:35:26.008+0000] {dag.py:3239} INFO - Sync 1 DAGs
[2026-09-25T12:35:26.041+0000] {logging_mixin.py:190} INFO - [2026-09-25T12:35:26.041+0000] {dag.py:4180} INFO - Setting next_dagrun for comptage_dag to 2026-09-25 00:00:00+00:00, run_after=2026-09-26 00:00:00+00:00
[2026-09-25T12:35:26.071+0000] {processor.py:208} INFO - Processing /opt/airflow/dags/comptage_dag.py took 0.142 seconds
[2026-09-25T12:35:56.179+0000] {processor.py:186} INFO - Started process (PID=716) to work on /opt/airflow/dags/comptage_dag.py
[2026-09-25T12:35:56.180+0000] {processor.py:914} INFO - Processing file /opt/airflow/dags/comptage_dag.py for tasks to queue
[2026-09-25T12:35:56.181+0000] {logging_mixin.py:190} INFO - [2026-09-25T12:35:56.181+0000] {dagbag.py:588} INFO - Filling up the DagBag from /opt/airflow/dags/comptage_dag.py
[2026-09-25T12:35:56.192+0000] {processor.py:925} INFO - DAG(s) 'comptage_dag' retrieved from /opt/airflow/dags/comptage_dag.py
[2026-09-25T12:35:56.219+0000] {logging_mixin.py:190} INFO - [2026-09-25T12:35:56.219+0000] {dag.py:3239} INFO - Sync 1 DAGs
[2026-09-25T12:35:56.250+0000] {logging_mixin.py:190} INFO - [2026-09-25T12:35:56.250+0000] {dag.py:4180} INFO - Setting next_dagrun for comptage_dag to 2026-09-25 00:00:00+00:00, run_after=2026-09-26 00:00:00+00:00
[2026-09-25T12:35:56.274+0000] {processor.py:208} INFO - Processing /opt/airflow/dags/comptage_dag.py took 0.101 seconds
[2026-09-25T12:36:26.439+0000] {processor.py:186} INFO - Started process (PID=734) to work on /opt/airflow/dags/comptage_dag.py
[2026-09-25T12:36:26.445+0000] {processor.py:914} INFO - Processing file /opt/airflow/dags/comptage_dag.py for tasks to queue
[2026-09-25T12:36:26.448+0000] {logging_mixin.py:190} INFO - [2026-09-25T12:36:26.447+0000] {dagbag.py:588} INFO - Filling up the DagBag from /opt/airflow/dags/comptage_dag.py
[2026-09-25T12:36:26.466+0000] {processor.py:925} INFO - DAG(s) 'comptage_dag' retrieved from /opt/airflow/dags/comptage_dag.py
[2026-09-25T12:36:26.506+0000] {logging_mixin.py:190} INFO - [2026-09-25T12:36:26.506+0000] {dag.py:3239} INFO - Sync 1 DAGs
[2026-09-25T12:36:26.541+0000] {logging_mixin.py:190} INFO - [2026-09-25T12:36:26.540+0000] {dag.py:4180} INFO - Setting next_dagrun for comptage_dag to 2026-09-25 00:00:00+00:00, run_after=2026-09-26 00:00:00+00:00
[2026-09-25T12:36:26.559+0000] {processor.py:208} INFO - Processing /opt/airflow/dags/comptage_dag.py took 0.131 seconds
[2026-09-25T12:36:56.802+0000] {processor.py:186} INFO - Started process (PID=751) to work on /opt/airflow/dags/comptage_dag.py
[2026-09-25T12:36:56.803+0000] {processor.py:914} INFO - Processing file /opt/airflow/dags/comptage_dag.py for tasks to queue
[2026-09-25T12:36:56.806+0000] {logging_mixin.py:190} INFO - [2026-09-25T12:36:56.805+0000] {dagbag.py:588} INFO - Filling up the DagBag from /opt/airflow/dags/comptage_dag.py
[2026-09-25T12:36:56.826+0000] {processor.py:925} INFO - DAG(s) 'comptage_dag' retrieved from /opt/airflow/dags/comptage_dag.py
[2026-09-25T12:36:56.875+0000] {logging_mixin.py:190} INFO - [2026-09-25T12:36:56.874+0000] {dag.py:3239} INFO - Sync 1 DAGs
[2026-09-25T12:36:56.941+0000] {logging_mixin.py:190} INFO - [2026-09-25T12:36:56.940+0000] {dag.py:4180} INFO - Setting next_dagrun for comptage_dag to 2026-09-25 00:00:00+00:00, run_after=2026-09-26 00:00:00+00:00
[2026-09-25T12:36:56.976+0000] {processor.py:208} INFO - Processing /opt/airflow/dags/comptage_dag.py took 0.186 seconds
[2026-09-25T12:37:01.893+0000] {processor.py:186} INFO - Started process (PID=752) to work on /opt/airflow/dags/comptage_dag.py
[2026-09-25T12:37:01.901+0000] {processor.py:914} INFO - Processing file /opt/airflow/dags/comptage_dag.py for tasks to queue
[2026-09-25T12:37:01.903+0000] {logging_mixin.py:190} INFO - [2026-09-25T12:37:01.902+0000] {dagbag.py:588} INFO - Filling up the DagBag from /opt/airflow/dags/comptage_dag.py
[2026-09-25T12:37:01.918+0000] {processor.py:925} INFO - DAG(s) 'comptage_dag' retrieved from /opt/airflow/dags/comptage_dag.py
[2026-09-25T12:37:02.111+0000] {logging_mixin.py:190} INFO - [2026-09-25T12:37:02.110+0000] {dag.py:3239} INFO - Sync 1 DAGs
[2026-09-25T12:37:02.133+0000] {logging_mixin.py:190} INFO - [2026-09-25T12:37:02.133+0000] {dag.py:4180} INFO - Setting next_dagrun for comptage_dag to 2026-09-25 00:00:00+00:00, run_after=2026-09-26 00:00:00+00:00
[2026-09-25T12:37:02.153+0000] {processor.py:208} INFO - Processing /opt/airflow/dags/comptage_dag.py took 0.277 seconds
[2026-09-25T12:37:32.289+0000] {processor.py:186} INFO - Started process (PID=769) to work on /opt/airflow/dags/comptage_dag.py
[2026-09-25T12:37:32.290+0000] {processor.py:914} INFO - Processing file /opt/airflow/dags/comptage_dag.py for tasks to queue
[2026-09-25T12:37:32.293+0000] {logging_mixin.py:190} INFO - [2026-09-25T12:37:32.292+0000] {dagbag.py:588} INFO - Filling up the DagBag from /opt/airflow/dags/comptage_dag.py
[2026-09-25T12:37:32.306+0000] {processor.py:925} INFO - DAG(s) 'comptage_dag' retrieved from /opt/airflow/dags/comptage_dag.py
[2026-09-25T12:37:32.340+0000] {logging_mixin.py:190} INFO - [2026-09-25T12:37:32.339+0000] {dag.py:3239} INFO - Sync 1 DAGs
[2026-09-25T12:37:32.382+0000] {logging_mixin.py:190} INFO - [2026-09-25T12:37:32.381+0000] {dag.py:4180} INFO - Setting next_dagrun for comptage_dag to 2026-09-25 00:00:00+00:00, run_after=2026-09-26 00:00:00+00:00
[2026-09-25T12:37:32.414+0000] {processor.py:208} INFO - Processing /opt/airflow/dags/comptage_dag.py took 0.134 seconds
[2026-09-25T12:38:02.661+0000] {processor.py:186} INFO - Started process (PID=786) to work on /opt/airflow/dags/comptage_dag.py
[2026-09-25T12:38:02.667+0000] {processor.py:914} INFO - Processing file /opt/airflow/dags/comptage_dag.py for tasks to queue
[2026-09-25T12:38:02.669+0000] {logging_mixin.py:190} INFO - [2026-09-25T12:38:02.668+0000] {dagbag.py:588} INFO - Filling up the DagBag from /opt/airflow/dags/comptage_dag.py
[2026-09-25T12:38:02.679+0000] {processor.py:925} INFO - DAG(s) 'comptage_dag' retrieved from /opt/airflow/dags/comptage_dag.py
[2026-09-25T12:38:02.704+0000] {logging_mixin.py:190} INFO - [2026-09-25T12:38:02.704+0000] {dag.py:3239} INFO - Sync 1 DAGs
[2026-09-25T12:38:02.735+0000] {logging_mixin.py:190} INFO - [2026-09-25T12:38:02.735+0000] {dag.py:4180} INFO - Setting next_dagrun for comptage_dag to 2026-09-25 00:00:00+00:00, run_after=2026-09-26 00:00:00+00:00
[2026-09-25T12:38:02.760+0000] {processor.py:208} INFO - Processing /opt/airflow/dags/comptage_dag.py took 0.105 seconds
[2026-09-25T12:38:10.750+0000] {processor.py:186} INFO - Started process (PID=795) to work on /opt/airflow/dags/comptage_dag.py
[2026-09-25T12:38:10.752+0000] {processor.py:914} INFO - Processing file /opt/airflow/dags/comptage_dag.py for tasks to queue
[2026-09-25T12:38:10.755+0000] {logging_mixin.py:190} INFO - [2026-09-25T12:38:10.754+0000] {dagbag.py:588} INFO - Filling up the DagBag from /opt/airflow/dags/comptage_dag.py
[2026-09-25T12:38:10.776+0000] {processor.py:925} INFO - DAG(s) 'comptage_dag' retrieved from /opt/airflow/dags/comptage_dag.py
[2026-09-25T12:38:10.952+0000] {logging_mixin.py:190} INFO - [2026-09-25T12:38:10.952+0000] {dag.py:3239} INFO - Sync 1 DAGs
[2026-09-25T12:38:11.002+0000] {logging_mixin.py:190} INFO - [2026-09-25T12:38:11.002+0000] {dag.py:4180} INFO - Setting next_dagrun for comptage_dag to 2026-09-25 00:00:00+00:00, run_after=2026-09-26 00:00:00+00:00
[2026-09-25T12:38:11.043+0000] {processor.py:208} INFO - Processing /opt/airflow/dags/comptage_dag.py took 0.305 seconds
[2026-09-25T12:38:41.096+0000] {processor.py:186} INFO - Started process (PID=812) to work on /opt/airflow/dags/comptage_dag.py
[2026-09-25T12:38:41.102+0000] {processor.py:914} INFO - Processing file /opt/airflow/dags/comptage_dag.py for tasks to queue
[2026-09-25T12:38:41.104+0000] {logging_mixin.py:190} INFO - [2026-09-25T12:38:41.104+0000] {dagbag.py:588} INFO - Filling up the DagBag from /opt/airflow/dags/comptage_dag.py
[2026-09-25T12:38:41.125+0000] {processor.py:925} INFO - DAG(s) 'comptage_dag' retrieved from /opt/airflow/dags/comptage_dag.py
[2026-09-25T12:38:41.170+0000] {logging_mixin.py:190} INFO - [2026-09-25T12:38:41.169+0000] {dag.py:3239} INFO - Sync 1 DAGs
[2026-09-25T12:38:41.203+0000] {logging_mixin.py:190} INFO - [2026-09-25T12:38:41.203+0000] {dag.py:4180} INFO - Setting next_dagrun for comptage_dag to 2026-09-25 00:00:00+00:00, run_after=2026-09-26 00:00:00+00:00
[2026-09-25T12:38:41.232+0000] {processor.py:208} INFO - Processing /opt/airflow/dags/comptage_dag.py took 0.148 seconds
[2026-09-25T12:39:11.340+0000] {processor.py:186} INFO - Started process (PID=829) to work on /opt/airflow/dags/comptage_dag.py
[2026-09-25T12:39:11.342+0000] {processor.py:914} INFO - Processing file /opt/airflow/dags/comptage_dag.py for tasks to queue
[2026-09-25T12:39:11.343+0000] {logging_mixin.py:190} INFO - [2026-09-25T12:39:11.343+0000] {dagbag.py:588} INFO - Filling up the DagBag from /opt/airflow/dags/comptage_dag.py
[2026-09-25T12:39:11.358+0000] {processor.py:925} INFO - DAG(s) 'comptage_dag' retrieved from /opt/airflow/dags/comptage_dag.py
[2026-09-25T12:39:11.390+0000] {logging_mixin.py:190} INFO - [2026-09-25T12:39:11.389+0000] {dag.py:3239} INFO - Sync 1 DAGs
[2026-09-25T12:39:11.438+0000] {logging_mixin.py:190} INFO - [2026-09-25T12:39:11.438+0000] {dag.py:4180} INFO - Setting next_dagrun for comptage_dag to 2026-09-25 00:00:00+00:00, run_after=2026-09-26 00:00:00+00:00
[2026-09-25T12:39:11.471+0000] {processor.py:208} INFO - Processing /opt/airflow/dags/comptage_dag.py took 0.139 seconds
[2026-09-25T12:39:41.726+0000] {processor.py:186} INFO - Started process (PID=846) to work on /opt/airflow/dags/comptage_dag.py
[2026-09-25T12:39:41.733+0000] {processor.py:914} INFO - Processing file /opt/airflow/dags/comptage_dag.py for tasks to queue
[2026-09-25T12:39:41.736+0000] {logging_mixin.py:190} INFO - [2026-09-25T12:39:41.736+0000] {dagbag.py:588} INFO - Filling up the DagBag from /opt/airflow/dags/comptage_dag.py
[2026-09-25T12:39:41.753+0000] {processor.py:925} INFO - DAG(s) 'comptage_dag' retrieved from /opt/airflow/dags/comptage_dag.py
[2026-09-25T12:39:41.794+0000] {logging_mixin.py:190} INFO - [2026-09-25T12:39:41.794+0000] {dag.py:3239} INFO - Sync 1 DAGs
[2026-09-25T12:39:41.833+0000] {logging_mixin.py:190} INFO - [2026-09-25T12:39:41.833+0000] {dag.py:4180} INFO - Setting next_dagrun for comptage_dag to 2026-09-25 00:00:00+00:00, run_after=2026-09-26 00:00:00+00:00
[2026-09-25T12:39:41.870+0000] {processor.py:208} INFO - Processing /opt/airflow/dags/comptage_dag.py took 0.156 seconds
[2026-09-25T12:40:11.965+0000] {processor.py:186} INFO - Started process (PID=863) to work on /opt/airflow/dags/comptage_dag.py
[2026-09-25T12:40:11.966+0000] {processor.py:914} INFO - Processing file /opt/airflow/dags/comptage_dag.py for tasks to queue
[2026-09-25T12:40:11.968+0000] {logging_mixin.py:190} INFO - [2026-09-25T12:40:11.968+0000] {dagbag.py:588} INFO - Filling up the DagBag from /opt/airflow/dags/comptage_dag.py
[2026-09-25T12:40:11.987+0000] {processor.py:925} INFO - DAG(s) 'comptage_dag' retrieved from /opt/airflow/dags/comptage_dag.py
[2026-09-25T12:40:12.031+0000] {logging_mixin.py:190} INFO - [2026-09-25T12:40:12.031+0000] {dag.py:3239} INFO - Sync 1 DAGs
[2026-09-25T12:40:12.062+0000] {logging_mixin.py:190} INFO - [2026-09-25T12:40:12.061+0000] {dag.py:4180} INFO - Setting next_dagrun for comptage_dag to 2026-09-25 00:00:00+00:00, run_after=2026-09-26 00:00:00+00:00
[2026-09-25T12:40:12.079+0000] {processor.py:208} INFO - Processing /opt/airflow/dags/comptage_dag.py took 0.127 seconds
[2026-09-25T12:40:36.317+0000] {processor.py:186} INFO - Started process (PID=880) to work on /opt/airflow/dags/comptage_dag.py
[2026-09-25T12:40:36.320+0000] {processor.py:914} INFO - Processing file /opt/airflow/dags/comptage_dag.py for tasks to queue
[2026-09-25T12:40:36.324+0000] {logging_mixin.py:190} INFO - [2026-09-25T12:40:36.323+0000] {dagbag.py:588} INFO - Filling up the DagBag from /opt/airflow/dags/comptage_dag.py
[2026-09-25T12:40:36.355+0000] {processor.py:925} INFO - DAG(s) 'comptage_dag' retrieved from /opt/airflow/dags/comptage_dag.py
[2026-09-25T12:40:36.391+0000] {logging_mixin.py:190} INFO - [2026-09-25T12:40:36.390+0000] {dag.py:3239} INFO - Sync 1 DAGs
[2026-09-25T12:40:36.428+0000] {logging_mixin.py:190} INFO - [2026-09-25T12:40:36.428+0000] {dag.py:4180} INFO - Setting next_dagrun for comptage_dag to 2026-09-25 00:00:00+00:00, run_after=2026-09-26 00:00:00+00:00
[2026-09-25T12:40:36.454+0000] {processor.py:208} INFO - Processing /opt/airflow/dags/comptage_dag.py took 0.160 seconds
[2026-09-25T12:41:06.552+0000] {processor.py:186} INFO - Started process (PID=897) to work on /opt/airflow/dags/comptage_dag.py
[2026-09-25T12:41:06.554+0000] {processor.py:914} INFO - Processing file /opt/airflow/dags/comptage_dag.py for tasks to queue
[2026-09-25T12:41:06.556+0000] {logging_mixin.py:190} INFO - [2026-09-25T12:41:06.556+0000] {dagbag.py:588} INFO - Filling up the DagBag from /opt/airflow/dags/comptage_dag.py
[2026-09-25T12:41:06.578+0000] {processor.py:925} INFO - DAG(s) 'comptage_dag' retrieved from /opt/airflow/dags/comptage_dag.py
[2026-09-25T12:41:06.622+0000] {logging_mixin.py:190} INFO - [2026-09-25T12:41:06.621+0000] {dag.py:3239} INFO - Sync 1 DAGs
[2026-09-25T12:41:06.678+0000] {logging_mixin.py:190} INFO - [2026-09-25T12:41:06.678+0000] {dag.py:4180} INFO - Setting next_dagrun for comptage_dag to 2026-09-25 00:00:00+00:00, run_after=2026-09-26 00:00:00+00:00
[2026-09-25T12:41:06.709+0000] {processor.py:208} INFO - Processing /opt/airflow/dags/comptage_dag.py took 0.171 seconds
[2026-09-25T12:41:36.940+0000] {processor.py:186} INFO - Started process (PID=914) to work on /opt/airflow/dags/comptage_dag.py
[2026-09-25T12:41:36.947+0000] {processor.py:914} INFO - Processing file /opt/airflow/dags/comptage_dag.py for tasks to queue
[2026-09-25T12:41:36.950+0000] {logging_mixin.py:190} INFO - [2026-09-25T12:41:36.949+0000] {dagbag.py:588} INFO - Filling up the DagBag from /opt/airflow/dags/comptage_dag.py
[2026-09-25T12:41:36.973+0000] {processor.py:925} INFO - DAG(s) 'comptage_dag' retrieved from /opt/airflow/dags/comptage_dag.py
[2026-09-25T12:41:37.006+0000] {logging_mixin.py:190} INFO - [2026-09-25T12:41:37.006+0000] {dag.py:3239} INFO - Sync 1 DAGs
[2026-09-25T12:41:37.041+0000] {logging_mixin.py:190} INFO - [2026-09-25T12:41:37.041+0000] {dag.py:4180} INFO - Setting next_dagrun for comptage_dag to 2026-09-25 00:00:00+00:00, run_after=2026-09-26 00:00:00+00:00
[2026-09-25T12:41:37.071+0000] {processor.py:208} INFO - Processing /opt/airflow/dags/comptage_dag.py took 0.144 seconds
[2026-09-25T12:42:07.249+0000] {processor.py:186} INFO - Started process (PID=931) to work on /opt/airflow/dags/comptage_dag.py
[2026-09-25T12:42:07.256+0000] {processor.py:914} INFO - Processing file /opt/airflow/dags/comptage_dag.py for tasks to queue
[2026-09-25T12:42:07.258+0000] {logging_mixin.py:190} INFO - [2026-09-25T12:42:07.258+0000] {dagbag.py:588} INFO - Filling up the DagBag from /opt/airflow/dags/comptage_dag.py
[2026-09-25T12:42:07.277+0000] {processor.py:925} INFO - DAG(s) 'comptage_dag' retrieved from /opt/airflow/dags/comptage_dag.py
[2026-09-25T12:42:07.319+0000] {logging_mixin.py:190} INFO - [2026-09-25T12:42:07.319+0000] {dag.py:3239} INFO - Sync 1 DAGs
[2026-09-25T12:42:07.351+0000] {logging_mixin.py:190} INFO - [2026-09-25T12:42:07.350+0000] {dag.py:4180} INFO - Setting next_dagrun for comptage_dag to 2026-09-25 00:00:00+00:00, run_after=2026-09-26 00:00:00+00:00
[2026-09-25T12:42:07.369+0000] {processor.py:208} INFO - Processing /opt/airflow/dags/comptage_dag.py took 0.132 seconds
[2026-09-25T12:42:13.391+0000] {processor.py:186} INFO - Started process (PID=932) to work on /opt/airflow/dags/comptage_dag.py
[2026-09-25T12:42:13.392+0000] {processor.py:914} INFO - Processing file /opt/airflow/dags/comptage_dag.py for tasks to queue
[2026-09-25T12:42:13.396+0000] {logging_mixin.py:190} INFO - [2026-09-25T12:42:13.395+0000] {dagbag.py:588} INFO - Filling up the DagBag from /opt/airflow/dags/comptage_dag.py
[2026-09-25T12:42:13.417+0000] {processor.py:925} INFO - DAG(s) 'comptage_dag' retrieved from /opt/airflow/dags/comptage_dag.py
[2026-09-25T12:42:13.457+0000] {logging_mixin.py:190} INFO - [2026-09-25T12:42:13.457+0000] {dag.py:3239} INFO - Sync 1 DAGs
[2026-09-25T12:42:13.492+0000] {logging_mixin.py:190} INFO - [2026-09-25T12:42:13.492+0000] {dag.py:4180} INFO - Setting next_dagrun for comptage_dag to 2026-09-25 00:00:00+00:00, run_after=2026-09-26 00:00:00+00:00
[2026-09-25T12:42:13.522+0000] {processor.py:208} INFO - Processing /opt/airflow/dags/comptage_dag.py took 0.144 seconds
[2026-09-25T12:42:43.695+0000] {processor.py:186} INFO - Started process (PID=956) to work on /opt/airflow/dags/comptage_dag.py
[2026-09-25T12:42:43.696+0000] {processor.py:914} INFO - Processing file /opt/airflow/dags/comptage_dag.py for tasks to queue
[2026-09-25T12:42:43.698+0000] {logging_mixin.py:190} INFO - [2026-09-25T12:42:43.697+0000] {dagbag.py:588} INFO - Filling up the DagBag from /opt/airflow/dags/comptage_dag.py
[2026-09-25T12:42:43.711+0000] {processor.py:925} INFO - DAG(s) 'comptage_dag' retrieved from /opt/airflow/dags/comptage_dag.py
[2026-09-25T12:42:43.743+0000] {logging_mixin.py:190} INFO - [2026-09-25T12:42:43.742+0000] {dag.py:3239} INFO - Sync 1 DAGs
[2026-09-25T12:42:43.781+0000] {logging_mixin.py:190} INFO - [2026-09-25T12:42:43.781+0000] {dag.py:4180} INFO - Setting next_dagrun for comptage_dag to 2026-09-25 00:00:00+00:00, run_after=2026-09-26 00:00:00+00:00
[2026-09-25T12:42:43.808+0000] {processor.py:208} INFO - Processing /opt/airflow/dags/comptage_dag.py took 0.122 seconds
[2026-09-25T12:43:13.986+0000] {processor.py:186} INFO - Started process (PID=973) to work on /opt/airflow/dags/comptage_dag.py
[2026-09-25T12:43:13.987+0000] {processor.py:914} INFO - Processing file /opt/airflow/dags/comptage_dag.py for tasks to queue
[2026-09-25T12:43:13.989+0000] {logging_mixin.py:190} INFO - [2026-09-25T12:43:13.988+0000] {dagbag.py:588} INFO - Filling up the DagBag from /opt/airflow/dags/comptage_dag.py
[2026-09-25T12:43:14.003+0000] {processor.py:925} INFO - DAG(s) 'comptage_dag' retrieved from /opt/airflow/dags/comptage_dag.py
[2026-09-25T12:43:14.037+0000] {logging_mixin.py:190} INFO - [2026-09-25T12:43:14.037+0000] {dag.py:3239} INFO - Sync 1 DAGs
[2026-09-25T12:43:14.080+0000] {logging_mixin.py:190} INFO - [2026-09-25T12:43:14.080+0000] {dag.py:4180} INFO - Setting next_dagrun for comptage_dag to 2026-09-25 00:00:00+00:00, run_after=2026-09-26 00:00:00+00:00
[2026-09-25T12:43:14.113+0000] {processor.py:208} INFO - Processing /opt/airflow/dags/comptage_dag.py took 0.136 seconds
[2026-09-25T12:43:44.294+0000] {processor.py:186} INFO - Started process (PID=990) to work on /opt/airflow/dags/comptage_dag.py
[2026-09-25T12:43:44.301+0000] {processor.py:914} INFO - Processing file /opt/airflow/dags/comptage_dag.py for tasks to queue
[2026-09-25T12:43:44.302+0000] {logging_mixin.py:190} INFO - [2026-09-25T12:43:44.302+0000] {dagbag.py:588} INFO - Filling up the DagBag from /opt/airflow/dags/comptage_dag.py
[2026-09-25T12:43:44.319+0000] {processor.py:925} INFO - DAG(s) 'comptage_dag' retrieved from /opt/airflow/dags/comptage_dag.py
[2026-09-25T12:43:44.364+0000] {logging_mixin.py:190} INFO - [2026-09-25T12:43:44.363+0000] {dag.py:3239} INFO - Sync 1 DAGs
[2026-09-25T12:43:44.418+0000] {logging_mixin.py:190} INFO - [2026-09-25T12:43:44.418+0000] {dag.py:4180} INFO - Setting next_dagrun for comptage_dag to 2026-09-25 00:00:00+00:00, run_after=2026-09-26 00:00:00+00:00
[2026-09-25T12:43:44.460+0000] {processor.py:208} INFO - Processing /opt/airflow/dags/comptage_dag.py took 0.175 seconds
[2026-09-25T12:44:14.589+0000] {processor.py:186} INFO - Started process (PID=1007) to work on /opt/airflow/dags/comptage_dag.py
[2026-09-25T12:44:14.590+0000] {processor.py:914} INFO - Processing file /opt/airflow/dags/comptage_dag.py for tasks to queue
[2026-09-25T12:44:14.591+0000] {logging_mixin.py:190} INFO - [2026-09-25T12:44:14.591+0000] {dagbag.py:588} INFO - Filling up the DagBag from /opt/airflow/dags/comptage_dag.py
[2026-09-25T12:44:14.602+0000] {processor.py:925} INFO - DAG(s) 'comptage_dag' retrieved from /opt/airflow/dags/comptage_dag.py
[2026-09-25T12:44:14.627+0000] {logging_mixin.py:190} INFO - [2026-09-25T12:44:14.627+0000] {dag.py:3239} INFO - Sync 1 DAGs
[2026-09-25T12:44:14.658+0000] {logging_mixin.py:190} INFO - [2026-09-25T12:44:14.657+0000] {dag.py:4180} INFO - Setting next_dagrun for comptage_dag to 2026-09-25 00:00:00+00:00, run_after=2026-09-26 00:00:00+00:00
[2026-09-25T12:44:14.683+0000] {processor.py:208} INFO - Processing /opt/airflow/dags/comptage_dag.py took 0.100 seconds
[2026-09-25T12:44:44.922+0000] {processor.py:186} INFO - Started process (PID=1025) to work on /opt/airflow/dags/comptage_dag.py
[2026-09-25T12:44:44.924+0000] {processor.py:914} INFO - Processing file /opt/airflow/dags/comptage_dag.py for tasks to queue
[2026-09-25T12:44:44.926+0000] {logging_mixin.py:190} INFO - [2026-09-25T12:44:44.925+0000] {dagbag.py:588} INFO - Filling up the DagBag from /opt/airflow/dags/comptage_dag.py
[2026-09-25T12:44:44.941+0000] {processor.py:925} INFO - DAG(s) 'comptage_dag' retrieved from /opt/airflow/dags/comptage_dag.py
[2026-09-25T12:44:44.970+0000] {logging_mixin.py:190} INFO - [2026-09-25T12:44:44.969+0000] {dag.py:3239} INFO - Sync 1 DAGs
[2026-09-25T12:44:45.002+0000] {logging_mixin.py:190} INFO - [2026-09-25T12:44:45.001+0000] {dag.py:4180} INFO - Setting next_dagrun for comptage_dag to 2026-09-25 00:00:00+00:00, run_after=2026-09-26 00:00:00+00:00
[2026-09-25T12:44:45.024+0000] {processor.py:208} INFO - Processing /opt/airflow/dags/comptage_dag.py took 0.109 seconds
[2026-09-25T12:45:15.216+0000] {processor.py:186} INFO - Started process (PID=1041) to work on /opt/airflow/dags/comptage_dag.py
[2026-09-25T12:45:15.219+0000] {processor.py:914} INFO - Processing file /opt/airflow/dags/comptage_dag.py for tasks to queue
[2026-09-25T12:45:15.221+0000] {logging_mixin.py:190} INFO - [2026-09-25T12:45:15.220+0000] {dagbag.py:588} INFO - Filling up the DagBag from /opt/airflow/dags/comptage_dag.py
[2026-09-25T12:45:15.246+0000] {processor.py:925} INFO - DAG(s) 'comptage_dag' retrieved from /opt/airflow/dags/comptage_dag.py
[2026-09-25T12:45:15.299+0000] {logging_mixin.py:190} INFO - [2026-09-25T12:45:15.298+0000] {dag.py:3239} INFO - Sync 1 DAGs
[2026-09-25T12:45:15.359+0000] {logging_mixin.py:190} INFO - [2026-09-25T12:45:15.358+0000] {dag.py:4180} INFO - Setting next_dagrun for comptage_dag to 2026-09-25 00:00:00+00:00, run_after=2026-09-26 00:00:00+00:00
[2026-09-25T12:45:15.401+0000] {processor.py:208} INFO - Processing /opt/airflow/dags/comptage_dag.py took 0.198 seconds
[2026-09-25T12:45:45.538+0000] {processor.py:186} INFO - Started process (PID=1058) to work on /opt/airflow/dags/comptage_dag.py
[2026-09-25T12:45:45.539+0000] {processor.py:914} INFO - Processing file /opt/airflow/dags/comptage_dag.py for tasks to queue
[2026-09-25T12:45:45.541+0000] {logging_mixin.py:190} INFO - [2026-09-25T12:45:45.541+0000] {dagbag.py:588} INFO - Filling up the DagBag from /opt/airflow/dags/comptage_dag.py
[2026-09-25T12:45:45.555+0000] {processor.py:925} INFO - DAG(s) 'comptage_dag' retrieved from /opt/airflow/dags/comptage_dag.py
[2026-09-25T12:45:45.583+0000] {logging_mixin.py:190} INFO - [2026-09-25T12:45:45.582+0000] {dag.py:3239} INFO - Sync 1 DAGs
[2026-09-25T12:45:45.614+0000] {logging_mixin.py:190} INFO - [2026-09-25T12:45:45.614+0000] {dag.py:4180} INFO - Setting next_dagrun for comptage_dag to 2026-09-25 00:00:00+00:00, run_after=2026-09-26 00:00:00+00:00
[2026-09-25T12:45:45.641+0000] {processor.py:208} INFO - Processing /opt/airflow/dags/comptage_dag.py took 0.110 seconds
[2026-09-25T12:46:15.969+0000] {processor.py:186} INFO - Started process (PID=1075) to work on /opt/airflow/dags/comptage_dag.py
[2026-09-25T12:46:15.971+0000] {processor.py:914} INFO - Processing file /opt/airflow/dags/comptage_dag.py for tasks to queue
[2026-09-25T12:46:15.972+0000] {logging_mixin.py:190} INFO - [2026-09-25T12:46:15.972+0000] {dagbag.py:588} INFO - Filling up the DagBag from /opt/airflow/dags/comptage_dag.py
[2026-09-25T12:46:15.995+0000] {processor.py:925} INFO - DAG(s) 'comptage_dag' retrieved from /opt/airflow/dags/comptage_dag.py
[2026-09-25T12:46:16.044+0000] {logging_mixin.py:190} INFO - [2026-09-25T12:46:16.043+0000] {dag.py:3239} INFO - Sync 1 DAGs
[2026-09-25T12:46:16.112+0000] {logging_mixin.py:190} INFO - [2026-09-25T12:46:16.112+0000] {dag.py:4180} INFO - Setting next_dagrun for comptage_dag to 2026-09-25 00:00:00+00:00, run_after=2026-09-26 00:00:00+00:00
[2026-09-25T12:46:16.161+0000] {processor.py:208} INFO - Processing /opt/airflow/dags/comptage_dag.py took 0.206 seconds
[2026-09-25T12:46:46.297+0000] {processor.py:186} INFO - Started process (PID=1085) to work on /opt/airflow/dags/comptage_dag.py
[2026-09-25T12:46:46.304+0000] {processor.py:914} INFO - Processing file /opt/airflow/dags/comptage_dag.py for tasks to queue
[2026-09-25T12:46:46.308+0000] {logging_mixin.py:190} INFO - [2026-09-25T12:46:46.307+0000] {dagbag.py:588} INFO - Filling up the DagBag from /opt/airflow/dags/comptage_dag.py
[2026-09-25T12:46:46.345+0000] {processor.py:925} INFO - DAG(s) 'comptage_dag' retrieved from /opt/airflow/dags/comptage_dag.py
[2026-09-25T12:46:46.396+0000] {logging_mixin.py:190} INFO - [2026-09-25T12:46:46.396+0000] {dag.py:3239} INFO - Sync 1 DAGs
[2026-09-25T12:46:46.455+0000] {logging_mixin.py:190} INFO - [2026-09-25T12:46:46.454+0000] {dag.py:4180} INFO - Setting next_dagrun for comptage_dag to 2026-09-25 00:00:00+00:00, run_after=2026-09-26 00:00:00+00:00
[2026-09-25T12:46:46.506+0000] {processor.py:208} INFO - Processing /opt/airflow/dags/comptage_dag.py took 0.228 seconds
[2026-09-25T12:47:16.701+0000] {processor.py:186} INFO - Started process (PID=1101) to work on /opt/airflow/dags/comptage_dag.py
[2026-09-25T12:47:16.703+0000] {processor.py:914} INFO - Processing file /opt/airflow/dags/comptage_dag.py for tasks to queue
[2026-09-25T12:47:16.707+0000] {logging_mixin.py:190} INFO - [2026-09-25T12:47:16.705+0000] {dagbag.py:588} INFO - Filling up the DagBag from /opt/airflow/dags/comptage_dag.py
[2026-09-25T12:47:16.737+0000] {processor.py:925} INFO - DAG(s) 'comptage_dag' retrieved from /opt/airflow/dags/comptage_dag.py
[2026-09-25T12:47:16.803+0000] {logging_mixin.py:190} INFO - [2026-09-25T12:47:16.802+0000] {dag.py:3239} INFO - Sync 1 DAGs
[2026-09-25T12:47:16.861+0000] {logging_mixin.py:190} INFO - [2026-09-25T12:47:16.860+0000] {dag.py:4180} INFO - Setting next_dagrun for comptage_dag to 2026-09-25 00:00:00+00:00, run_after=2026-09-26 00:00:00+00:00
[2026-09-25T12:47:16.920+0000] {processor.py:208} INFO - Processing /opt/airflow/dags/comptage_dag.py took 0.227 seconds
[2026-09-25T12:47:47.101+0000] {processor.py:186} INFO - Started process (PID=1126) to work on /opt/airflow/dags/comptage_dag.py
[2026-09-25T12:47:47.102+0000] {processor.py:914} INFO - Processing file /opt/airflow/dags/comptage_dag.py for tasks to queue
[2026-09-25T12:47:47.102+0000] {logging_mixin.py:190} INFO - [2026-09-25T12:47:47.102+0000] {dagbag.py:588} INFO - Filling up the DagBag from /opt/airflow/dags/comptage_dag.py
[2026-09-25T12:47:47.110+0000] {processor.py:925} INFO - DAG(s) 'comptage_dag' retrieved from /opt/airflow/dags/comptage_dag.py
[2026-09-25T12:47:47.125+0000] {logging_mixin.py:190} INFO - [2026-09-25T12:47:47.125+0000] {dag.py:3239} INFO - Sync 1 DAGs
[2026-09-25T12:47:47.142+0000] {logging_mixin.py:190} INFO - [2026-09-25T12:47:47.142+0000] {dag.py:4180} INFO - Setting next_dagrun for comptage_dag to 2026-09-25 00:00:00+00:00, run_after=2026-09-26 00:00:00+00:00
[2026-09-25T12:47:47.152+0000] {processor.py:208} INFO - Processing /opt/airflow/dags/comptage_dag.py took 0.061 seconds
[2026-09-25T12:48:17.261+0000] {processor.py:186} INFO - Started process (PID=1143) to work on /opt/airflow/dags/comptage_dag.py
[2026-09-25T12:48:17.262+0000] {processor.py:914} INFO - Processing file /opt/airflow/dags/comptage_dag.py for tasks to queue
[2026-09-25T12:48:17.263+0000] {logging_mixin.py:190} INFO - [2026-09-25T12:48:17.262+0000] {dagbag.py:588} INFO - Filling up the DagBag from /opt/airflow/dags/comptage_dag.py
[2026-09-25T12:48:17.270+0000] {processor.py:925} INFO - DAG(s) 'comptage_dag' retrieved from /opt/airflow/dags/comptage_dag.py
[2026-09-25T12:48:17.286+0000] {logging_mixin.py:190} INFO - [2026-09-25T12:48:17.286+0000] {dag.py:3239} INFO - Sync 1 DAGs
[2026-09-25T12:48:17.303+0000] {logging_mixin.py:190} INFO - [2026-09-25T12:48:17.303+0000] {dag.py:4180} INFO - Setting next_dagrun for comptage_dag to 2026-09-25 00:00:00+00:00, run_after=2026-09-26 00:00:00+00:00
[2026-09-25T12:48:17.313+0000] {processor.py:208} INFO - Processing /opt/airflow/dags/comptage_dag.py took 0.056 seconds
[2026-09-25T12:48:43.420+0000] {processor.py:186} INFO - Started process (PID=1159) to work on /opt/airflow/dags/comptage_dag.py
[2026-09-25T12:48:43.420+0000] {processor.py:914} INFO - Processing file /opt/airflow/dags/comptage_dag.py for tasks to queue
[2026-09-25T12:48:43.421+0000] {logging_mixin.py:190} INFO - [2026-09-25T12:48:43.421+0000] {dagbag.py:588} INFO - Filling up the DagBag from /opt/airflow/dags/comptage_dag.py
[2026-09-25T12:48:43.429+0000] {processor.py:925} INFO - DAG(s) 'comptage_dag' retrieved from /opt/airflow/dags/comptage_dag.py
[2026-09-25T12:48:43.442+0000] {logging_mixin.py:190} INFO - [2026-09-25T12:48:43.442+0000] {dag.py:3239} INFO - Sync 1 DAGs
[2026-09-25T12:48:43.458+0000] {logging_mixin.py:190} INFO - [2026-09-25T12:48:43.458+0000] {dag.py:4180} INFO - Setting next_dagrun for comptage_dag to 2026-09-25 00:00:00+00:00, run_after=2026-09-26 00:00:00+00:00
[2026-09-25T12:48:43.470+0000] {processor.py:208} INFO - Processing /opt/airflow/dags/comptage_dag.py took 0.054 seconds
[2026-09-25T12:49:13.572+0000] {processor.py:186} INFO - Started process (PID=1183) to work on /opt/airflow/dags/comptage_dag.py
[2026-09-25T12:49:13.572+0000] {processor.py:914} INFO - Processing file /opt/airflow/dags/comptage_dag.py for tasks to queue
[2026-09-25T12:49:13.573+0000] {logging_mixin.py:190} INFO - [2026-09-25T12:49:13.573+0000] {dagbag.py:588} INFO - Filling up the DagBag from /opt/airflow/dags/comptage_dag.py
[2026-09-25T12:49:13.580+0000] {processor.py:925} INFO - DAG(s) 'comptage_dag' retrieved from /opt/airflow/dags/comptage_dag.py
[2026-09-25T12:49:13.595+0000] {logging_mixin.py:190} INFO - [2026-09-25T12:49:13.595+0000] {dag.py:3239} INFO - Sync 1 DAGs
[2026-09-25T12:49:13.613+0000] {logging_mixin.py:190} INFO - [2026-09-25T12:49:13.612+0000] {dag.py:4180} INFO - Setting next_dagrun for comptage_dag to 2026-09-25 00:00:00+00:00, run_after=2026-09-26 00:00:00+00:00
[2026-09-25T12:49:13.623+0000] {processor.py:208} INFO - Processing /opt/airflow/dags/comptage_dag.py took 0.056 seconds
[2026-09-25T12:49:43.746+0000] {processor.py:186} INFO - Started process (PID=1200) to work on /opt/airflow/dags/comptage_dag.py
[2026-09-25T12:49:43.747+0000] {processor.py:914} INFO - Processing file /opt/airflow/dags/comptage_dag.py for tasks to queue
[2026-09-25T12:49:43.749+0000] {logging_mixin.py:190} INFO - [2026-09-25T12:49:43.748+0000] {dagbag.py:588} INFO - Filling up the DagBag from /opt/airflow/dags/comptage_dag.py
[2026-09-25T12:49:43.760+0000] {processor.py:925} INFO - DAG(s) 'comptage_dag' retrieved from /opt/airflow/dags/comptage_dag.py
[2026-09-25T12:49:43.778+0000] {logging_mixin.py:190} INFO - [2026-09-25T12:49:43.777+0000] {dag.py:3239} INFO - Sync 1 DAGs
[2026-09-25T12:49:43.797+0000] {logging_mixin.py:190} INFO - [2026-09-25T12:49:43.797+0000] {dag.py:4180} INFO - Setting next_dagrun for comptage_dag to 2026-09-25 00:00:00+00:00, run_after=2026-09-26 00:00:00+00:00
[2026-09-25T12:49:43.810+0000] {processor.py:208} INFO - Processing /opt/airflow/dags/comptage_dag.py took 0.070 seconds
[2026-09-25T12:50:13.920+0000] {processor.py:186} INFO - Started process (PID=1218) to work on /opt/airflow/dags/comptage_dag.py
[2026-09-25T12:50:13.920+0000] {processor.py:914} INFO - Processing file /opt/airflow/dags/comptage_dag.py for tasks to queue
[2026-09-25T12:50:13.921+0000] {logging_mixin.py:190} INFO - [2026-09-25T12:50:13.921+0000] {dagbag.py:588} INFO - Filling up the DagBag from /opt/airflow/dags/comptage_dag.py
[2026-09-25T12:50:13.930+0000] {processor.py:925} INFO - DAG(s) 'comptage_dag' retrieved from /opt/airflow/dags/comptage_dag.py
[2026-09-25T12:50:13.947+0000] {logging_mixin.py:190} INFO - [2026-09-25T12:50:13.947+0000] {dag.py:3239} INFO - Sync 1 DAGs
[2026-09-25T12:50:13.963+0000] {logging_mixin.py:190} INFO - [2026-09-25T12:50:13.963+0000] {dag.py:4180} INFO - Setting next_dagrun for comptage_dag to 2026-09-25 00:00:00+00:00, run_after=2026-09-26 00:00:00+00:00
[2026-09-25T12:50:13.975+0000] {processor.py:208} INFO - Processing /opt/airflow/dags/comptage_dag.py took 0.059 seconds
[2026-09-25T12:50:44.111+0000] {processor.py:186} INFO - Started process (PID=1243) to work on /opt/airflow/dags/comptage_dag.py
[2026-09-25T12:50:44.111+0000] {processor.py:914} INFO - Processing file /opt/airflow/dags/comptage_dag.py for tasks to queue
[2026-09-25T12:50:44.113+0000] {logging_mixin.py:190} INFO - [2026-09-25T12:50:44.112+0000] {dagbag.py:588} INFO - Filling up the DagBag from /opt/airflow/dags/comptage_dag.py
[2026-09-25T12:50:44.123+0000] {processor.py:925} INFO - DAG(s) 'comptage_dag' retrieved from /opt/airflow/dags/comptage_dag.py
[2026-09-25T12:50:44.142+0000] {logging_mixin.py:190} INFO - [2026-09-25T12:50:44.142+0000] {dag.py:3239} INFO - Sync 1 DAGs
[2026-09-25T12:50:44.161+0000] {logging_mixin.py:190} INFO - [2026-09-25T12:50:44.161+0000] {dag.py:4180} INFO - Setting next_dagrun for comptage_dag to 2026-09-25 00:00:00+00:00, run_after=2026-09-26 00:00:00+00:00
[2026-09-25T12:50:44.175+0000] {processor.py:208} INFO - Processing /opt/airflow/dags/comptage_dag.py took 0.069 seconds
[2026-09-25T12:51:14.303+0000] {processor.py:186} INFO - Started process (PID=1260) to work on /opt/airflow/dags/comptage_dag.py
[2026-09-25T12:51:14.305+0000] {processor.py:914} INFO - Processing file /opt/airflow/dags/comptage_dag.py for tasks to queue
[2026-09-25T12:51:14.307+0000] {logging_mixin.py:190} INFO - [2026-09-25T12:51:14.306+0000] {dagbag.py:588} INFO - Filling up the DagBag from /opt/airflow/dags/comptage_dag.py
[2026-09-25T12:51:14.317+0000] {processor.py:925} INFO - DAG(s) 'comptage_dag' retrieved from /opt/airflow/dags/comptage_dag.py
[2026-09-25T12:51:14.336+0000] {logging_mixin.py:190} INFO - [2026-09-25T12:51:14.336+0000] {dag.py:3239} INFO - Sync 1 DAGs
[2026-09-25T12:51:14.354+0000] {logging_mixin.py:190} INFO - [2026-09-25T12:51:14.353+0000] {dag.py:4180} INFO - Setting next_dagrun for comptage_dag to 2026-09-25 00:00:00+00:00, run_after=2026-09-26 00:00:00+00:00
[2026-09-25T12:51:14.365+0000] {processor.py:208} INFO - Processing /opt/airflow/dags/comptage_dag.py took 0.068 seconds
[2026-09-25T12:51:38.448+0000] {processor.py:186} INFO - Started process (PID=1277) to work on /opt/airflow/dags/comptage_dag.py
[2026-09-25T12:51:38.450+0000] {processor.py:914} INFO - Processing file /opt/airflow/dags/comptage_dag.py for tasks to queue
[2026-09-25T12:51:38.451+0000] {logging_mixin.py:190} INFO - [2026-09-25T12:51:38.451+0000] {dagbag.py:588} INFO - Filling up the DagBag from /opt/airflow/dags/comptage_dag.py
[2026-09-25T12:51:38.464+0000] {processor.py:925} INFO - DAG(s) 'comptage_dag' retrieved from /opt/airflow/dags/comptage_dag.py
[2026-09-25T12:51:38.508+0000] {logging_mixin.py:190} INFO - [2026-09-25T12:51:38.507+0000] {dag.py:3239} INFO - Sync 1 DAGs
[2026-09-25T12:51:38.544+0000] {logging_mixin.py:190} INFO - [2026-09-25T12:51:38.543+0000] {dag.py:4180} INFO - Setting next_dagrun for comptage_dag to 2026-09-25 00:00:00+00:00, run_after=2026-09-26 00:00:00+00:00
[2026-09-25T12:51:38.561+0000] {processor.py:208} INFO - Processing /opt/airflow/dags/comptage_dag.py took 0.119 seconds
[2026-09-25T12:52:08.610+0000] {processor.py:186} INFO - Started process (PID=1294) to work on /opt/airflow/dags/comptage_dag.py
[2026-09-25T12:52:08.610+0000] {processor.py:914} INFO - Processing file /opt/airflow/dags/comptage_dag.py for tasks to queue
[2026-09-25T12:52:08.611+0000] {logging_mixin.py:190} INFO - [2026-09-25T12:52:08.611+0000] {dagbag.py:588} INFO - Filling up the DagBag from /opt/airflow/dags/comptage_dag.py
[2026-09-25T12:52:08.619+0000] {processor.py:925} INFO - DAG(s) 'comptage_dag' retrieved from /opt/airflow/dags/comptage_dag.py
[2026-09-25T12:52:08.638+0000] {logging_mixin.py:190} INFO - [2026-09-25T12:52:08.638+0000] {dag.py:3239} INFO - Sync 1 DAGs
[2026-09-25T12:52:08.658+0000] {logging_mixin.py:190} INFO - [2026-09-25T12:52:08.657+0000] {dag.py:4180} INFO - Setting next_dagrun for comptage_dag to 2026-09-25 00:00:00+00:00, run_after=2026-09-26 00:00:00+00:00
[2026-09-25T12:52:08.672+0000] {processor.py:208} INFO - Processing /opt/airflow/dags/comptage_dag.py took 0.068 seconds
[2026-09-25T12:52:38.805+0000] {processor.py:186} INFO - Started process (PID=1318) to work on /opt/airflow/dags/comptage_dag.py
[2026-09-25T12:52:38.806+0000] {processor.py:914} INFO - Processing file /opt/airflow/dags/comptage_dag.py for tasks to queue
[2026-09-25T12:52:38.808+0000] {logging_mixin.py:190} INFO - [2026-09-25T12:52:38.808+0000] {dagbag.py:588} INFO - Filling up the DagBag from /opt/airflow/dags/comptage_dag.py
[2026-09-25T12:52:38.819+0000] {processor.py:925} INFO - DAG(s) 'comptage_dag' retrieved from /opt/airflow/dags/comptage_dag.py
[2026-09-25T12:52:38.841+0000] {logging_mixin.py:190} INFO - [2026-09-25T12:52:38.841+0000] {dag.py:3239} INFO - Sync 1 DAGs
[2026-09-25T12:52:38.862+0000] {logging_mixin.py:190} INFO - [2026-09-25T12:52:38.862+0000] {dag.py:4180} INFO - Setting next_dagrun for comptage_dag to 2026-09-25 00:00:00+00:00, run_after=2026-09-26 00:00:00+00:00
[2026-09-25T12:52:38.875+0000] {processor.py:208} INFO - Processing /opt/airflow/dags/comptage_dag.py took 0.075 seconds
[2026-09-25T12:53:08.974+0000] {processor.py:186} INFO - Started process (PID=1336) to work on /opt/airflow/dags/comptage_dag.py
[2026-09-25T12:53:08.975+0000] {processor.py:914} INFO - Processing file /opt/airflow/dags/comptage_dag.py for tasks to queue
[2026-09-25T12:53:08.975+0000] {logging_mixin.py:190} INFO - [2026-09-25T12:53:08.975+0000] {dagbag.py:588} INFO - Filling up the DagBag from /opt/airflow/dags/comptage_dag.py
[2026-09-25T12:53:08.985+0000] {processor.py:925} INFO - DAG(s) 'comptage_dag' retrieved from /opt/airflow/dags/comptage_dag.py
[2026-09-25T12:53:09.000+0000] {logging_mixin.py:190} INFO - [2026-09-25T12:53:09.000+0000] {dag.py:3239} INFO - Sync 1 DAGs
[2026-09-25T12:53:09.016+0000] {logging_mixin.py:190} INFO - [2026-09-25T12:53:09.016+0000] {dag.py:4180} INFO - Setting next_dagrun for comptage_dag to 2026-09-25 00:00:00+00:00, run_after=2026-09-26 00:00:00+00:00
[2026-09-25T12:53:09.026+0000] {processor.py:208} INFO - Processing /opt/airflow/dags/comptage_dag.py took 0.058 seconds
[2026-09-25T12:53:45.106+0000] {processor.py:186} INFO - Started process (PID=1344) to work on /opt/airflow/dags/comptage_dag.py
[2026-09-25T12:53:45.869+0000] {processor.py:914} INFO - Processing file /opt/airflow/dags/comptage_dag.py for tasks to queue
[2026-09-25T12:53:46.703+0000] {logging_mixin.py:190} INFO - [2026-09-25T12:53:46.496+0000] {dagbag.py:588} INFO - Filling up the DagBag from /opt/airflow/dags/comptage_dag.py
[2026-09-25T12:53:48.544+0000] {processor.py:925} INFO - DAG(s) 'comptage_dag' retrieved from /opt/airflow/dags/comptage_dag.py
[2026-09-25T12:54:50.834+0000] {processor.py:186} INFO - Started process (PID=44) to work on /opt/airflow/dags/comptage_dag.py
[2026-09-25T12:54:50.834+0000] {processor.py:914} INFO - Processing file /opt/airflow/dags/comptage_dag.py for tasks to queue
[2026-09-25T12:54:50.836+0000] {logging_mixin.py:190} INFO - [2026-09-25T12:54:50.836+0000] {dagbag.py:588} INFO - Filling up the DagBag from /opt/airflow/dags/comptage_dag.py
[2026-09-25T12:54:50.843+0000] {processor.py:925} INFO - DAG(s) 'comptage_dag' retrieved from /opt/airflow/dags/comptage_dag.py
[2026-09-25T12:54:50.860+0000] {logging_mixin.py:190} INFO - [2026-09-25T12:54:50.859+0000] {dag.py:3239} INFO - Sync 1 DAGs
[2026-09-25T12:54:50.888+0000] {logging_mixin.py:190} INFO - [2026-09-25T12:54:50.888+0000] {dag.py:4180} INFO - Setting next_dagrun for comptage_dag to 2026-09-25 00:00:00+00:00, run_after=2026-09-26 00:00:00+00:00
[2026-09-25T12:54:50.912+0000] {processor.py:208} INFO - Processing /opt/airflow/dags/comptage_dag.py took 0.083 seconds
[2026-09-25T12:55:21.056+0000] {processor.py:186} INFO - Started process (PID=62) to work on /opt/airflow/dags/comptage_dag.py
[2026-09-25T12:55:21.058+0000] {processor.py:914} INFO - Processing file /opt/airflow/dags/comptage_dag.py for tasks to queue
[2026-09-25T12:55:21.062+0000] {logging_mixin.py:190} INFO - [2026-09-25T12:55:21.062+0000] {dagbag.py:588} INFO - Filling up the DagBag from /opt/airflow/dags/comptage_dag.py
[2026-09-25T12:55:21.082+0000] {processor.py:925} INFO - DAG(s) 'comptage_dag' retrieved from /opt/airflow/dags/comptage_dag.py
[2026-09-25T12:55:21.132+0000] {logging_mixin.py:190} INFO - [2026-09-25T12:55:21.131+0000] {dag.py:3239} INFO - Sync 1 DAGs
[2026-09-25T12:55:21.194+0000] {logging_mixin.py:190} INFO - [2026-09-25T12:55:21.193+0000] {dag.py:4180} INFO - Setting next_dagrun for comptage_dag to 2026-09-25 00:00:00+00:00, run_after=2026-09-26 00:00:00+00:00
[2026-09-25T12:55:21.681+0000] {processor.py:208} INFO - Processing /opt/airflow/dags/comptage_dag.py took 0.635 seconds
[2026-09-25T12:55:51.909+0000] {processor.py:186} INFO - Started process (PID=79) to work on /opt/airflow/dags/comptage_dag.py
[2026-09-25T12:55:51.910+0000] {processor.py:914} INFO - Processing file /opt/airflow/dags/comptage_dag.py for tasks to queue
[2026-09-25T12:55:51.913+0000] {logging_mixin.py:190} INFO - [2026-09-25T12:55:51.912+0000] {dagbag.py:588} INFO - Filling up the DagBag from /opt/airflow/dags/comptage_dag.py
[2026-09-25T12:55:51.922+0000] {processor.py:925} INFO - DAG(s) 'comptage_dag' retrieved from /opt/airflow/dags/comptage_dag.py
[2026-09-25T12:55:51.942+0000] {logging_mixin.py:190} INFO - [2026-09-25T12:55:51.942+0000] {dag.py:3239} INFO - Sync 1 DAGs
[2026-09-25T12:55:52.177+0000] {logging_mixin.py:190} INFO - [2026-09-25T12:55:52.177+0000] {dag.py:4180} INFO - Setting next_dagrun for comptage_dag to 2026-09-25 00:00:00+00:00, run_after=2026-09-26 00:00:00+00:00
[2026-09-25T12:55:52.194+0000] {processor.py:208} INFO - Processing /opt/airflow/dags/comptage_dag.py took 0.293 seconds
[2026-09-25T12:56:22.403+0000] {processor.py:186} INFO - Started process (PID=96) to work on /opt/airflow/dags/comptage_dag.py
[2026-09-25T12:56:22.405+0000] {processor.py:914} INFO - Processing file /opt/airflow/dags/comptage_dag.py for tasks to queue
[2026-09-25T12:56:22.413+0000] {logging_mixin.py:190} INFO - [2026-09-25T12:56:22.411+0000] {dagbag.py:588} INFO - Filling up the DagBag from /opt/airflow/dags/comptage_dag.py
[2026-09-25T12:56:22.445+0000] {processor.py:925} INFO - DAG(s) 'comptage_dag' retrieved from /opt/airflow/dags/comptage_dag.py
[2026-09-25T12:56:22.954+0000] {logging_mixin.py:190} INFO - [2026-09-25T12:56:22.953+0000] {dag.py:3239} INFO - Sync 1 DAGs
[2026-09-25T12:56:22.990+0000] {logging_mixin.py:190} INFO - [2026-09-25T12:56:22.989+0000] {dag.py:4180} INFO - Setting next_dagrun for comptage_dag to 2026-09-25 00:00:00+00:00, run_after=2026-09-26 00:00:00+00:00
[2026-09-25T12:56:23.048+0000] {processor.py:208} INFO - Processing /opt/airflow/dags/comptage_dag.py took 0.664 seconds
[2026-09-25T12:56:53.332+0000] {processor.py:186} INFO - Started process (PID=113) to work on /opt/airflow/dags/comptage_dag.py
[2026-09-25T12:56:53.334+0000] {processor.py:914} INFO - Processing file /opt/airflow/dags/comptage_dag.py for tasks to queue
[2026-09-25T12:56:53.343+0000] {logging_mixin.py:190} INFO - [2026-09-25T12:56:53.342+0000] {dagbag.py:588} INFO - Filling up the DagBag from /opt/airflow/dags/comptage_dag.py
[2026-09-25T12:56:54.104+0000] {processor.py:925} INFO - DAG(s) 'comptage_dag' retrieved from /opt/airflow/dags/comptage_dag.py
[2026-09-25T12:56:54.119+0000] {logging_mixin.py:190} INFO - [2026-09-25T12:56:54.119+0000] {dag.py:3239} INFO - Sync 1 DAGs
[2026-09-25T12:56:54.137+0000] {logging_mixin.py:190} INFO - [2026-09-25T12:56:54.137+0000] {dag.py:4180} INFO - Setting next_dagrun for comptage_dag to 2026-09-25 00:00:00+00:00, run_after=2026-09-26 00:00:00+00:00
[2026-09-25T12:56:54.150+0000] {processor.py:208} INFO - Processing /opt/airflow/dags/comptage_dag.py took 0.832 seconds
[2026-09-25T12:57:24.487+0000] {processor.py:186} INFO - Started process (PID=130) to work on /opt/airflow/dags/comptage_dag.py
[2026-09-25T12:57:24.487+0000] {processor.py:914} INFO - Processing file /opt/airflow/dags/comptage_dag.py for tasks to queue
[2026-09-25T12:57:24.490+0000] {logging_mixin.py:190} INFO - [2026-09-25T12:57:24.489+0000] {dagbag.py:588} INFO - Filling up the DagBag from /opt/airflow/dags/comptage_dag.py
[2026-09-25T12:57:24.511+0000] {processor.py:925} INFO - DAG(s) 'comptage_dag' retrieved from /opt/airflow/dags/comptage_dag.py
[2026-09-25T12:57:24.534+0000] {logging_mixin.py:190} INFO - [2026-09-25T12:57:24.534+0000] {dag.py:3239} INFO - Sync 1 DAGs
[2026-09-25T12:57:24.556+0000] {logging_mixin.py:190} INFO - [2026-09-25T12:57:24.556+0000] {dag.py:4180} INFO - Setting next_dagrun for comptage_dag to 2026-09-25 00:00:00+00:00, run_after=2026-09-26 00:00:00+00:00
[2026-09-25T12:57:24.570+0000] {processor.py:208} INFO - Processing /opt/airflow/dags/comptage_dag.py took 0.093 seconds
[2026-09-25T12:57:54.662+0000] {processor.py:186} INFO - Started process (PID=155) to work on /opt/airflow/dags/comptage_dag.py
[2026-09-25T12:57:54.664+0000] {processor.py:914} INFO - Processing file /opt/airflow/dags/comptage_dag.py for tasks to queue
[2026-09-25T12:57:54.672+0000] {logging_mixin.py:190} INFO - [2026-09-25T12:57:54.671+0000] {dagbag.py:588} INFO - Filling up the DagBag from /opt/airflow/dags/comptage_dag.py
[2026-09-25T12:57:54.698+0000] {processor.py:925} INFO - DAG(s) 'comptage_dag' retrieved from /opt/airflow/dags/comptage_dag.py
[2026-09-25T12:57:54.719+0000] {logging_mixin.py:190} INFO - [2026-09-25T12:57:54.719+0000] {dag.py:3239} INFO - Sync 1 DAGs
[2026-09-25T12:57:54.739+0000] {logging_mixin.py:190} INFO - [2026-09-25T12:57:54.738+0000] {dag.py:4180} INFO - Setting next_dagrun for comptage_dag to 2026-09-25 00:00:00+00:00, run_after=2026-09-26 00:00:00+00:00
[2026-09-25T12:57:54.751+0000] {processor.py:208} INFO - Processing /opt/airflow/dags/comptage_dag.py took 0.109 seconds
[2026-09-25T12:58:24.838+0000] {processor.py:186} INFO - Started process (PID=172) to work on /opt/airflow/dags/comptage_dag.py
[2026-09-25T12:58:24.839+0000] {processor.py:914} INFO - Processing file /opt/airflow/dags/comptage_dag.py for tasks to queue
[2026-09-25T12:58:24.841+0000] {logging_mixin.py:190} INFO - [2026-09-25T12:58:24.840+0000] {dagbag.py:588} INFO - Filling up the DagBag from /opt/airflow/dags/comptage_dag.py
[2026-09-25T12:58:24.848+0000] {processor.py:925} INFO - DAG(s) 'comptage_dag' retrieved from /opt/airflow/dags/comptage_dag.py
[2026-09-25T12:58:24.868+0000] {logging_mixin.py:190} INFO - [2026-09-25T12:58:24.868+0000] {dag.py:3239} INFO - Sync 1 DAGs
[2026-09-25T12:58:24.896+0000] {logging_mixin.py:190} INFO - [2026-09-25T12:58:24.896+0000] {dag.py:4180} INFO - Setting next_dagrun for comptage_dag to 2026-09-25 00:00:00+00:00, run_after=2026-09-26 00:00:00+00:00
[2026-09-25T12:58:24.911+0000] {processor.py:208} INFO - Processing /opt/airflow/dags/comptage_dag.py took 0.077 seconds
[2026-09-25T12:58:54.973+0000] {processor.py:186} INFO - Started process (PID=190) to work on /opt/airflow/dags/comptage_dag.py
[2026-09-25T12:58:54.974+0000] {processor.py:914} INFO - Processing file /opt/airflow/dags/comptage_dag.py for tasks to queue
[2026-09-25T12:58:54.979+0000] {logging_mixin.py:190} INFO - [2026-09-25T12:58:54.978+0000] {dagbag.py:588} INFO - Filling up the DagBag from /opt/airflow/dags/comptage_dag.py
[2026-09-25T12:58:54.986+0000] {processor.py:925} INFO - DAG(s) 'comptage_dag' retrieved from /opt/airflow/dags/comptage_dag.py
[2026-09-25T12:58:55.008+0000] {logging_mixin.py:190} INFO - [2026-09-25T12:58:55.007+0000] {dag.py:3239} INFO - Sync 1 DAGs
[2026-09-25T12:58:55.028+0000] {logging_mixin.py:190} INFO - [2026-09-25T12:58:55.027+0000] {dag.py:4180} INFO - Setting next_dagrun for comptage_dag to 2026-09-25 00:00:00+00:00, run_after=2026-09-26 00:00:00+00:00
[2026-09-25T12:58:55.042+0000] {processor.py:208} INFO - Processing /opt/airflow/dags/comptage_dag.py took 0.073 seconds
[2026-09-25T12:59:25.170+0000] {processor.py:186} INFO - Started process (PID=215) to work on /opt/airflow/dags/comptage_dag.py
[2026-09-25T12:59:25.170+0000] {processor.py:914} INFO - Processing file /opt/airflow/dags/comptage_dag.py for tasks to queue
[2026-09-25T12:59:25.173+0000] {logging_mixin.py:190} INFO - [2026-09-25T12:59:25.172+0000] {dagbag.py:588} INFO - Filling up the DagBag from /opt/airflow/dags/comptage_dag.py
[2026-09-25T12:59:25.182+0000] {processor.py:925} INFO - DAG(s) 'comptage_dag' retrieved from /opt/airflow/dags/comptage_dag.py
[2026-09-25T12:59:25.204+0000] {logging_mixin.py:190} INFO - [2026-09-25T12:59:25.204+0000] {dag.py:3239} INFO - Sync 1 DAGs
[2026-09-25T12:59:25.227+0000] {logging_mixin.py:190} INFO - [2026-09-25T12:59:25.226+0000] {dag.py:4180} INFO - Setting next_dagrun for comptage_dag to 2026-09-25 00:00:00+00:00, run_after=2026-09-26 00:00:00+00:00
[2026-09-25T12:59:25.243+0000] {processor.py:208} INFO - Processing /opt/airflow/dags/comptage_dag.py took 0.080 seconds
[2026-09-25T12:59:55.336+0000] {processor.py:186} INFO - Started process (PID=232) to work on /opt/airflow/dags/comptage_dag.py
[2026-09-25T12:59:55.336+0000] {processor.py:914} INFO - Processing file /opt/airflow/dags/comptage_dag.py for tasks to queue
[2026-09-25T12:59:55.338+0000] {logging_mixin.py:190} INFO - [2026-09-25T12:59:55.338+0000] {dagbag.py:588} INFO - Filling up the DagBag from /opt/airflow/dags/comptage_dag.py
[2026-09-25T12:59:55.347+0000] {processor.py:925} INFO - DAG(s) 'comptage_dag' retrieved from /opt/airflow/dags/comptage_dag.py
[2026-09-25T12:59:55.369+0000] {logging_mixin.py:190} INFO - [2026-09-25T12:59:55.369+0000] {dag.py:3239} INFO - Sync 1 DAGs
[2026-09-25T12:59:55.389+0000] {logging_mixin.py:190} INFO - [2026-09-25T12:59:55.389+0000] {dag.py:4180} INFO - Setting next_dagrun for comptage_dag to 2026-09-25 00:00:00+00:00, run_after=2026-09-26 00:00:00+00:00
[2026-09-25T12:59:55.403+0000] {processor.py:208} INFO - Processing /opt/airflow/dags/comptage_dag.py took 0.073 seconds
[2026-09-25T13:00:25.528+0000] {processor.py:186} INFO - Started process (PID=249) to work on /opt/airflow/dags/comptage_dag.py
[2026-09-25T13:00:25.534+0000] {processor.py:914} INFO - Processing file /opt/airflow/dags/comptage_dag.py for tasks to queue
[2026-09-25T13:00:25.536+0000] {logging_mixin.py:190} INFO - [2026-09-25T13:00:25.536+0000] {dagbag.py:588} INFO - Filling up the DagBag from /opt/airflow/dags/comptage_dag.py
[2026-09-25T13:00:25.544+0000] {processor.py:925} INFO - DAG(s) 'comptage_dag' retrieved from /opt/airflow/dags/comptage_dag.py
[2026-09-25T13:00:25.562+0000] {logging_mixin.py:190} INFO - [2026-09-25T13:00:25.561+0000] {dag.py:3239} INFO - Sync 1 DAGs
[2026-09-25T13:00:25.580+0000] {logging_mixin.py:190} INFO - [2026-09-25T13:00:25.580+0000] {dag.py:4180} INFO - Setting next_dagrun for comptage_dag to 2026-09-25 00:00:00+00:00, run_after=2026-09-26 00:00:00+00:00
[2026-09-25T13:00:25.593+0000] {processor.py:208} INFO - Processing /opt/airflow/dags/comptage_dag.py took 0.070 seconds
[2026-09-25T13:00:55.671+0000] {processor.py:186} INFO - Started process (PID=273) to work on /opt/airflow/dags/comptage_dag.py
[2026-09-25T13:00:55.673+0000] {processor.py:914} INFO - Processing file /opt/airflow/dags/comptage_dag.py for tasks to queue
[2026-09-25T13:00:55.676+0000] {logging_mixin.py:190} INFO - [2026-09-25T13:00:55.675+0000] {dagbag.py:588} INFO - Filling up the DagBag from /opt/airflow/dags/comptage_dag.py
[2026-09-25T13:00:55.690+0000] {processor.py:925} INFO - DAG(s) 'comptage_dag' retrieved from /opt/airflow/dags/comptage_dag.py
[2026-09-25T13:00:55.723+0000] {logging_mixin.py:190} INFO - [2026-09-25T13:00:55.722+0000] {dag.py:3239} INFO - Sync 1 DAGs
[2026-09-25T13:00:55.756+0000] {logging_mixin.py:190} INFO - [2026-09-25T13:00:55.756+0000] {dag.py:4180} INFO - Setting next_dagrun for comptage_dag to 2026-09-25 00:00:00+00:00, run_after=2026-09-26 00:00:00+00:00
[2026-09-25T13:00:55.774+0000] {processor.py:208} INFO - Processing /opt/airflow/dags/comptage_dag.py took 0.112 seconds
[2026-09-25T13:01:25.878+0000] {processor.py:186} INFO - Started process (PID=291) to work on /opt/airflow/dags/comptage_dag.py
[2026-09-25T13:01:25.880+0000] {processor.py:914} INFO - Processing file /opt/airflow/dags/comptage_dag.py for tasks to queue
[2026-09-25T13:01:25.882+0000] {logging_mixin.py:190} INFO - [2026-09-25T13:01:25.882+0000] {dagbag.py:588} INFO - Filling up the DagBag from /opt/airflow/dags/comptage_dag.py
[2026-09-25T13:01:25.896+0000] {processor.py:925} INFO - DAG(s) 'comptage_dag' retrieved from /opt/airflow/dags/comptage_dag.py
[2026-09-25T13:01:25.922+0000] {logging_mixin.py:190} INFO - [2026-09-25T13:01:25.922+0000] {dag.py:3239} INFO - Sync 1 DAGs
[2026-09-25T13:01:25.950+0000] {logging_mixin.py:190} INFO - [2026-09-25T13:01:25.950+0000] {dag.py:4180} INFO - Setting next_dagrun for comptage_dag to 2026-09-25 00:00:00+00:00, run_after=2026-09-26 00:00:00+00:00
[2026-09-25T13:01:25.977+0000] {processor.py:208} INFO - Processing /opt/airflow/dags/comptage_dag.py took 0.105 seconds
[2026-09-25T13:01:56.100+0000] {processor.py:186} INFO - Started process (PID=308) to work on /opt/airflow/dags/comptage_dag.py
[2026-09-25T13:01:56.101+0000] {processor.py:914} INFO - Processing file /opt/airflow/dags/comptage_dag.py for tasks to queue
[2026-09-25T13:01:56.109+0000] {logging_mixin.py:190} INFO - [2026-09-25T13:01:56.109+0000] {dagbag.py:588} INFO - Filling up the DagBag from /opt/airflow/dags/comptage_dag.py
[2026-09-25T13:01:56.126+0000] {processor.py:925} INFO - DAG(s) 'comptage_dag' retrieved from /opt/airflow/dags/comptage_dag.py
[2026-09-25T13:01:56.178+0000] {logging_mixin.py:190} INFO - [2026-09-25T13:01:56.177+0000] {dag.py:3239} INFO - Sync 1 DAGs
[2026-09-25T13:01:56.237+0000] {logging_mixin.py:190} INFO - [2026-09-25T13:01:56.237+0000] {dag.py:4180} INFO - Setting next_dagrun for comptage_dag to 2026-09-25 00:00:00+00:00, run_after=2026-09-26 00:00:00+00:00
[2026-09-25T13:01:56.266+0000] {processor.py:208} INFO - Processing /opt/airflow/dags/comptage_dag.py took 0.179 seconds
[2026-09-25T13:02:26.301+0000] {processor.py:186} INFO - Started process (PID=325) to work on /opt/airflow/dags/comptage_dag.py
[2026-09-25T13:02:26.301+0000] {processor.py:914} INFO - Processing file /opt/airflow/dags/comptage_dag.py for tasks to queue
[2026-09-25T13:02:26.304+0000] {logging_mixin.py:190} INFO - [2026-09-25T13:02:26.304+0000] {dagbag.py:588} INFO - Filling up the DagBag from /opt/airflow/dags/comptage_dag.py
[2026-09-25T13:02:26.312+0000] {processor.py:925} INFO - DAG(s) 'comptage_dag' retrieved from /opt/airflow/dags/comptage_dag.py
[2026-09-25T13:02:26.331+0000] {logging_mixin.py:190} INFO - [2026-09-25T13:02:26.331+0000] {dag.py:3239} INFO - Sync 1 DAGs
[2026-09-25T13:02:26.355+0000] {logging_mixin.py:190} INFO - [2026-09-25T13:02:26.354+0000] {dag.py:4180} INFO - Setting next_dagrun for comptage_dag to 2026-09-25 00:00:00+00:00, run_after=2026-09-26 00:00:00+00:00
[2026-09-25T13:02:26.368+0000] {processor.py:208} INFO - Processing /opt/airflow/dags/comptage_dag.py took 0.073 seconds
[2026-09-25T13:02:56.456+0000] {processor.py:186} INFO - Started process (PID=349) to work on /opt/airflow/dags/comptage_dag.py
[2026-09-25T13:02:56.463+0000] {processor.py:914} INFO - Processing file /opt/airflow/dags/comptage_dag.py for tasks to queue
[2026-09-25T13:02:56.467+0000] {logging_mixin.py:190} INFO - [2026-09-25T13:02:56.466+0000] {dagbag.py:588} INFO - Filling up the DagBag from /opt/airflow/dags/comptage_dag.py
[2026-09-25T13:02:56.476+0000] {processor.py:925} INFO - DAG(s) 'comptage_dag' retrieved from /opt/airflow/dags/comptage_dag.py
[2026-09-25T13:02:56.496+0000] {logging_mixin.py:190} INFO - [2026-09-25T13:02:56.495+0000] {dag.py:3239} INFO - Sync 1 DAGs
[2026-09-25T13:02:56.522+0000] {logging_mixin.py:190} INFO - [2026-09-25T13:02:56.522+0000] {dag.py:4180} INFO - Setting next_dagrun for comptage_dag to 2026-09-25 00:00:00+00:00, run_after=2026-09-26 00:00:00+00:00
[2026-09-25T13:02:56.537+0000] {processor.py:208} INFO - Processing /opt/airflow/dags/comptage_dag.py took 0.089 seconds
[2026-09-25T13:03:26.635+0000] {processor.py:186} INFO - Started process (PID=367) to work on /opt/airflow/dags/comptage_dag.py
[2026-09-25T13:03:26.635+0000] {processor.py:914} INFO - Processing file /opt/airflow/dags/comptage_dag.py for tasks to queue
[2026-09-25T13:03:26.637+0000] {logging_mixin.py:190} INFO - [2026-09-25T13:03:26.637+0000] {dagbag.py:588} INFO - Filling up the DagBag from /opt/airflow/dags/comptage_dag.py
[2026-09-25T13:03:26.644+0000] {processor.py:925} INFO - DAG(s) 'comptage_dag' retrieved from /opt/airflow/dags/comptage_dag.py
[2026-09-25T13:03:26.659+0000] {logging_mixin.py:190} INFO - [2026-09-25T13:03:26.659+0000] {dag.py:3239} INFO - Sync 1 DAGs
[2026-09-25T13:03:26.676+0000] {logging_mixin.py:190} INFO - [2026-09-25T13:03:26.676+0000] {dag.py:4180} INFO - Setting next_dagrun for comptage_dag to 2026-09-25 00:00:00+00:00, run_after=2026-09-26 00:00:00+00:00
[2026-09-25T13:03:26.687+0000] {processor.py:208} INFO - Processing /opt/airflow/dags/comptage_dag.py took 0.057 seconds
[2026-09-25T13:03:56.803+0000] {processor.py:186} INFO - Started process (PID=384) to work on /opt/airflow/dags/comptage_dag.py
[2026-09-25T13:03:56.809+0000] {processor.py:914} INFO - Processing file /opt/airflow/dags/comptage_dag.py for tasks to queue
[2026-09-25T13:03:56.814+0000] {logging_mixin.py:190} INFO - [2026-09-25T13:03:56.813+0000] {dagbag.py:588} INFO - Filling up the DagBag from /opt/airflow/dags/comptage_dag.py
[2026-09-25T13:03:56.823+0000] {processor.py:925} INFO - DAG(s) 'comptage_dag' retrieved from /opt/airflow/dags/comptage_dag.py
[2026-09-25T13:03:56.839+0000] {logging_mixin.py:190} INFO - [2026-09-25T13:03:56.839+0000] {dag.py:3239} INFO - Sync 1 DAGs
[2026-09-25T13:03:56.859+0000] {logging_mixin.py:190} INFO - [2026-09-25T13:03:56.858+0000] {dag.py:4180} INFO - Setting next_dagrun for comptage_dag to 2026-09-25 00:00:00+00:00, run_after=2026-09-26 00:00:00+00:00
[2026-09-25T13:03:56.871+0000] {processor.py:208} INFO - Processing /opt/airflow/dags/comptage_dag.py took 0.073 seconds
[2026-09-25T13:04:26.958+0000] {processor.py:186} INFO - Started process (PID=409) to work on /opt/airflow/dags/comptage_dag.py
[2026-09-25T13:04:26.958+0000] {processor.py:914} INFO - Processing file /opt/airflow/dags/comptage_dag.py for tasks to queue
[2026-09-25T13:04:26.960+0000] {logging_mixin.py:190} INFO - [2026-09-25T13:04:26.960+0000] {dagbag.py:588} INFO - Filling up the DagBag from /opt/airflow/dags/comptage_dag.py
[2026-09-25T13:04:26.968+0000] {processor.py:925} INFO - DAG(s) 'comptage_dag' retrieved from /opt/airflow/dags/comptage_dag.py
[2026-09-25T13:04:26.985+0000] {logging_mixin.py:190} INFO - [2026-09-25T13:04:26.985+0000] {dag.py:3239} INFO - Sync 1 DAGs
[2026-09-25T13:04:27.004+0000] {logging_mixin.py:190} INFO - [2026-09-25T13:04:27.004+0000] {dag.py:4180} INFO - Setting next_dagrun for comptage_dag to 2026-09-25 00:00:00+00:00, run_after=2026-09-26 00:00:00+00:00
[2026-09-25T13:04:27.017+0000] {processor.py:208} INFO - Processing /opt/airflow/dags/comptage_dag.py took 0.065 seconds
[2026-09-25T13:04:57.137+0000] {processor.py:186} INFO - Started process (PID=426) to work on /opt/airflow/dags/comptage_dag.py
[2026-09-25T13:04:57.143+0000] {processor.py:914} INFO - Processing file /opt/airflow/dags/comptage_dag.py for tasks to queue
[2026-09-25T13:04:57.147+0000] {logging_mixin.py:190} INFO - [2026-09-25T13:04:57.147+0000] {dagbag.py:588} INFO - Filling up the DagBag from /opt/airflow/dags/comptage_dag.py
[2026-09-25T13:04:57.158+0000] {processor.py:925} INFO - DAG(s) 'comptage_dag' retrieved from /opt/airflow/dags/comptage_dag.py
[2026-09-25T13:04:57.173+0000] {logging_mixin.py:190} INFO - [2026-09-25T13:04:57.172+0000] {dag.py:3239} INFO - Sync 1 DAGs
[2026-09-25T13:04:57.188+0000] {logging_mixin.py:190} INFO - [2026-09-25T13:04:57.188+0000] {dag.py:4180} INFO - Setting next_dagrun for comptage_dag to 2026-09-25 00:00:00+00:00, run_after=2026-09-26 00:00:00+00:00
[2026-09-25T13:04:57.198+0000] {processor.py:208} INFO - Processing /opt/airflow/dags/comptage_dag.py took 0.064 seconds
[2026-09-25T13:05:27.303+0000] {processor.py:186} INFO - Started process (PID=451) to work on /opt/airflow/dags/comptage_dag.py
[2026-09-25T13:05:27.304+0000] {processor.py:914} INFO - Processing file /opt/airflow/dags/comptage_dag.py for tasks to queue
[2026-09-25T13:05:27.306+0000] {logging_mixin.py:190} INFO - [2026-09-25T13:05:27.306+0000] {dagbag.py:588} INFO - Filling up the DagBag from /opt/airflow/dags/comptage_dag.py
[2026-09-25T13:05:27.325+0000] {processor.py:925} INFO - DAG(s) 'comptage_dag' retrieved from /opt/airflow/dags/comptage_dag.py
[2026-09-25T13:05:27.348+0000] {logging_mixin.py:190} INFO - [2026-09-25T13:05:27.348+0000] {dag.py:3239} INFO - Sync 1 DAGs
[2026-09-25T13:05:27.369+0000] {logging_mixin.py:190} INFO - [2026-09-25T13:05:27.368+0000] {dag.py:4180} INFO - Setting next_dagrun for comptage_dag to 2026-09-25 00:00:00+00:00, run_after=2026-09-26 00:00:00+00:00
[2026-09-25T13:05:27.381+0000] {processor.py:208} INFO - Processing /opt/airflow/dags/comptage_dag.py took 0.088 seconds
[2026-09-25T13:05:57.472+0000] {processor.py:186} INFO - Started process (PID=468) to work on /opt/airflow/dags/comptage_dag.py
[2026-09-25T13:05:57.473+0000] {processor.py:914} INFO - Processing file /opt/airflow/dags/comptage_dag.py for tasks to queue
[2026-09-25T13:05:57.475+0000] {logging_mixin.py:190} INFO - [2026-09-25T13:05:57.474+0000] {dagbag.py:588} INFO - Filling up the DagBag from /opt/airflow/dags/comptage_dag.py
[2026-09-25T13:05:57.483+0000] {processor.py:925} INFO - DAG(s) 'comptage_dag' retrieved from /opt/airflow/dags/comptage_dag.py
[2026-09-25T13:05:57.502+0000] {logging_mixin.py:190} INFO - [2026-09-25T13:05:57.502+0000] {dag.py:3239} INFO - Sync 1 DAGs
[2026-09-25T13:05:57.525+0000] {logging_mixin.py:190} INFO - [2026-09-25T13:05:57.524+0000] {dag.py:4180} INFO - Setting next_dagrun for comptage_dag to 2026-09-25 00:00:00+00:00, run_after=2026-09-26 00:00:00+00:00
[2026-09-25T13:05:57.539+0000] {processor.py:208} INFO - Processing /opt/airflow/dags/comptage_dag.py took 0.073 seconds
[2026-09-25T13:06:27.652+0000] {processor.py:186} INFO - Started process (PID=485) to work on /opt/airflow/dags/comptage_dag.py
[2026-09-25T13:06:27.653+0000] {processor.py:914} INFO - Processing file /opt/airflow/dags/comptage_dag.py for tasks to queue
[2026-09-25T13:06:27.655+0000] {logging_mixin.py:190} INFO - [2026-09-25T13:06:27.655+0000] {dagbag.py:588} INFO - Filling up the DagBag from /opt/airflow/dags/comptage_dag.py
[2026-09-25T13:06:27.663+0000] {processor.py:925} INFO - DAG(s) 'comptage_dag' retrieved from /opt/airflow/dags/comptage_dag.py
[2026-09-25T13:06:27.685+0000] {logging_mixin.py:190} INFO - [2026-09-25T13:06:27.685+0000] {dag.py:3239} INFO - Sync 1 DAGs
[2026-09-25T13:06:27.710+0000] {logging_mixin.py:190} INFO - [2026-09-25T13:06:27.710+0000] {dag.py:4180} INFO - Setting next_dagrun for comptage_dag to 2026-09-25 00:00:00+00:00, run_after=2026-09-26 00:00:00+00:00
[2026-09-25T13:06:27.727+0000] {processor.py:208} INFO - Processing /opt/airflow/dags/comptage_dag.py took 0.080 seconds
[2026-09-25T13:06:57.825+0000] {processor.py:186} INFO - Started process (PID=509) to work on /opt/airflow/dags/comptage_dag.py
[2026-09-25T13:06:57.826+0000] {processor.py:914} INFO - Processing file /opt/airflow/dags/comptage_dag.py for tasks to queue
[2026-09-25T13:06:57.827+0000] {logging_mixin.py:190} INFO - [2026-09-25T13:06:57.827+0000] {dagbag.py:588} INFO - Filling up the DagBag from /opt/airflow/dags/comptage_dag.py
[2026-09-25T13:06:57.834+0000] {processor.py:925} INFO - DAG(s) 'comptage_dag' retrieved from /opt/airflow/dags/comptage_dag.py
[2026-09-25T13:06:57.848+0000] {logging_mixin.py:190} INFO - [2026-09-25T13:06:57.848+0000] {dag.py:3239} INFO - Sync 1 DAGs
[2026-09-25T13:06:57.863+0000] {logging_mixin.py:190} INFO - [2026-09-25T13:06:57.863+0000] {dag.py:4180} INFO - Setting next_dagrun for comptage_dag to 2026-09-25 00:00:00+00:00, run_after=2026-09-26 00:00:00+00:00
[2026-09-25T13:06:57.874+0000] {processor.py:208} INFO - Processing /opt/airflow/dags/comptage_dag.py took 0.054 seconds
[2026-09-25T13:07:28.001+0000] {processor.py:186} INFO - Started process (PID=526) to work on /opt/airflow/dags/comptage_dag.py
[2026-09-25T13:07:28.001+0000] {processor.py:914} INFO - Processing file /opt/airflow/dags/comptage_dag.py for tasks to queue
[2026-09-25T13:07:28.004+0000] {logging_mixin.py:190} INFO - [2026-09-25T13:07:28.003+0000] {dagbag.py:588} INFO - Filling up the DagBag from /opt/airflow/dags/comptage_dag.py
[2026-09-25T13:07:28.012+0000] {processor.py:925} INFO - DAG(s) 'comptage_dag' retrieved from /opt/airflow/dags/comptage_dag.py
[2026-09-25T13:07:28.028+0000] {logging_mixin.py:190} INFO - [2026-09-25T13:07:28.028+0000] {dag.py:3239} INFO - Sync 1 DAGs
[2026-09-25T13:07:28.046+0000] {logging_mixin.py:190} INFO - [2026-09-25T13:07:28.046+0000] {dag.py:4180} INFO - Setting next_dagrun for comptage_dag to 2026-09-25 00:00:00+00:00, run_after=2026-09-26 00:00:00+00:00
[2026-09-25T13:07:28.059+0000] {processor.py:208} INFO - Processing /opt/airflow/dags/comptage_dag.py took 0.063 seconds
[2026-09-25T13:07:58.166+0000] {processor.py:186} INFO - Started process (PID=550) to work on /opt/airflow/dags/comptage_dag.py
[2026-09-25T13:07:58.167+0000] {processor.py:914} INFO - Processing file /opt/airflow/dags/comptage_dag.py for tasks to queue
[2026-09-25T13:07:58.171+0000] {logging_mixin.py:190} INFO - [2026-09-25T13:07:58.170+0000] {dagbag.py:588} INFO - Filling up the DagBag from /opt/airflow/dags/comptage_dag.py
[2026-09-25T13:07:58.188+0000] {processor.py:925} INFO - DAG(s) 'comptage_dag' retrieved from /opt/airflow/dags/comptage_dag.py
[2026-09-25T13:07:58.213+0000] {logging_mixin.py:190} INFO - [2026-09-25T13:07:58.212+0000] {dag.py:3239} INFO - Sync 1 DAGs
[2026-09-25T13:07:58.237+0000] {logging_mixin.py:190} INFO - [2026-09-25T13:07:58.236+0000] {dag.py:4180} INFO - Setting next_dagrun for comptage_dag to 2026-09-25 00:00:00+00:00, run_after=2026-09-26 00:00:00+00:00
[2026-09-25T13:07:58.254+0000] {processor.py:208} INFO - Processing /opt/airflow/dags/comptage_dag.py took 0.099 seconds
[2026-09-25T13:08:28.355+0000] {processor.py:186} INFO - Started process (PID=568) to work on /opt/airflow/dags/comptage_dag.py
[2026-09-25T13:08:28.356+0000] {processor.py:914} INFO - Processing file /opt/airflow/dags/comptage_dag.py for tasks to queue
[2026-09-25T13:08:28.358+0000] {logging_mixin.py:190} INFO - [2026-09-25T13:08:28.357+0000] {dagbag.py:588} INFO - Filling up the DagBag from /opt/airflow/dags/comptage_dag.py
[2026-09-25T13:08:28.366+0000] {processor.py:925} INFO - DAG(s) 'comptage_dag' retrieved from /opt/airflow/dags/comptage_dag.py
[2026-09-25T13:08:28.383+0000] {logging_mixin.py:190} INFO - [2026-09-25T13:08:28.383+0000] {dag.py:3239} INFO - Sync 1 DAGs
[2026-09-25T13:08:28.402+0000] {logging_mixin.py:190} INFO - [2026-09-25T13:08:28.402+0000] {dag.py:4180} INFO - Setting next_dagrun for comptage_dag to 2026-09-25 00:00:00+00:00, run_after=2026-09-26 00:00:00+00:00
[2026-09-25T13:08:28.414+0000] {processor.py:208} INFO - Processing /opt/airflow/dags/comptage_dag.py took 0.063 seconds
[2026-09-25T13:08:58.544+0000] {processor.py:186} INFO - Started process (PID=585) to work on /opt/airflow/dags/comptage_dag.py
[2026-09-25T13:08:58.544+0000] {processor.py:914} INFO - Processing file /opt/airflow/dags/comptage_dag.py for tasks to queue
[2026-09-25T13:08:58.546+0000] {logging_mixin.py:190} INFO - [2026-09-25T13:08:58.546+0000] {dagbag.py:588} INFO - Filling up the DagBag from /opt/airflow/dags/comptage_dag.py
[2026-09-25T13:08:58.554+0000] {processor.py:925} INFO - DAG(s) 'comptage_dag' retrieved from /opt/airflow/dags/comptage_dag.py
[2026-09-25T13:08:58.568+0000] {logging_mixin.py:190} INFO - [2026-09-25T13:08:58.568+0000] {dag.py:3239} INFO - Sync 1 DAGs
[2026-09-25T13:08:58.584+0000] {logging_mixin.py:190} INFO - [2026-09-25T13:08:58.584+0000] {dag.py:4180} INFO - Setting next_dagrun for comptage_dag to 2026-09-25 00:00:00+00:00, run_after=2026-09-26 00:00:00+00:00
[2026-09-25T13:08:58.595+0000] {processor.py:208} INFO - Processing /opt/airflow/dags/comptage_dag.py took 0.058 seconds
[2026-09-25T13:09:28.702+0000] {processor.py:186} INFO - Started process (PID=609) to work on /opt/airflow/dags/comptage_dag.py
[2026-09-25T13:09:28.702+0000] {processor.py:914} INFO - Processing file /opt/airflow/dags/comptage_dag.py for tasks to queue
[2026-09-25T13:09:28.704+0000] {logging_mixin.py:190} INFO - [2026-09-25T13:09:28.704+0000] {dagbag.py:588} INFO - Filling up the DagBag from /opt/airflow/dags/comptage_dag.py
[2026-09-25T13:09:28.714+0000] {processor.py:925} INFO - DAG(s) 'comptage_dag' retrieved from /opt/airflow/dags/comptage_dag.py
[2026-09-25T13:09:28.731+0000] {logging_mixin.py:190} INFO - [2026-09-25T13:09:28.731+0000] {dag.py:3239} INFO - Sync 1 DAGs
[2026-09-25T13:09:28.750+0000] {logging_mixin.py:190} INFO - [2026-09-25T13:09:28.749+0000] {dag.py:4180} INFO - Setting next_dagrun for comptage_dag to 2026-09-25 00:00:00+00:00, run_after=2026-09-26 00:00:00+00:00
[2026-09-25T13:09:28.763+0000] {processor.py:208} INFO - Processing /opt/airflow/dags/comptage_dag.py took 0.066 seconds
[2026-09-25T13:09:58.901+0000] {processor.py:186} INFO - Started process (PID=627) to work on /opt/airflow/dags/comptage_dag.py
[2026-09-25T13:09:58.907+0000] {processor.py:914} INFO - Processing file /opt/airflow/dags/comptage_dag.py for tasks to queue
[2026-09-25T13:09:58.909+0000] {logging_mixin.py:190} INFO - [2026-09-25T13:09:58.908+0000] {dagbag.py:588} INFO - Filling up the DagBag from /opt/airflow/dags/comptage_dag.py
[2026-09-25T13:09:58.916+0000] {processor.py:925} INFO - DAG(s) 'comptage_dag' retrieved from /opt/airflow/dags/comptage_dag.py
[2026-09-25T13:09:58.932+0000] {logging_mixin.py:190} INFO - [2026-09-25T13:09:58.932+0000] {dag.py:3239} INFO - Sync 1 DAGs
[2026-09-25T13:09:58.950+0000] {logging_mixin.py:190} INFO - [2026-09-25T13:09:58.950+0000] {dag.py:4180} INFO - Setting next_dagrun for comptage_dag to 2026-09-25 00:00:00+00:00, run_after=2026-09-26 00:00:00+00:00
[2026-09-25T13:09:58.961+0000] {processor.py:208} INFO - Processing /opt/airflow/dags/comptage_dag.py took 0.064 seconds
[2026-09-25T13:10:29.047+0000] {processor.py:186} INFO - Started process (PID=644) to work on /opt/airflow/dags/comptage_dag.py
[2026-09-25T13:10:29.048+0000] {processor.py:914} INFO - Processing file /opt/airflow/dags/comptage_dag.py for tasks to queue
[2026-09-25T13:10:29.051+0000] {logging_mixin.py:190} INFO - [2026-09-25T13:10:29.051+0000] {dagbag.py:588} INFO - Filling up the DagBag from /opt/airflow/dags/comptage_dag.py
[2026-09-25T13:10:29.063+0000] {processor.py:925} INFO - DAG(s) 'comptage_dag' retrieved from /opt/airflow/dags/comptage_dag.py
[2026-09-25T13:10:29.083+0000] {logging_mixin.py:190} INFO - [2026-09-25T13:10:29.082+0000] {dag.py:3239} INFO - Sync 1 DAGs
[2026-09-25T13:10:29.101+0000] {logging_mixin.py:190} INFO - [2026-09-25T13:10:29.100+0000] {dag.py:4180} INFO - Setting next_dagrun for comptage_dag to 2026-09-25 00:00:00+00:00, run_after=2026-09-26 00:00:00+00:00
[2026-09-25T13:10:29.111+0000] {processor.py:208} INFO - Processing /opt/airflow/dags/comptage_dag.py took 0.070 seconds
[2026-09-25T13:10:59.253+0000] {processor.py:186} INFO - Started process (PID=670) to work on /opt/airflow/dags/comptage_dag.py
[2026-09-25T13:10:59.258+0000] {processor.py:914} INFO - Processing file /opt/airflow/dags/comptage_dag.py for tasks to queue
[2026-09-25T13:10:59.260+0000] {logging_mixin.py:190} INFO - [2026-09-25T13:10:59.260+0000] {dagbag.py:588} INFO - Filling up the DagBag from /opt/airflow/dags/comptage_dag.py
[2026-09-25T13:10:59.268+0000] {processor.py:925} INFO - DAG(s) 'comptage_dag' retrieved from /opt/airflow/dags/comptage_dag.py
[2026-09-25T13:10:59.284+0000] {logging_mixin.py:190} INFO - [2026-09-25T13:10:59.284+0000] {dag.py:3239} INFO - Sync 1 DAGs
[2026-09-25T13:10:59.300+0000] {logging_mixin.py:190} INFO - [2026-09-25T13:10:59.299+0000] {dag.py:4180} INFO - Setting next_dagrun for comptage_dag to 2026-09-25 00:00:00+00:00, run_after=2026-09-26 00:00:00+00:00
[2026-09-25T13:10:59.310+0000] {processor.py:208} INFO - Processing /opt/airflow/dags/comptage_dag.py took 0.061 seconds
[2026-09-25T13:11:29.427+0000] {processor.py:186} INFO - Started process (PID=687) to work on /opt/airflow/dags/comptage_dag.py
[2026-09-25T13:11:29.428+0000] {processor.py:914} INFO - Processing file /opt/airflow/dags/comptage_dag.py for tasks to queue
[2026-09-25T13:11:29.430+0000] {logging_mixin.py:190} INFO - [2026-09-25T13:11:29.429+0000] {dagbag.py:588} INFO - Filling up the DagBag from /opt/airflow/dags/comptage_dag.py
[2026-09-25T13:11:29.437+0000] {processor.py:925} INFO - DAG(s) 'comptage_dag' retrieved from /opt/airflow/dags/comptage_dag.py
[2026-09-25T13:11:29.452+0000] {logging_mixin.py:190} INFO - [2026-09-25T13:11:29.452+0000] {dag.py:3239} INFO - Sync 1 DAGs
[2026-09-25T13:11:29.468+0000] {logging_mixin.py:190} INFO - [2026-09-25T13:11:29.468+0000] {dag.py:4180} INFO - Setting next_dagrun for comptage_dag to 2026-09-25 00:00:00+00:00, run_after=2026-09-26 00:00:00+00:00
[2026-09-25T13:11:29.478+0000] {processor.py:208} INFO - Processing /opt/airflow/dags/comptage_dag.py took 0.056 seconds
[2026-09-25T13:11:59.656+0000] {processor.py:186} INFO - Started process (PID=711) to work on /opt/airflow/dags/comptage_dag.py
[2026-09-25T13:11:59.663+0000] {processor.py:914} INFO - Processing file /opt/airflow/dags/comptage_dag.py for tasks to queue
[2026-09-25T13:11:59.669+0000] {logging_mixin.py:190} INFO - [2026-09-25T13:11:59.668+0000] {dagbag.py:588} INFO - Filling up the DagBag from /opt/airflow/dags/comptage_dag.py
[2026-09-25T13:11:59.691+0000] {processor.py:925} INFO - DAG(s) 'comptage_dag' retrieved from /opt/airflow/dags/comptage_dag.py
[2026-09-25T13:11:59.737+0000] {logging_mixin.py:190} INFO - [2026-09-25T13:11:59.737+0000] {dag.py:3239} INFO - Sync 1 DAGs
[2026-09-25T13:11:59.788+0000] {logging_mixin.py:190} INFO - [2026-09-25T13:11:59.787+0000] {dag.py:4180} INFO - Setting next_dagrun for comptage_dag to 2026-09-25 00:00:00+00:00, run_after=2026-09-26 00:00:00+00:00
[2026-09-25T13:11:59.822+0000] {processor.py:208} INFO - Processing /opt/airflow/dags/comptage_dag.py took 0.179 seconds
[2026-09-25T13:12:30.012+0000] {processor.py:186} INFO - Started process (PID=729) to work on /opt/airflow/dags/comptage_dag.py
[2026-09-25T13:12:30.012+0000] {processor.py:914} INFO - Processing file /opt/airflow/dags/comptage_dag.py for tasks to queue
[2026-09-25T13:12:30.014+0000] {logging_mixin.py:190} INFO - [2026-09-25T13:12:30.013+0000] {dagbag.py:588} INFO - Filling up the DagBag from /opt/airflow/dags/comptage_dag.py
[2026-09-25T13:12:30.021+0000] {processor.py:925} INFO - DAG(s) 'comptage_dag' retrieved from /opt/airflow/dags/comptage_dag.py
[2026-09-25T13:12:30.039+0000] {logging_mixin.py:190} INFO - [2026-09-25T13:12:30.039+0000] {dag.py:3239} INFO - Sync 1 DAGs
[2026-09-25T13:12:30.056+0000] {logging_mixin.py:190} INFO - [2026-09-25T13:12:30.056+0000] {dag.py:4180} INFO - Setting next_dagrun for comptage_dag to 2026-09-25 00:00:00+00:00, run_after=2026-09-26 00:00:00+00:00
[2026-09-25T13:12:30.067+0000] {processor.py:208} INFO - Processing /opt/airflow/dags/comptage_dag.py took 0.060 seconds
[2026-09-25T13:13:00.145+0000] {processor.py:186} INFO - Started process (PID=746) to work on /opt/airflow/dags/comptage_dag.py
[2026-09-25T13:13:00.147+0000] {processor.py:914} INFO - Processing file /opt/airflow/dags/comptage_dag.py for tasks to queue
[2026-09-25T13:13:00.148+0000] {logging_mixin.py:190} INFO - [2026-09-25T13:13:00.148+0000] {dagbag.py:588} INFO - Filling up the DagBag from /opt/airflow/dags/comptage_dag.py
[2026-09-25T13:13:00.156+0000] {processor.py:925} INFO - DAG(s) 'comptage_dag' retrieved from /opt/airflow/dags/comptage_dag.py
[2026-09-25T13:13:00.173+0000] {logging_mixin.py:190} INFO - [2026-09-25T13:13:00.173+0000] {dag.py:3239} INFO - Sync 1 DAGs
[2026-09-25T13:13:00.192+0000] {logging_mixin.py:190} INFO - [2026-09-25T13:13:00.192+0000] {dag.py:4180} INFO - Setting next_dagrun for comptage_dag to 2026-09-25 00:00:00+00:00, run_after=2026-09-26 00:00:00+00:00
[2026-09-25T13:13:00.204+0000] {processor.py:208} INFO - Processing /opt/airflow/dags/comptage_dag.py took 0.063 seconds
[2026-09-25T13:13:30.353+0000] {processor.py:186} INFO - Started process (PID=771) to work on /opt/airflow/dags/comptage_dag.py
[2026-09-25T13:13:30.355+0000] {processor.py:914} INFO - Processing file /opt/airflow/dags/comptage_dag.py for tasks to queue
[2026-09-25T13:13:30.359+0000] {logging_mixin.py:190} INFO - [2026-09-25T13:13:30.359+0000] {dagbag.py:588} INFO - Filling up the DagBag from /opt/airflow/dags/comptage_dag.py
[2026-09-25T13:13:30.378+0000] {processor.py:925} INFO - DAG(s) 'comptage_dag' retrieved from /opt/airflow/dags/comptage_dag.py
[2026-09-25T13:13:30.416+0000] {logging_mixin.py:190} INFO - [2026-09-25T13:13:30.416+0000] {dag.py:3239} INFO - Sync 1 DAGs
[2026-09-25T13:13:30.461+0000] {logging_mixin.py:190} INFO - [2026-09-25T13:13:30.461+0000] {dag.py:4180} INFO - Setting next_dagrun for comptage_dag to 2026-09-25 00:00:00+00:00, run_after=2026-09-26 00:00:00+00:00
[2026-09-25T13:13:30.488+0000] {processor.py:208} INFO - Processing /opt/airflow/dags/comptage_dag.py took 0.146 seconds
[2026-09-25T13:14:00.523+0000] {processor.py:186} INFO - Started process (PID=788) to work on /opt/airflow/dags/comptage_dag.py
[2026-09-25T13:14:00.524+0000] {processor.py:914} INFO - Processing file /opt/airflow/dags/comptage_dag.py for tasks to queue
[2026-09-25T13:14:00.525+0000] {logging_mixin.py:190} INFO - [2026-09-25T13:14:00.525+0000] {dagbag.py:588} INFO - Filling up the DagBag from /opt/airflow/dags/comptage_dag.py
[2026-09-25T13:14:00.532+0000] {processor.py:925} INFO - DAG(s) 'comptage_dag' retrieved from /opt/airflow/dags/comptage_dag.py
[2026-09-25T13:14:00.546+0000] {logging_mixin.py:190} INFO - [2026-09-25T13:14:00.546+0000] {dag.py:3239} INFO - Sync 1 DAGs
[2026-09-25T13:14:00.562+0000] {logging_mixin.py:190} INFO - [2026-09-25T13:14:00.561+0000] {dag.py:4180} INFO - Setting next_dagrun for comptage_dag to 2026-09-25 00:00:00+00:00, run_after=2026-09-26 00:00:00+00:00
[2026-09-25T13:14:00.572+0000] {processor.py:208} INFO - Processing /opt/airflow/dags/comptage_dag.py took 0.053 seconds
[2026-09-25T13:14:30.663+0000] {processor.py:186} INFO - Started process (PID=812) to work on /opt/airflow/dags/comptage_dag.py
[2026-09-25T13:14:30.668+0000] {processor.py:914} INFO - Processing file /opt/airflow/dags/comptage_dag.py for tasks to queue
[2026-09-25T13:14:30.670+0000] {logging_mixin.py:190} INFO - [2026-09-25T13:14:30.670+0000] {dagbag.py:588} INFO - Filling up the DagBag from /opt/airflow/dags/comptage_dag.py
[2026-09-25T13:14:30.677+0000] {processor.py:925} INFO - DAG(s) 'comptage_dag' retrieved from /opt/airflow/dags/comptage_dag.py
[2026-09-25T13:14:30.692+0000] {logging_mixin.py:190} INFO - [2026-09-25T13:14:30.692+0000] {dag.py:3239} INFO - Sync 1 DAGs
[2026-09-25T13:14:30.708+0000] {logging_mixin.py:190} INFO - [2026-09-25T13:14:30.708+0000] {dag.py:4180} INFO - Setting next_dagrun for comptage_dag to 2026-09-25 00:00:00+00:00, run_after=2026-09-26 00:00:00+00:00
[2026-09-25T13:14:30.720+0000] {processor.py:208} INFO - Processing /opt/airflow/dags/comptage_dag.py took 0.061 seconds
[2026-09-25T13:15:00.852+0000] {processor.py:186} INFO - Started process (PID=830) to work on /opt/airflow/dags/comptage_dag.py
[2026-09-25T13:15:00.852+0000] {processor.py:914} INFO - Processing file /opt/airflow/dags/comptage_dag.py for tasks to queue
[2026-09-25T13:15:00.854+0000] {logging_mixin.py:190} INFO - [2026-09-25T13:15:00.854+0000] {dagbag.py:588} INFO - Filling up the DagBag from /opt/airflow/dags/comptage_dag.py
[2026-09-25T13:15:00.862+0000] {processor.py:925} INFO - DAG(s) 'comptage_dag' retrieved from /opt/airflow/dags/comptage_dag.py
[2026-09-25T13:15:00.878+0000] {logging_mixin.py:190} INFO - [2026-09-25T13:15:00.878+0000] {dag.py:3239} INFO - Sync 1 DAGs
[2026-09-25T13:15:00.894+0000] {logging_mixin.py:190} INFO - [2026-09-25T13:15:00.894+0000] {dag.py:4180} INFO - Setting next_dagrun for comptage_dag to 2026-09-25 00:00:00+00:00, run_after=2026-09-26 00:00:00+00:00
[2026-09-25T13:15:00.905+0000] {processor.py:208} INFO - Processing /opt/airflow/dags/comptage_dag.py took 0.057 seconds
[2026-09-25T13:15:31.010+0000] {processor.py:186} INFO - Started process (PID=847) to work on /opt/airflow/dags/comptage_dag.py
[2026-09-25T13:15:31.016+0000] {processor.py:914} INFO - Processing file /opt/airflow/dags/comptage_dag.py for tasks to queue
[2026-09-25T13:15:31.021+0000] {logging_mixin.py:190} INFO - [2026-09-25T13:15:31.020+0000] {dagbag.py:588} INFO - Filling up the DagBag from /opt/airflow/dags/comptage_dag.py
[2026-09-25T13:15:31.031+0000] {processor.py:925} INFO - DAG(s) 'comptage_dag' retrieved from /opt/airflow/dags/comptage_dag.py
[2026-09-25T13:15:31.046+0000] {logging_mixin.py:190} INFO - [2026-09-25T13:15:31.046+0000] {dag.py:3239} INFO - Sync 1 DAGs
[2026-09-25T13:15:31.062+0000] {logging_mixin.py:190} INFO - [2026-09-25T13:15:31.062+0000] {dag.py:4180} INFO - Setting next_dagrun for comptage_dag to 2026-09-25 00:00:00+00:00, run_after=2026-09-26 00:00:00+00:00
[2026-09-25T13:15:31.072+0000] {processor.py:208} INFO - Processing /opt/airflow/dags/comptage_dag.py took 0.066 seconds
[2026-09-25T13:16:01.219+0000] {processor.py:186} INFO - Started process (PID=870) to work on /opt/airflow/dags/comptage_dag.py
[2026-09-25T13:16:01.221+0000] {processor.py:914} INFO - Processing file /opt/airflow/dags/comptage_dag.py for tasks to queue
[2026-09-25T13:16:01.224+0000] {logging_mixin.py:190} INFO - [2026-09-25T13:16:01.224+0000] {dagbag.py:588} INFO - Filling up the DagBag from /opt/airflow/dags/comptage_dag.py
[2026-09-25T13:16:01.240+0000] {processor.py:925} INFO - DAG(s) 'comptage_dag' retrieved from /opt/airflow/dags/comptage_dag.py
[2026-09-25T13:16:01.272+0000] {logging_mixin.py:190} INFO - [2026-09-25T13:16:01.271+0000] {dag.py:3239} INFO - Sync 1 DAGs
[2026-09-25T13:16:01.296+0000] {logging_mixin.py:190} INFO - [2026-09-25T13:16:01.296+0000] {dag.py:4180} INFO - Setting next_dagrun for comptage_dag to 2026-09-25 00:00:00+00:00, run_after=2026-09-26 00:00:00+00:00
[2026-09-25T13:16:01.309+0000] {processor.py:208} INFO - Processing /opt/airflow/dags/comptage_dag.py took 0.100 seconds
[2026-09-25T13:16:31.361+0000] {processor.py:186} INFO - Started process (PID=887) to work on /opt/airflow/dags/comptage_dag.py
[2026-09-25T13:16:31.367+0000] {processor.py:914} INFO - Processing file /opt/airflow/dags/comptage_dag.py for tasks to queue
[2026-09-25T13:16:31.369+0000] {logging_mixin.py:190} INFO - [2026-09-25T13:16:31.369+0000] {dagbag.py:588} INFO - Filling up the DagBag from /opt/airflow/dags/comptage_dag.py
[2026-09-25T13:16:31.376+0000] {processor.py:925} INFO - DAG(s) 'comptage_dag' retrieved from /opt/airflow/dags/comptage_dag.py
[2026-09-25T13:16:31.397+0000] {logging_mixin.py:190} INFO - [2026-09-25T13:16:31.397+0000] {dag.py:3239} INFO - Sync 1 DAGs
[2026-09-25T13:16:31.417+0000] {logging_mixin.py:190} INFO - [2026-09-25T13:16:31.417+0000] {dag.py:4180} INFO - Setting next_dagrun for comptage_dag to 2026-09-25 00:00:00+00:00, run_after=2026-09-26 00:00:00+00:00
[2026-09-25T13:16:31.430+0000] {processor.py:208} INFO - Processing /opt/airflow/dags/comptage_dag.py took 0.074 seconds
[2026-09-25T13:17:01.505+0000] {processor.py:186} INFO - Started process (PID=911) to work on /opt/airflow/dags/comptage_dag.py
[2026-09-25T13:17:01.506+0000] {processor.py:914} INFO - Processing file /opt/airflow/dags/comptage_dag.py for tasks to queue
[2026-09-25T13:17:01.507+0000] {logging_mixin.py:190} INFO - [2026-09-25T13:17:01.507+0000] {dagbag.py:588} INFO - Filling up the DagBag from /opt/airflow/dags/comptage_dag.py
[2026-09-25T13:17:01.517+0000] {processor.py:925} INFO - DAG(s) 'comptage_dag' retrieved from /opt/airflow/dags/comptage_dag.py
[2026-09-25T13:17:01.533+0000] {logging_mixin.py:190} INFO - [2026-09-25T13:17:01.533+0000] {dag.py:3239} INFO - Sync 1 DAGs
[2026-09-25T13:17:01.550+0000] {logging_mixin.py:190} INFO - [2026-09-25T13:17:01.550+0000] {dag.py:4180} INFO - Setting next_dagrun for comptage_dag to 2026-09-25 00:00:00+00:00, run_after=2026-09-26 00:00:00+00:00
[2026-09-25T13:17:01.560+0000] {processor.py:208} INFO - Processing /opt/airflow/dags/comptage_dag.py took 0.060 seconds
[2026-09-25T13:17:31.648+0000] {processor.py:186} INFO - Started process (PID=928) to work on /opt/airflow/dags/comptage_dag.py
[2026-09-25T13:17:31.654+0000] {processor.py:914} INFO - Processing file /opt/airflow/dags/comptage_dag.py for tasks to queue
[2026-09-25T13:17:31.658+0000] {logging_mixin.py:190} INFO - [2026-09-25T13:17:31.657+0000] {dagbag.py:588} INFO - Filling up the DagBag from /opt/airflow/dags/comptage_dag.py
[2026-09-25T13:17:31.669+0000] {processor.py:925} INFO - DAG(s) 'comptage_dag' retrieved from /opt/airflow/dags/comptage_dag.py
[2026-09-25T13:17:31.684+0000] {logging_mixin.py:190} INFO - [2026-09-25T13:17:31.684+0000] {dag.py:3239} INFO - Sync 1 DAGs
[2026-09-25T13:17:31.699+0000] {logging_mixin.py:190} INFO - [2026-09-25T13:17:31.699+0000] {dag.py:4180} INFO - Setting next_dagrun for comptage_dag to 2026-09-25 00:00:00+00:00, run_after=2026-09-26 00:00:00+00:00
[2026-09-25T13:17:31.710+0000] {processor.py:208} INFO - Processing /opt/airflow/dags/comptage_dag.py took 0.065 seconds
[2026-09-25T13:18:01.846+0000] {processor.py:186} INFO - Started process (PID=952) to work on /opt/airflow/dags/comptage_dag.py
[2026-09-25T13:18:01.847+0000] {processor.py:914} INFO - Processing file /opt/airflow/dags/comptage_dag.py for tasks to queue
[2026-09-25T13:18:01.849+0000] {logging_mixin.py:190} INFO - [2026-09-25T13:18:01.849+0000] {dagbag.py:588} INFO - Filling up the DagBag from /opt/airflow/dags/comptage_dag.py
[2026-09-25T13:18:01.859+0000] {processor.py:925} INFO - DAG(s) 'comptage_dag' retrieved from /opt/airflow/dags/comptage_dag.py
[2026-09-25T13:18:01.883+0000] {logging_mixin.py:190} INFO - [2026-09-25T13:18:01.883+0000] {dag.py:3239} INFO - Sync 1 DAGs
[2026-09-25T13:18:01.909+0000] {logging_mixin.py:190} INFO - [2026-09-25T13:18:01.908+0000] {dag.py:4180} INFO - Setting next_dagrun for comptage_dag to 2026-09-25 00:00:00+00:00, run_after=2026-09-26 00:00:00+00:00
[2026-09-25T13:18:01.927+0000] {processor.py:208} INFO - Processing /opt/airflow/dags/comptage_dag.py took 0.087 seconds
[2026-09-25T13:18:31.998+0000] {processor.py:186} INFO - Started process (PID=970) to work on /opt/airflow/dags/comptage_dag.py
[2026-09-25T13:18:31.998+0000] {processor.py:914} INFO - Processing file /opt/airflow/dags/comptage_dag.py for tasks to queue
[2026-09-25T13:18:32.001+0000] {logging_mixin.py:190} INFO - [2026-09-25T13:18:32.000+0000] {dagbag.py:588} INFO - Filling up the DagBag from /opt/airflow/dags/comptage_dag.py
[2026-09-25T13:18:32.010+0000] {processor.py:925} INFO - DAG(s) 'comptage_dag' retrieved from /opt/airflow/dags/comptage_dag.py
[2026-09-25T13:18:32.033+0000] {logging_mixin.py:190} INFO - [2026-09-25T13:18:32.033+0000] {dag.py:3239} INFO - Sync 1 DAGs
[2026-09-25T13:18:32.064+0000] {logging_mixin.py:190} INFO - [2026-09-25T13:18:32.063+0000] {dag.py:4180} INFO - Setting next_dagrun for comptage_dag to 2026-09-25 00:00:00+00:00, run_after=2026-09-26 00:00:00+00:00
[2026-09-25T13:18:32.120+0000] {processor.py:208} INFO - Processing /opt/airflow/dags/comptage_dag.py took 0.127 seconds
[2026-09-25T13:19:02.230+0000] {processor.py:186} INFO - Started process (PID=987) to work on /opt/airflow/dags/comptage_dag.py
[2026-09-25T13:19:02.231+0000] {processor.py:914} INFO - Processing file /opt/airflow/dags/comptage_dag.py for tasks to queue
[2026-09-25T13:19:02.232+0000] {logging_mixin.py:190} INFO - [2026-09-25T13:19:02.232+0000] {dagbag.py:588} INFO - Filling up the DagBag from /opt/airflow/dags/comptage_dag.py
[2026-09-25T13:19:02.240+0000] {processor.py:925} INFO - DAG(s) 'comptage_dag' retrieved from /opt/airflow/dags/comptage_dag.py
[2026-09-25T13:19:02.258+0000] {logging_mixin.py:190} INFO - [2026-09-25T13:19:02.258+0000] {dag.py:3239} INFO - Sync 1 DAGs
[2026-09-25T13:19:02.278+0000] {logging_mixin.py:190} INFO - [2026-09-25T13:19:02.278+0000] {dag.py:4180} INFO - Setting next_dagrun for comptage_dag to 2026-09-25 00:00:00+00:00, run_after=2026-09-26 00:00:00+00:00
[2026-09-25T13:19:02.289+0000] {processor.py:208} INFO - Processing /opt/airflow/dags/comptage_dag.py took 0.064 seconds
[2026-09-25T13:19:32.471+0000] {processor.py:186} INFO - Started process (PID=1012) to work on /opt/airflow/dags/comptage_dag.py
[2026-09-25T13:19:32.477+0000] {processor.py:914} INFO - Processing file /opt/airflow/dags/comptage_dag.py for tasks to queue
[2026-09-25T13:19:32.481+0000] {logging_mixin.py:190} INFO - [2026-09-25T13:19:32.481+0000] {dagbag.py:588} INFO - Filling up the DagBag from /opt/airflow/dags/comptage_dag.py
[2026-09-25T13:19:32.492+0000] {processor.py:925} INFO - DAG(s) 'comptage_dag' retrieved from /opt/airflow/dags/comptage_dag.py
[2026-09-25T13:19:32.506+0000] {logging_mixin.py:190} INFO - [2026-09-25T13:19:32.506+0000] {dag.py:3239} INFO - Sync 1 DAGs
[2026-09-25T13:19:32.521+0000] {logging_mixin.py:190} INFO - [2026-09-25T13:19:32.521+0000] {dag.py:4180} INFO - Setting next_dagrun for comptage_dag to 2026-09-25 00:00:00+00:00, run_after=2026-09-26 00:00:00+00:00
[2026-09-25T13:19:32.531+0000] {processor.py:208} INFO - Processing /opt/airflow/dags/comptage_dag.py took 0.065 seconds
[2026-09-25T13:20:02.637+0000] {processor.py:186} INFO - Started process (PID=1029) to work on /opt/airflow/dags/comptage_dag.py
[2026-09-25T13:20:02.638+0000] {processor.py:914} INFO - Processing file /opt/airflow/dags/comptage_dag.py for tasks to queue
[2026-09-25T13:20:02.640+0000] {logging_mixin.py:190} INFO - [2026-09-25T13:20:02.640+0000] {dagbag.py:588} INFO - Filling up the DagBag from /opt/airflow/dags/comptage_dag.py
[2026-09-25T13:20:02.647+0000] {processor.py:925} INFO - DAG(s) 'comptage_dag' retrieved from /opt/airflow/dags/comptage_dag.py
[2026-09-25T13:20:02.664+0000] {logging_mixin.py:190} INFO - [2026-09-25T13:20:02.664+0000] {dag.py:3239} INFO - Sync 1 DAGs
[2026-09-25T13:20:02.685+0000] {logging_mixin.py:190} INFO - [2026-09-25T13:20:02.685+0000] {dag.py:4180} INFO - Setting next_dagrun for comptage_dag to 2026-09-25 00:00:00+00:00, run_after=2026-09-26 00:00:00+00:00
[2026-09-25T13:20:02.697+0000] {processor.py:208} INFO - Processing /opt/airflow/dags/comptage_dag.py took 0.064 seconds
[2026-09-25T13:20:32.801+0000] {processor.py:186} INFO - Started process (PID=1054) to work on /opt/airflow/dags/comptage_dag.py
[2026-09-25T13:20:32.802+0000] {processor.py:914} INFO - Processing file /opt/airflow/dags/comptage_dag.py for tasks to queue
[2026-09-25T13:20:32.804+0000] {logging_mixin.py:190} INFO - [2026-09-25T13:20:32.804+0000] {dagbag.py:588} INFO - Filling up the DagBag from /opt/airflow/dags/comptage_dag.py
[2026-09-25T13:20:32.817+0000] {processor.py:925} INFO - DAG(s) 'comptage_dag' retrieved from /opt/airflow/dags/comptage_dag.py
[2026-09-25T13:20:32.846+0000] {logging_mixin.py:190} INFO - [2026-09-25T13:20:32.846+0000] {dag.py:3239} INFO - Sync 1 DAGs
[2026-09-25T13:20:32.868+0000] {logging_mixin.py:190} INFO - [2026-09-25T13:20:32.868+0000] {dag.py:4180} INFO - Setting next_dagrun for comptage_dag to 2026-09-25 00:00:00+00:00, run_after=2026-09-26 00:00:00+00:00
[2026-09-25T13:20:32.883+0000] {processor.py:208} INFO - Processing /opt/airflow/dags/comptage_dag.py took 0.089 seconds
[2026-09-25T13:21:02.978+0000] {processor.py:186} INFO - Started process (PID=1071) to work on /opt/airflow/dags/comptage_dag.py
[2026-09-25T13:21:02.979+0000] {processor.py:914} INFO - Processing file /opt/airflow/dags/comptage_dag.py for tasks to queue
[2026-09-25T13:21:02.981+0000] {logging_mixin.py:190} INFO - [2026-09-25T13:21:02.980+0000] {dagbag.py:588} INFO - Filling up the DagBag from /opt/airflow/dags/comptage_dag.py
[2026-09-25T13:21:02.990+0000] {processor.py:925} INFO - DAG(s) 'comptage_dag' retrieved from /opt/airflow/dags/comptage_dag.py
[2026-09-25T13:21:03.005+0000] {logging_mixin.py:190} INFO - [2026-09-25T13:21:03.005+0000] {dag.py:3239} INFO - Sync 1 DAGs
[2026-09-25T13:21:03.022+0000] {logging_mixin.py:190} INFO - [2026-09-25T13:21:03.022+0000] {dag.py:4180} INFO - Setting next_dagrun for comptage_dag to 2026-09-25 00:00:00+00:00, run_after=2026-09-26 00:00:00+00:00
[2026-09-25T13:21:03.032+0000] {processor.py:208} INFO - Processing /opt/airflow/dags/comptage_dag.py took 0.061 seconds
[2026-09-25T13:21:33.169+0000] {processor.py:186} INFO - Started process (PID=1096) to work on /opt/airflow/dags/comptage_dag.py
[2026-09-25T13:21:33.171+0000] {processor.py:914} INFO - Processing file /opt/airflow/dags/comptage_dag.py for tasks to queue
[2026-09-25T13:21:33.172+0000] {logging_mixin.py:190} INFO - [2026-09-25T13:21:33.172+0000] {dagbag.py:588} INFO - Filling up the DagBag from /opt/airflow/dags/comptage_dag.py
[2026-09-25T13:21:33.181+0000] {processor.py:925} INFO - DAG(s) 'comptage_dag' retrieved from /opt/airflow/dags/comptage_dag.py
[2026-09-25T13:21:33.199+0000] {logging_mixin.py:190} INFO - [2026-09-25T13:21:33.199+0000] {dag.py:3239} INFO - Sync 1 DAGs
[2026-09-25T13:21:33.216+0000] {logging_mixin.py:190} INFO - [2026-09-25T13:21:33.216+0000] {dag.py:4180} INFO - Setting next_dagrun for comptage_dag to 2026-09-25 00:00:00+00:00, run_after=2026-09-26 00:00:00+00:00
[2026-09-25T13:21:33.227+0000] {processor.py:208} INFO - Processing /opt/airflow/dags/comptage_dag.py took 0.063 seconds
[2026-09-25T13:22:03.388+0000] {processor.py:186} INFO - Started process (PID=1113) to work on /opt/airflow/dags/comptage_dag.py
[2026-09-25T13:22:03.388+0000] {processor.py:914} INFO - Processing file /opt/airflow/dags/comptage_dag.py for tasks to queue
[2026-09-25T13:22:03.390+0000] {logging_mixin.py:190} INFO - [2026-09-25T13:22:03.390+0000] {dagbag.py:588} INFO - Filling up the DagBag from /opt/airflow/dags/comptage_dag.py
[2026-09-25T13:22:03.396+0000] {processor.py:925} INFO - DAG(s) 'comptage_dag' retrieved from /opt/airflow/dags/comptage_dag.py
[2026-09-25T13:22:03.410+0000] {logging_mixin.py:190} INFO - [2026-09-25T13:22:03.410+0000] {dag.py:3239} INFO - Sync 1 DAGs
[2026-09-25T13:22:03.426+0000] {logging_mixin.py:190} INFO - [2026-09-25T13:22:03.426+0000] {dag.py:4180} INFO - Setting next_dagrun for comptage_dag to 2026-09-25 00:00:00+00:00, run_after=2026-09-26 00:00:00+00:00
[2026-09-25T13:22:03.436+0000] {processor.py:208} INFO - Processing /opt/airflow/dags/comptage_dag.py took 0.054 seconds
[2026-09-25T13:22:33.570+0000] {processor.py:186} INFO - Started process (PID=1138) to work on /opt/airflow/dags/comptage_dag.py
[2026-09-25T13:22:33.576+0000] {processor.py:914} INFO - Processing file /opt/airflow/dags/comptage_dag.py for tasks to queue
[2026-09-25T13:22:33.578+0000] {logging_mixin.py:190} INFO - [2026-09-25T13:22:33.577+0000] {dagbag.py:588} INFO - Filling up the DagBag from /opt/airflow/dags/comptage_dag.py
[2026-09-25T13:22:33.588+0000] {processor.py:925} INFO - DAG(s) 'comptage_dag' retrieved from /opt/airflow/dags/comptage_dag.py
[2026-09-25T13:22:33.607+0000] {logging_mixin.py:190} INFO - [2026-09-25T13:22:33.607+0000] {dag.py:3239} INFO - Sync 1 DAGs
[2026-09-25T13:22:33.628+0000] {logging_mixin.py:190} INFO - [2026-09-25T13:22:33.627+0000] {dag.py:4180} INFO - Setting next_dagrun for comptage_dag to 2026-09-25 00:00:00+00:00, run_after=2026-09-26 00:00:00+00:00
[2026-09-25T13:22:33.643+0000] {processor.py:208} INFO - Processing /opt/airflow/dags/comptage_dag.py took 0.077 seconds
[2026-09-25T13:23:03.713+0000] {processor.py:186} INFO - Started process (PID=1155) to work on /opt/airflow/dags/comptage_dag.py
[2026-09-25T13:23:03.714+0000] {processor.py:914} INFO - Processing file /opt/airflow/dags/comptage_dag.py for tasks to queue
[2026-09-25T13:23:03.716+0000] {logging_mixin.py:190} INFO - [2026-09-25T13:23:03.716+0000] {dagbag.py:588} INFO - Filling up the DagBag from /opt/airflow/dags/comptage_dag.py
[2026-09-25T13:23:03.724+0000] {processor.py:925} INFO - DAG(s) 'comptage_dag' retrieved from /opt/airflow/dags/comptage_dag.py
[2026-09-25T13:23:03.742+0000] {logging_mixin.py:190} INFO - [2026-09-25T13:23:03.742+0000] {dag.py:3239} INFO - Sync 1 DAGs
[2026-09-25T13:23:03.761+0000] {logging_mixin.py:190} INFO - [2026-09-25T13:23:03.761+0000] {dag.py:4180} INFO - Setting next_dagrun for comptage_dag to 2026-09-25 00:00:00+00:00, run_after=2026-09-26 00:00:00+00:00
[2026-09-25T13:23:03.775+0000] {processor.py:208} INFO - Processing /opt/airflow/dags/comptage_dag.py took 0.067 seconds
[2026-09-25T13:23:33.894+0000] {processor.py:186} INFO - Started process (PID=1179) to work on /opt/airflow/dags/comptage_dag.py
[2026-09-25T13:23:33.900+0000] {processor.py:914} INFO - Processing file /opt/airflow/dags/comptage_dag.py for tasks to queue
[2026-09-25T13:23:33.902+0000] {logging_mixin.py:190} INFO - [2026-09-25T13:23:33.902+0000] {dagbag.py:588} INFO - Filling up the DagBag from /opt/airflow/dags/comptage_dag.py
[2026-09-25T13:23:33.912+0000] {processor.py:925} INFO - DAG(s) 'comptage_dag' retrieved from /opt/airflow/dags/comptage_dag.py
[2026-09-25T13:23:33.933+0000] {logging_mixin.py:190} INFO - [2026-09-25T13:23:33.933+0000] {dag.py:3239} INFO - Sync 1 DAGs
[2026-09-25T13:23:33.955+0000] {logging_mixin.py:190} INFO - [2026-09-25T13:23:33.955+0000] {dag.py:4180} INFO - Setting next_dagrun for comptage_dag to 2026-09-25 00:00:00+00:00, run_after=2026-09-26 00:00:00+00:00
[2026-09-25T13:23:33.971+0000] {processor.py:208} INFO - Processing /opt/airflow/dags/comptage_dag.py took 0.084 seconds
[2026-09-25T13:24:04.031+0000] {processor.py:186} INFO - Started process (PID=1197) to work on /opt/airflow/dags/comptage_dag.py
[2026-09-25T13:24:04.032+0000] {processor.py:914} INFO - Processing file /opt/airflow/dags/comptage_dag.py for tasks to queue
[2026-09-25T13:24:04.035+0000] {logging_mixin.py:190} INFO - [2026-09-25T13:24:04.035+0000] {dagbag.py:588} INFO - Filling up the DagBag from /opt/airflow/dags/comptage_dag.py
[2026-09-25T13:24:04.042+0000] {processor.py:925} INFO - DAG(s) 'comptage_dag' retrieved from /opt/airflow/dags/comptage_dag.py
[2026-09-25T13:24:04.063+0000] {logging_mixin.py:190} INFO - [2026-09-25T13:24:04.062+0000] {dag.py:3239} INFO - Sync 1 DAGs
[2026-09-25T13:24:04.082+0000] {logging_mixin.py:190} INFO - [2026-09-25T13:24:04.082+0000] {dag.py:4180} INFO - Setting next_dagrun for comptage_dag to 2026-09-25 00:00:00+00:00, run_after=2026-09-26 00:00:00+00:00
[2026-09-25T13:24:04.095+0000] {processor.py:208} INFO - Processing /opt/airflow/dags/comptage_dag.py took 0.069 seconds
[2026-09-25T13:24:34.262+0000] {processor.py:186} INFO - Started process (PID=1214) to work on /opt/airflow/dags/comptage_dag.py
[2026-09-25T13:24:34.263+0000] {processor.py:914} INFO - Processing file /opt/airflow/dags/comptage_dag.py for tasks to queue
[2026-09-25T13:24:34.272+0000] {logging_mixin.py:190} INFO - [2026-09-25T13:24:34.272+0000] {dagbag.py:588} INFO - Filling up the DagBag from /opt/airflow/dags/comptage_dag.py
[2026-09-25T13:24:34.308+0000] {processor.py:925} INFO - DAG(s) 'comptage_dag' retrieved from /opt/airflow/dags/comptage_dag.py
[2026-09-25T13:24:34.338+0000] {logging_mixin.py:190} INFO - [2026-09-25T13:24:34.337+0000] {dag.py:3239} INFO - Sync 1 DAGs
[2026-09-25T13:24:34.371+0000] {logging_mixin.py:190} INFO - [2026-09-25T13:24:34.370+0000] {dag.py:4180} INFO - Setting next_dagrun for comptage_dag to 2026-09-25 00:00:00+00:00, run_after=2026-09-26 00:00:00+00:00
[2026-09-25T13:24:34.402+0000] {processor.py:208} INFO - Processing /opt/airflow/dags/comptage_dag.py took 0.156 seconds
[2026-09-25T13:25:04.440+0000] {processor.py:186} INFO - Started process (PID=1239) to work on /opt/airflow/dags/comptage_dag.py
[2026-09-25T13:25:04.441+0000] {processor.py:914} INFO - Processing file /opt/airflow/dags/comptage_dag.py for tasks to queue
[2026-09-25T13:25:04.443+0000] {logging_mixin.py:190} INFO - [2026-09-25T13:25:04.443+0000] {dagbag.py:588} INFO - Filling up the DagBag from /opt/airflow/dags/comptage_dag.py
[2026-09-25T13:25:04.452+0000] {processor.py:925} INFO - DAG(s) 'comptage_dag' retrieved from /opt/airflow/dags/comptage_dag.py
[2026-09-25T13:25:04.468+0000] {logging_mixin.py:190} INFO - [2026-09-25T13:25:04.468+0000] {dag.py:3239} INFO - Sync 1 DAGs
[2026-09-25T13:25:04.484+0000] {logging_mixin.py:190} INFO - [2026-09-25T13:25:04.484+0000] {dag.py:4180} INFO - Setting next_dagrun for comptage_dag to 2026-09-25 00:00:00+00:00, run_after=2026-09-26 00:00:00+00:00
[2026-09-25T13:25:04.494+0000] {processor.py:208} INFO - Processing /opt/airflow/dags/comptage_dag.py took 0.059 seconds
[2026-09-25T13:25:34.597+0000] {processor.py:186} INFO - Started process (PID=1256) to work on /opt/airflow/dags/comptage_dag.py
[2026-09-25T13:25:34.597+0000] {processor.py:914} INFO - Processing file /opt/airflow/dags/comptage_dag.py for tasks to queue
[2026-09-25T13:25:34.599+0000] {logging_mixin.py:190} INFO - [2026-09-25T13:25:34.599+0000] {dagbag.py:588} INFO - Filling up the DagBag from /opt/airflow/dags/comptage_dag.py
[2026-09-25T13:25:34.607+0000] {processor.py:925} INFO - DAG(s) 'comptage_dag' retrieved from /opt/airflow/dags/comptage_dag.py
[2026-09-25T13:25:34.629+0000] {logging_mixin.py:190} INFO - [2026-09-25T13:25:34.628+0000] {dag.py:3239} INFO - Sync 1 DAGs
[2026-09-25T13:25:34.647+0000] {logging_mixin.py:190} INFO - [2026-09-25T13:25:34.647+0000] {dag.py:4180} INFO - Setting next_dagrun for comptage_dag to 2026-09-25 00:00:00+00:00, run_after=2026-09-26 00:00:00+00:00
[2026-09-25T13:25:34.659+0000] {processor.py:208} INFO - Processing /opt/airflow/dags/comptage_dag.py took 0.069 seconds
[2026-09-25T13:26:04.783+0000] {processor.py:186} INFO - Started process (PID=1280) to work on /opt/airflow/dags/comptage_dag.py
[2026-09-25T13:26:04.789+0000] {processor.py:914} INFO - Processing file /opt/airflow/dags/comptage_dag.py for tasks to queue
[2026-09-25T13:26:04.791+0000] {logging_mixin.py:190} INFO - [2026-09-25T13:26:04.791+0000] {dagbag.py:588} INFO - Filling up the DagBag from /opt/airflow/dags/comptage_dag.py
[2026-09-25T13:26:04.802+0000] {processor.py:925} INFO - DAG(s) 'comptage_dag' retrieved from /opt/airflow/dags/comptage_dag.py
[2026-09-25T13:26:04.822+0000] {logging_mixin.py:190} INFO - [2026-09-25T13:26:04.821+0000] {dag.py:3239} INFO - Sync 1 DAGs
[2026-09-25T13:26:04.840+0000] {logging_mixin.py:190} INFO - [2026-09-25T13:26:04.839+0000] {dag.py:4180} INFO - Setting next_dagrun for comptage_dag to 2026-09-25 00:00:00+00:00, run_after=2026-09-26 00:00:00+00:00
[2026-09-25T13:26:04.862+0000] {processor.py:208} INFO - Processing /opt/airflow/dags/comptage_dag.py took 0.086 seconds
[2026-09-25T13:26:34.933+0000] {processor.py:186} INFO - Started process (PID=1298) to work on /opt/airflow/dags/comptage_dag.py
[2026-09-25T13:26:34.933+0000] {processor.py:914} INFO - Processing file /opt/airflow/dags/comptage_dag.py for tasks to queue
[2026-09-25T13:26:34.935+0000] {logging_mixin.py:190} INFO - [2026-09-25T13:26:34.935+0000] {dagbag.py:588} INFO - Filling up the DagBag from /opt/airflow/dags/comptage_dag.py
[2026-09-25T13:26:34.944+0000] {processor.py:925} INFO - DAG(s) 'comptage_dag' retrieved from /opt/airflow/dags/comptage_dag.py
[2026-09-25T13:26:34.962+0000] {logging_mixin.py:190} INFO - [2026-09-25T13:26:34.961+0000] {dag.py:3239} INFO - Sync 1 DAGs
[2026-09-25T13:26:34.981+0000] {logging_mixin.py:190} INFO - [2026-09-25T13:26:34.980+0000] {dag.py:4180} INFO - Setting next_dagrun for comptage_dag to 2026-09-25 00:00:00+00:00, run_after=2026-09-26 00:00:00+00:00
[2026-09-25T13:26:34.995+0000] {processor.py:208} INFO - Processing /opt/airflow/dags/comptage_dag.py took 0.071 seconds
[2026-09-25T13:27:05.157+0000] {processor.py:186} INFO - Started process (PID=1315) to work on /opt/airflow/dags/comptage_dag.py
[2026-09-25T13:27:05.158+0000] {processor.py:914} INFO - Processing file /opt/airflow/dags/comptage_dag.py for tasks to queue
[2026-09-25T13:27:05.159+0000] {logging_mixin.py:190} INFO - [2026-09-25T13:27:05.159+0000] {dagbag.py:588} INFO - Filling up the DagBag from /opt/airflow/dags/comptage_dag.py
[2026-09-25T13:27:05.167+0000] {processor.py:925} INFO - DAG(s) 'comptage_dag' retrieved from /opt/airflow/dags/comptage_dag.py
[2026-09-25T13:27:05.182+0000] {logging_mixin.py:190} INFO - [2026-09-25T13:27:05.182+0000] {dag.py:3239} INFO - Sync 1 DAGs
[2026-09-25T13:27:05.201+0000] {logging_mixin.py:190} INFO - [2026-09-25T13:27:05.200+0000] {dag.py:4180} INFO - Setting next_dagrun for comptage_dag to 2026-09-25 00:00:00+00:00, run_after=2026-09-26 00:00:00+00:00
[2026-09-25T13:27:05.214+0000] {processor.py:208} INFO - Processing /opt/airflow/dags/comptage_dag.py took 0.061 seconds
[2026-09-25T13:27:35.365+0000] {processor.py:186} INFO - Started process (PID=1340) to work on /opt/airflow/dags/comptage_dag.py
[2026-09-25T13:27:35.365+0000] {processor.py:914} INFO - Processing file /opt/airflow/dags/comptage_dag.py for tasks to queue
[2026-09-25T13:27:35.367+0000] {logging_mixin.py:190} INFO - [2026-09-25T13:27:35.366+0000] {dagbag.py:588} INFO - Filling up the DagBag from /opt/airflow/dags/comptage_dag.py
[2026-09-25T13:27:35.373+0000] {processor.py:925} INFO - DAG(s) 'comptage_dag' retrieved from /opt/airflow/dags/comptage_dag.py
[2026-09-25T13:27:35.388+0000] {logging_mixin.py:190} INFO - [2026-09-25T13:27:35.387+0000] {dag.py:3239} INFO - Sync 1 DAGs
[2026-09-25T13:27:35.403+0000] {logging_mixin.py:190} INFO - [2026-09-25T13:27:35.402+0000] {dag.py:4180} INFO - Setting next_dagrun for comptage_dag to 2026-09-25 00:00:00+00:00, run_after=2026-09-26 00:00:00+00:00
[2026-09-25T13:27:35.413+0000] {processor.py:208} INFO - Processing /opt/airflow/dags/comptage_dag.py took 0.054 seconds
[2026-09-25T13:28:05.599+0000] {processor.py:186} INFO - Started process (PID=1357) to work on /opt/airflow/dags/comptage_dag.py
[2026-09-25T13:28:05.605+0000] {processor.py:914} INFO - Processing file /opt/airflow/dags/comptage_dag.py for tasks to queue
[2026-09-25T13:28:05.609+0000] {logging_mixin.py:190} INFO - [2026-09-25T13:28:05.609+0000] {dagbag.py:588} INFO - Filling up the DagBag from /opt/airflow/dags/comptage_dag.py
[2026-09-25T13:28:05.619+0000] {processor.py:925} INFO - DAG(s) 'comptage_dag' retrieved from /opt/airflow/dags/comptage_dag.py
[2026-09-25T13:28:05.633+0000] {logging_mixin.py:190} INFO - [2026-09-25T13:28:05.633+0000] {dag.py:3239} INFO - Sync 1 DAGs
[2026-09-25T13:28:05.648+0000] {logging_mixin.py:190} INFO - [2026-09-25T13:28:05.648+0000] {dag.py:4180} INFO - Setting next_dagrun for comptage_dag to 2026-09-25 00:00:00+00:00, run_after=2026-09-26 00:00:00+00:00
[2026-09-25T13:28:05.658+0000] {processor.py:208} INFO - Processing /opt/airflow/dags/comptage_dag.py took 0.064 seconds
[2026-09-25T13:28:35.792+0000] {processor.py:186} INFO - Started process (PID=1382) to work on /opt/airflow/dags/comptage_dag.py
[2026-09-25T13:28:35.793+0000] {processor.py:914} INFO - Processing file /opt/airflow/dags/comptage_dag.py for tasks to queue
[2026-09-25T13:28:35.795+0000] {logging_mixin.py:190} INFO - [2026-09-25T13:28:35.795+0000] {dagbag.py:588} INFO - Filling up the DagBag from /opt/airflow/dags/comptage_dag.py
[2026-09-25T13:28:35.801+0000] {processor.py:925} INFO - DAG(s) 'comptage_dag' retrieved from /opt/airflow/dags/comptage_dag.py
[2026-09-25T13:28:35.818+0000] {logging_mixin.py:190} INFO - [2026-09-25T13:28:35.818+0000] {dag.py:3239} INFO - Sync 1 DAGs
[2026-09-25T13:28:35.834+0000] {logging_mixin.py:190} INFO - [2026-09-25T13:28:35.834+0000] {dag.py:4180} INFO - Setting next_dagrun for comptage_dag to 2026-09-25 00:00:00+00:00, run_after=2026-09-26 00:00:00+00:00
[2026-09-25T13:28:35.845+0000] {processor.py:208} INFO - Processing /opt/airflow/dags/comptage_dag.py took 0.058 seconds
[2026-09-25T13:29:06.042+0000] {processor.py:186} INFO - Started process (PID=1399) to work on /opt/airflow/dags/comptage_dag.py
[2026-09-25T13:29:06.048+0000] {processor.py:914} INFO - Processing file /opt/airflow/dags/comptage_dag.py for tasks to queue
[2026-09-25T13:29:06.053+0000] {logging_mixin.py:190} INFO - [2026-09-25T13:29:06.053+0000] {dagbag.py:588} INFO - Filling up the DagBag from /opt/airflow/dags/comptage_dag.py
[2026-09-25T13:29:06.063+0000] {processor.py:925} INFO - DAG(s) 'comptage_dag' retrieved from /opt/airflow/dags/comptage_dag.py
[2026-09-25T13:29:06.077+0000] {logging_mixin.py:190} INFO - [2026-09-25T13:29:06.077+0000] {dag.py:3239} INFO - Sync 1 DAGs
[2026-09-25T13:29:06.092+0000] {logging_mixin.py:190} INFO - [2026-09-25T13:29:06.092+0000] {dag.py:4180} INFO - Setting next_dagrun for comptage_dag to 2026-09-25 00:00:00+00:00, run_after=2026-09-26 00:00:00+00:00
[2026-09-25T13:29:06.103+0000] {processor.py:208} INFO - Processing /opt/airflow/dags/comptage_dag.py took 0.065 seconds
[2026-09-25T13:29:36.249+0000] {processor.py:186} INFO - Started process (PID=1423) to work on /opt/airflow/dags/comptage_dag.py
[2026-09-25T13:29:36.250+0000] {processor.py:914} INFO - Processing file /opt/airflow/dags/comptage_dag.py for tasks to queue
[2026-09-25T13:29:36.251+0000] {logging_mixin.py:190} INFO - [2026-09-25T13:29:36.251+0000] {dagbag.py:588} INFO - Filling up the DagBag from /opt/airflow/dags/comptage_dag.py
[2026-09-25T13:29:36.258+0000] {processor.py:925} INFO - DAG(s) 'comptage_dag' retrieved from /opt/airflow/dags/comptage_dag.py
[2026-09-25T13:29:36.273+0000] {logging_mixin.py:190} INFO - [2026-09-25T13:29:36.273+0000] {dag.py:3239} INFO - Sync 1 DAGs
[2026-09-25T13:29:36.289+0000] {logging_mixin.py:190} INFO - [2026-09-25T13:29:36.289+0000] {dag.py:4180} INFO - Setting next_dagrun for comptage_dag to 2026-09-25 00:00:00+00:00, run_after=2026-09-26 00:00:00+00:00
[2026-09-25T13:29:36.300+0000] {processor.py:208} INFO - Processing /opt/airflow/dags/comptage_dag.py took 0.057 seconds
[2026-09-25T13:30:06.470+0000] {processor.py:186} INFO - Started process (PID=1447) to work on /opt/airflow/dags/comptage_dag.py
[2026-09-25T13:30:06.475+0000] {processor.py:914} INFO - Processing file /opt/airflow/dags/comptage_dag.py for tasks to queue
[2026-09-25T13:30:06.477+0000] {logging_mixin.py:190} INFO - [2026-09-25T13:30:06.477+0000] {dagbag.py:588} INFO - Filling up the DagBag from /opt/airflow/dags/comptage_dag.py
[2026-09-25T13:30:06.484+0000] {processor.py:925} INFO - DAG(s) 'comptage_dag' retrieved from /opt/airflow/dags/comptage_dag.py
[2026-09-25T13:30:06.499+0000] {logging_mixin.py:190} INFO - [2026-09-25T13:30:06.499+0000] {dag.py:3239} INFO - Sync 1 DAGs
[2026-09-25T13:30:06.516+0000] {logging_mixin.py:190} INFO - [2026-09-25T13:30:06.516+0000] {dag.py:4180} INFO - Setting next_dagrun for comptage_dag to 2026-09-25 00:00:00+00:00, run_after=2026-09-26 00:00:00+00:00
[2026-09-25T13:30:06.529+0000] {processor.py:208} INFO - Processing /opt/airflow/dags/comptage_dag.py took 0.063 seconds
[2026-09-25T13:30:36.643+0000] {processor.py:186} INFO - Started process (PID=1465) to work on /opt/airflow/dags/comptage_dag.py
[2026-09-25T13:30:36.644+0000] {processor.py:914} INFO - Processing file /opt/airflow/dags/comptage_dag.py for tasks to queue
[2026-09-25T13:30:36.645+0000] {logging_mixin.py:190} INFO - [2026-09-25T13:30:36.645+0000] {dagbag.py:588} INFO - Filling up the DagBag from /opt/airflow/dags/comptage_dag.py
[2026-09-25T13:30:36.652+0000] {processor.py:925} INFO - DAG(s) 'comptage_dag' retrieved from /opt/airflow/dags/comptage_dag.py
[2026-09-25T13:30:36.667+0000] {logging_mixin.py:190} INFO - [2026-09-25T13:30:36.667+0000] {dag.py:3239} INFO - Sync 1 DAGs
[2026-09-25T13:30:36.683+0000] {logging_mixin.py:190} INFO - [2026-09-25T13:30:36.683+0000] {dag.py:4180} INFO - Setting next_dagrun for comptage_dag to 2026-09-25 00:00:00+00:00, run_after=2026-09-26 00:00:00+00:00
[2026-09-25T13:30:36.694+0000] {processor.py:208} INFO - Processing /opt/airflow/dags/comptage_dag.py took 0.055 seconds
[2026-09-25T13:31:06.866+0000] {processor.py:186} INFO - Started process (PID=1489) to work on /opt/airflow/dags/comptage_dag.py
[2026-09-25T13:31:06.867+0000] {processor.py:914} INFO - Processing file /opt/airflow/dags/comptage_dag.py for tasks to queue
[2026-09-25T13:31:06.871+0000] {logging_mixin.py:190} INFO - [2026-09-25T13:31:06.870+0000] {dagbag.py:588} INFO - Filling up the DagBag from /opt/airflow/dags/comptage_dag.py
[2026-09-25T13:31:06.890+0000] {processor.py:925} INFO - DAG(s) 'comptage_dag' retrieved from /opt/airflow/dags/comptage_dag.py
[2026-09-25T13:31:06.928+0000] {logging_mixin.py:190} INFO - [2026-09-25T13:31:06.928+0000] {dag.py:3239} INFO - Sync 1 DAGs
[2026-09-25T13:31:06.975+0000] {logging_mixin.py:190} INFO - [2026-09-25T13:31:06.975+0000] {dag.py:4180} INFO - Setting next_dagrun for comptage_dag to 2026-09-25 00:00:00+00:00, run_after=2026-09-26 00:00:00+00:00
[2026-09-25T13:31:07.009+0000] {processor.py:208} INFO - Processing /opt/airflow/dags/comptage_dag.py took 0.155 seconds
[2026-09-25T13:31:37.170+0000] {processor.py:186} INFO - Started process (PID=1507) to work on /opt/airflow/dags/comptage_dag.py
[2026-09-25T13:31:37.171+0000] {processor.py:914} INFO - Processing file /opt/airflow/dags/comptage_dag.py for tasks to queue
[2026-09-25T13:31:37.173+0000] {logging_mixin.py:190} INFO - [2026-09-25T13:31:37.172+0000] {dagbag.py:588} INFO - Filling up the DagBag from /opt/airflow/dags/comptage_dag.py
[2026-09-25T13:31:37.181+0000] {processor.py:925} INFO - DAG(s) 'comptage_dag' retrieved from /opt/airflow/dags/comptage_dag.py
[2026-09-25T13:31:37.201+0000] {logging_mixin.py:190} INFO - [2026-09-25T13:31:37.201+0000] {dag.py:3239} INFO - Sync 1 DAGs
[2026-09-25T13:31:37.224+0000] {logging_mixin.py:190} INFO - [2026-09-25T13:31:37.224+0000] {dag.py:4180} INFO - Setting next_dagrun for comptage_dag to 2026-09-25 00:00:00+00:00, run_after=2026-09-26 00:00:00+00:00
[2026-09-25T13:31:37.242+0000] {processor.py:208} INFO - Processing /opt/airflow/dags/comptage_dag.py took 0.076 seconds
[2026-09-25T13:32:07.345+0000] {processor.py:186} INFO - Started process (PID=1524) to work on /opt/airflow/dags/comptage_dag.py
[2026-09-25T13:32:07.351+0000] {processor.py:914} INFO - Processing file /opt/airflow/dags/comptage_dag.py for tasks to queue
[2026-09-25T13:32:07.354+0000] {logging_mixin.py:190} INFO - [2026-09-25T13:32:07.354+0000] {dagbag.py:588} INFO - Filling up the DagBag from /opt/airflow/dags/comptage_dag.py
[2026-09-25T13:32:07.364+0000] {processor.py:925} INFO - DAG(s) 'comptage_dag' retrieved from /opt/airflow/dags/comptage_dag.py
[2026-09-25T13:32:07.378+0000] {logging_mixin.py:190} INFO - [2026-09-25T13:32:07.378+0000] {dag.py:3239} INFO - Sync 1 DAGs
[2026-09-25T13:32:07.394+0000] {logging_mixin.py:190} INFO - [2026-09-25T13:32:07.393+0000] {dag.py:4180} INFO - Setting next_dagrun for comptage_dag to 2026-09-25 00:00:00+00:00, run_after=2026-09-26 00:00:00+00:00
[2026-09-25T13:32:07.405+0000] {processor.py:208} INFO - Processing /opt/airflow/dags/comptage_dag.py took 0.065 seconds
[2026-09-25T13:32:37.555+0000] {processor.py:186} INFO - Started process (PID=1549) to work on /opt/airflow/dags/comptage_dag.py
[2026-09-25T13:32:37.556+0000] {processor.py:914} INFO - Processing file /opt/airflow/dags/comptage_dag.py for tasks to queue
[2026-09-25T13:32:37.562+0000] {logging_mixin.py:190} INFO - [2026-09-25T13:32:37.560+0000] {dagbag.py:588} INFO - Filling up the DagBag from /opt/airflow/dags/comptage_dag.py
[2026-09-25T13:32:37.581+0000] {processor.py:925} INFO - DAG(s) 'comptage_dag' retrieved from /opt/airflow/dags/comptage_dag.py
[2026-09-25T13:32:37.612+0000] {logging_mixin.py:190} INFO - [2026-09-25T13:32:37.611+0000] {dag.py:3239} INFO - Sync 1 DAGs
[2026-09-25T13:32:37.650+0000] {logging_mixin.py:190} INFO - [2026-09-25T13:32:37.650+0000] {dag.py:4180} INFO - Setting next_dagrun for comptage_dag to 2026-09-25 00:00:00+00:00, run_after=2026-09-26 00:00:00+00:00
[2026-09-25T13:32:37.666+0000] {processor.py:208} INFO - Processing /opt/airflow/dags/comptage_dag.py took 0.121 seconds
[2026-09-25T13:33:07.721+0000] {processor.py:186} INFO - Started process (PID=1566) to work on /opt/airflow/dags/comptage_dag.py
[2026-09-25T13:33:07.722+0000] {processor.py:914} INFO - Processing file /opt/airflow/dags/comptage_dag.py for tasks to queue
[2026-09-25T13:33:07.724+0000] {logging_mixin.py:190} INFO - [2026-09-25T13:33:07.724+0000] {dagbag.py:588} INFO - Filling up the DagBag from /opt/airflow/dags/comptage_dag.py
[2026-09-25T13:33:07.732+0000] {processor.py:925} INFO - DAG(s) 'comptage_dag' retrieved from /opt/airflow/dags/comptage_dag.py
[2026-09-25T13:33:07.747+0000] {logging_mixin.py:190} INFO - [2026-09-25T13:33:07.747+0000] {dag.py:3239} INFO - Sync 1 DAGs
[2026-09-25T13:33:07.762+0000] {logging_mixin.py:190} INFO - [2026-09-25T13:33:07.762+0000] {dag.py:4180} INFO - Setting next_dagrun for comptage_dag to 2026-09-25 00:00:00+00:00, run_after=2026-09-26 00:00:00+00:00
[2026-09-25T13:33:07.773+0000] {processor.py:208} INFO - Processing /opt/airflow/dags/comptage_dag.py took 0.058 seconds
[2026-09-25T13:33:37.937+0000] {processor.py:186} INFO - Started process (PID=1583) to work on /opt/airflow/dags/comptage_dag.py
[2026-09-25T13:33:37.938+0000] {processor.py:914} INFO - Processing file /opt/airflow/dags/comptage_dag.py for tasks to queue
[2026-09-25T13:33:37.939+0000] {logging_mixin.py:190} INFO - [2026-09-25T13:33:37.939+0000] {dagbag.py:588} INFO - Filling up the DagBag from /opt/airflow/dags/comptage_dag.py
[2026-09-25T13:33:37.946+0000] {processor.py:925} INFO - DAG(s) 'comptage_dag' retrieved from /opt/airflow/dags/comptage_dag.py
[2026-09-25T13:33:37.962+0000] {logging_mixin.py:190} INFO - [2026-09-25T13:33:37.962+0000] {dag.py:3239} INFO - Sync 1 DAGs
[2026-09-25T13:33:37.978+0000] {logging_mixin.py:190} INFO - [2026-09-25T13:33:37.978+0000] {dag.py:4180} INFO - Setting next_dagrun for comptage_dag to 2026-09-25 00:00:00+00:00, run_after=2026-09-26 00:00:00+00:00
[2026-09-25T13:33:37.990+0000] {processor.py:208} INFO - Processing /opt/airflow/dags/comptage_dag.py took 0.057 seconds
[2026-09-25T13:34:08.149+0000] {processor.py:186} INFO - Started process (PID=1608) to work on /opt/airflow/dags/comptage_dag.py
[2026-09-25T13:34:08.150+0000] {processor.py:914} INFO - Processing file /opt/airflow/dags/comptage_dag.py for tasks to queue
[2026-09-25T13:34:08.151+0000] {logging_mixin.py:190} INFO - [2026-09-25T13:34:08.151+0000] {dagbag.py:588} INFO - Filling up the DagBag from /opt/airflow/dags/comptage_dag.py
[2026-09-25T13:34:08.160+0000] {processor.py:925} INFO - DAG(s) 'comptage_dag' retrieved from /opt/airflow/dags/comptage_dag.py
[2026-09-25T13:34:08.175+0000] {logging_mixin.py:190} INFO - [2026-09-25T13:34:08.175+0000] {dag.py:3239} INFO - Sync 1 DAGs
[2026-09-25T13:34:08.191+0000] {logging_mixin.py:190} INFO - [2026-09-25T13:34:08.191+0000] {dag.py:4180} INFO - Setting next_dagrun for comptage_dag to 2026-09-25 00:00:00+00:00, run_after=2026-09-26 00:00:00+00:00
[2026-09-25T13:34:08.202+0000] {processor.py:208} INFO - Processing /opt/airflow/dags/comptage_dag.py took 0.058 seconds
[2026-09-25T13:34:38.301+0000] {processor.py:186} INFO - Started process (PID=1625) to work on /opt/airflow/dags/comptage_dag.py
[2026-09-25T13:34:38.302+0000] {processor.py:914} INFO - Processing file /opt/airflow/dags/comptage_dag.py for tasks to queue
[2026-09-25T13:34:38.304+0000] {logging_mixin.py:190} INFO - [2026-09-25T13:34:38.304+0000] {dagbag.py:588} INFO - Filling up the DagBag from /opt/airflow/dags/comptage_dag.py
[2026-09-25T13:34:38.314+0000] {processor.py:925} INFO - DAG(s) 'comptage_dag' retrieved from /opt/airflow/dags/comptage_dag.py
[2026-09-25T13:34:38.333+0000] {logging_mixin.py:190} INFO - [2026-09-25T13:34:38.333+0000] {dag.py:3239} INFO - Sync 1 DAGs
[2026-09-25T13:34:38.354+0000] {logging_mixin.py:190} INFO - [2026-09-25T13:34:38.354+0000] {dag.py:4180} INFO - Setting next_dagrun for comptage_dag to 2026-09-25 00:00:00+00:00, run_after=2026-09-26 00:00:00+00:00
[2026-09-25T13:34:38.366+0000] {processor.py:208} INFO - Processing /opt/airflow/dags/comptage_dag.py took 0.071 seconds
[2026-09-25T13:35:08.524+0000] {processor.py:186} INFO - Started process (PID=1642) to work on /opt/airflow/dags/comptage_dag.py
[2026-09-25T13:35:08.525+0000] {processor.py:914} INFO - Processing file /opt/airflow/dags/comptage_dag.py for tasks to queue
[2026-09-25T13:35:08.528+0000] {logging_mixin.py:190} INFO - [2026-09-25T13:35:08.527+0000] {dagbag.py:588} INFO - Filling up the DagBag from /opt/airflow/dags/comptage_dag.py
[2026-09-25T13:35:08.538+0000] {processor.py:925} INFO - DAG(s) 'comptage_dag' retrieved from /opt/airflow/dags/comptage_dag.py
[2026-09-25T13:35:08.562+0000] {logging_mixin.py:190} INFO - [2026-09-25T13:35:08.562+0000] {dag.py:3239} INFO - Sync 1 DAGs
[2026-09-25T13:35:08.592+0000] {logging_mixin.py:190} INFO - [2026-09-25T13:35:08.592+0000] {dag.py:4180} INFO - Setting next_dagrun for comptage_dag to 2026-09-25 00:00:00+00:00, run_after=2026-09-26 00:00:00+00:00
[2026-09-25T13:35:08.608+0000] {processor.py:208} INFO - Processing /opt/airflow/dags/comptage_dag.py took 0.092 seconds
[2026-09-25T13:35:38.670+0000] {processor.py:186} INFO - Started process (PID=1667) to work on /opt/airflow/dags/comptage_dag.py
[2026-09-25T13:35:38.670+0000] {processor.py:914} INFO - Processing file /opt/airflow/dags/comptage_dag.py for tasks to queue
[2026-09-25T13:35:38.674+0000] {logging_mixin.py:190} INFO - [2026-09-25T13:35:38.673+0000] {dagbag.py:588} INFO - Filling up the DagBag from /opt/airflow/dags/comptage_dag.py
[2026-09-25T13:35:38.683+0000] {processor.py:925} INFO - DAG(s) 'comptage_dag' retrieved from /opt/airflow/dags/comptage_dag.py
[2026-09-25T13:35:38.705+0000] {logging_mixin.py:190} INFO - [2026-09-25T13:35:38.705+0000] {dag.py:3239} INFO - Sync 1 DAGs
[2026-09-25T13:35:38.724+0000] {logging_mixin.py:190} INFO - [2026-09-25T13:35:38.724+0000] {dag.py:4180} INFO - Setting next_dagrun for comptage_dag to 2026-09-25 00:00:00+00:00, run_after=2026-09-26 00:00:00+00:00
[2026-09-25T13:35:38.736+0000] {processor.py:208} INFO - Processing /opt/airflow/dags/comptage_dag.py took 0.072 seconds
[2026-09-25T13:36:08.820+0000] {processor.py:186} INFO - Started process (PID=1684) to work on /opt/airflow/dags/comptage_dag.py
[2026-09-25T13:36:08.826+0000] {processor.py:914} INFO - Processing file /opt/airflow/dags/comptage_dag.py for tasks to queue
[2026-09-25T13:36:08.829+0000] {logging_mixin.py:190} INFO - [2026-09-25T13:36:08.828+0000] {dagbag.py:588} INFO - Filling up the DagBag from /opt/airflow/dags/comptage_dag.py
[2026-09-25T13:36:08.837+0000] {processor.py:925} INFO - DAG(s) 'comptage_dag' retrieved from /opt/airflow/dags/comptage_dag.py
[2026-09-25T13:36:08.856+0000] {logging_mixin.py:190} INFO - [2026-09-25T13:36:08.856+0000] {dag.py:3239} INFO - Sync 1 DAGs
[2026-09-25T13:36:08.876+0000] {logging_mixin.py:190} INFO - [2026-09-25T13:36:08.876+0000] {dag.py:4180} INFO - Setting next_dagrun for comptage_dag to 2026-09-25 00:00:00+00:00, run_after=2026-09-26 00:00:00+00:00
[2026-09-25T13:36:08.891+0000] {processor.py:208} INFO - Processing /opt/airflow/dags/comptage_dag.py took 0.077 seconds
[2026-09-25T13:36:39.021+0000] {processor.py:186} INFO - Started process (PID=1702) to work on /opt/airflow/dags/comptage_dag.py
[2026-09-25T13:36:39.022+0000] {processor.py:914} INFO - Processing file /opt/airflow/dags/comptage_dag.py for tasks to queue
[2026-09-25T13:36:39.025+0000] {logging_mixin.py:190} INFO - [2026-09-25T13:36:39.025+0000] {dagbag.py:588} INFO - Filling up the DagBag from /opt/airflow/dags/comptage_dag.py
[2026-09-25T13:36:39.034+0000] {processor.py:925} INFO - DAG(s) 'comptage_dag' retrieved from /opt/airflow/dags/comptage_dag.py
[2026-09-25T13:36:39.050+0000] {logging_mixin.py:190} INFO - [2026-09-25T13:36:39.050+0000] {dag.py:3239} INFO - Sync 1 DAGs
[2026-09-25T13:36:39.071+0000] {logging_mixin.py:190} INFO - [2026-09-25T13:36:39.071+0000] {dag.py:4180} INFO - Setting next_dagrun for comptage_dag to 2026-09-25 00:00:00+00:00, run_after=2026-09-26 00:00:00+00:00
[2026-09-25T13:36:39.085+0000] {processor.py:208} INFO - Processing /opt/airflow/dags/comptage_dag.py took 0.069 seconds
[2026-09-25T13:37:09.170+0000] {processor.py:186} INFO - Started process (PID=1727) to work on /opt/airflow/dags/comptage_dag.py
[2026-09-25T13:37:09.176+0000] {processor.py:914} INFO - Processing file /opt/airflow/dags/comptage_dag.py for tasks to queue
[2026-09-25T13:37:09.178+0000] {logging_mixin.py:190} INFO - [2026-09-25T13:37:09.177+0000] {dagbag.py:588} INFO - Filling up the DagBag from /opt/airflow/dags/comptage_dag.py
[2026-09-25T13:37:09.187+0000] {processor.py:925} INFO - DAG(s) 'comptage_dag' retrieved from /opt/airflow/dags/comptage_dag.py
[2026-09-25T13:37:09.204+0000] {logging_mixin.py:190} INFO - [2026-09-25T13:37:09.204+0000] {dag.py:3239} INFO - Sync 1 DAGs
[2026-09-25T13:37:09.226+0000] {logging_mixin.py:190} INFO - [2026-09-25T13:37:09.226+0000] {dag.py:4180} INFO - Setting next_dagrun for comptage_dag to 2026-09-25 00:00:00+00:00, run_after=2026-09-26 00:00:00+00:00
[2026-09-25T13:37:09.239+0000] {processor.py:208} INFO - Processing /opt/airflow/dags/comptage_dag.py took 0.076 seconds
[2026-09-25T13:37:39.367+0000] {processor.py:186} INFO - Started process (PID=1744) to work on /opt/airflow/dags/comptage_dag.py
[2026-09-25T13:37:39.368+0000] {processor.py:914} INFO - Processing file /opt/airflow/dags/comptage_dag.py for tasks to queue
[2026-09-25T13:37:39.370+0000] {logging_mixin.py:190} INFO - [2026-09-25T13:37:39.370+0000] {dagbag.py:588} INFO - Filling up the DagBag from /opt/airflow/dags/comptage_dag.py
[2026-09-25T13:37:39.380+0000] {processor.py:925} INFO - DAG(s) 'comptage_dag' retrieved from /opt/airflow/dags/comptage_dag.py
[2026-09-25T13:37:39.399+0000] {logging_mixin.py:190} INFO - [2026-09-25T13:37:39.399+0000] {dag.py:3239} INFO - Sync 1 DAGs
[2026-09-25T13:37:39.419+0000] {logging_mixin.py:190} INFO - [2026-09-25T13:37:39.419+0000] {dag.py:4180} INFO - Setting next_dagrun for comptage_dag to 2026-09-25 00:00:00+00:00, run_after=2026-09-26 00:00:00+00:00
[2026-09-25T13:37:39.435+0000] {processor.py:208} INFO - Processing /opt/airflow/dags/comptage_dag.py took 0.074 seconds
[2026-09-25T13:38:09.527+0000] {processor.py:186} INFO - Started process (PID=1768) to work on /opt/airflow/dags/comptage_dag.py
[2026-09-25T13:38:09.533+0000] {processor.py:914} INFO - Processing file /opt/airflow/dags/comptage_dag.py for tasks to queue
[2026-09-25T13:38:09.536+0000] {logging_mixin.py:190} INFO - [2026-09-25T13:38:09.535+0000] {dagbag.py:588} INFO - Filling up the DagBag from /opt/airflow/dags/comptage_dag.py
[2026-09-25T13:38:09.546+0000] {processor.py:925} INFO - DAG(s) 'comptage_dag' retrieved from /opt/airflow/dags/comptage_dag.py
[2026-09-25T13:38:09.579+0000] {logging_mixin.py:190} INFO - [2026-09-25T13:38:09.579+0000] {dag.py:3239} INFO - Sync 1 DAGs
[2026-09-25T13:38:09.614+0000] {logging_mixin.py:190} INFO - [2026-09-25T13:38:09.613+0000] {dag.py:4180} INFO - Setting next_dagrun for comptage_dag to 2026-09-25 00:00:00+00:00, run_after=2026-09-26 00:00:00+00:00
[2026-09-25T13:38:09.638+0000] {processor.py:208} INFO - Processing /opt/airflow/dags/comptage_dag.py took 0.118 seconds
[2026-09-25T13:38:39.740+0000] {processor.py:186} INFO - Started process (PID=1786) to work on /opt/airflow/dags/comptage_dag.py
[2026-09-25T13:38:39.741+0000] {processor.py:914} INFO - Processing file /opt/airflow/dags/comptage_dag.py for tasks to queue
[2026-09-25T13:38:39.744+0000] {logging_mixin.py:190} INFO - [2026-09-25T13:38:39.743+0000] {dagbag.py:588} INFO - Filling up the DagBag from /opt/airflow/dags/comptage_dag.py
[2026-09-25T13:38:39.751+0000] {processor.py:925} INFO - DAG(s) 'comptage_dag' retrieved from /opt/airflow/dags/comptage_dag.py
[2026-09-25T13:38:39.768+0000] {logging_mixin.py:190} INFO - [2026-09-25T13:38:39.768+0000] {dag.py:3239} INFO - Sync 1 DAGs
[2026-09-25T13:38:39.791+0000] {logging_mixin.py:190} INFO - [2026-09-25T13:38:39.791+0000] {dag.py:4180} INFO - Setting next_dagrun for comptage_dag to 2026-09-25 00:00:00+00:00, run_after=2026-09-26 00:00:00+00:00
[2026-09-25T13:38:39.806+0000] {processor.py:208} INFO - Processing /opt/airflow/dags/comptage_dag.py took 0.077 seconds
[2026-09-25T13:39:09.933+0000] {processor.py:186} INFO - Started process (PID=1803) to work on /opt/airflow/dags/comptage_dag.py
[2026-09-25T13:39:09.939+0000] {processor.py:914} INFO - Processing file /opt/airflow/dags/comptage_dag.py for tasks to queue
[2026-09-25T13:39:09.944+0000] {logging_mixin.py:190} INFO - [2026-09-25T13:39:09.943+0000] {dagbag.py:588} INFO - Filling up the DagBag from /opt/airflow/dags/comptage_dag.py
[2026-09-25T13:39:09.954+0000] {processor.py:925} INFO - DAG(s) 'comptage_dag' retrieved from /opt/airflow/dags/comptage_dag.py
[2026-09-25T13:39:09.974+0000] {logging_mixin.py:190} INFO - [2026-09-25T13:39:09.974+0000] {dag.py:3239} INFO - Sync 1 DAGs
[2026-09-25T13:39:09.995+0000] {logging_mixin.py:190} INFO - [2026-09-25T13:39:09.995+0000] {dag.py:4180} INFO - Setting next_dagrun for comptage_dag to 2026-09-25 00:00:00+00:00, run_after=2026-09-26 00:00:00+00:00
[2026-09-25T13:39:10.007+0000] {processor.py:208} INFO - Processing /opt/airflow/dags/comptage_dag.py took 0.079 seconds
[2026-09-25T13:39:40.159+0000] {processor.py:186} INFO - Started process (PID=1820) to work on /opt/airflow/dags/comptage_dag.py
[2026-09-25T13:39:40.159+0000] {processor.py:914} INFO - Processing file /opt/airflow/dags/comptage_dag.py for tasks to queue
[2026-09-25T13:39:40.161+0000] {logging_mixin.py:190} INFO - [2026-09-25T13:39:40.161+0000] {dagbag.py:588} INFO - Filling up the DagBag from /opt/airflow/dags/comptage_dag.py
[2026-09-25T13:39:40.168+0000] {processor.py:925} INFO - DAG(s) 'comptage_dag' retrieved from /opt/airflow/dags/comptage_dag.py
[2026-09-25T13:39:40.181+0000] {logging_mixin.py:190} INFO - [2026-09-25T13:39:40.181+0000] {dag.py:3239} INFO - Sync 1 DAGs
[2026-09-25T13:39:40.196+0000] {logging_mixin.py:190} INFO - [2026-09-25T13:39:40.196+0000] {dag.py:4180} INFO - Setting next_dagrun for comptage_dag to 2026-09-25 00:00:00+00:00, run_after=2026-09-26 00:00:00+00:00
[2026-09-25T13:39:40.206+0000] {processor.py:208} INFO - Processing /opt/airflow/dags/comptage_dag.py took 0.051 seconds
[2026-09-25T13:40:10.403+0000] {processor.py:186} INFO - Started process (PID=1845) to work on /opt/airflow/dags/comptage_dag.py
[2026-09-25T13:40:10.409+0000] {processor.py:914} INFO - Processing file /opt/airflow/dags/comptage_dag.py for tasks to queue
[2026-09-25T13:40:10.411+0000] {logging_mixin.py:190} INFO - [2026-09-25T13:40:10.411+0000] {dagbag.py:588} INFO - Filling up the DagBag from /opt/airflow/dags/comptage_dag.py
[2026-09-25T13:40:10.420+0000] {processor.py:925} INFO - DAG(s) 'comptage_dag' retrieved from /opt/airflow/dags/comptage_dag.py
[2026-09-25T13:40:10.437+0000] {logging_mixin.py:190} INFO - [2026-09-25T13:40:10.437+0000] {dag.py:3239} INFO - Sync 1 DAGs
[2026-09-25T13:40:10.453+0000] {logging_mixin.py:190} INFO - [2026-09-25T13:40:10.453+0000] {dag.py:4180} INFO - Setting next_dagrun for comptage_dag to 2026-09-25 00:00:00+00:00, run_after=2026-09-26 00:00:00+00:00
[2026-09-25T13:40:10.464+0000] {processor.py:208} INFO - Processing /opt/airflow/dags/comptage_dag.py took 0.065 seconds
[2026-09-25T13:40:40.584+0000] {processor.py:186} INFO - Started process (PID=1862) to work on /opt/airflow/dags/comptage_dag.py
[2026-09-25T13:40:40.585+0000] {processor.py:914} INFO - Processing file /opt/airflow/dags/comptage_dag.py for tasks to queue
[2026-09-25T13:40:40.588+0000] {logging_mixin.py:190} INFO - [2026-09-25T13:40:40.588+0000] {dagbag.py:588} INFO - Filling up the DagBag from /opt/airflow/dags/comptage_dag.py
[2026-09-25T13:40:40.599+0000] {processor.py:925} INFO - DAG(s) 'comptage_dag' retrieved from /opt/airflow/dags/comptage_dag.py
[2026-09-25T13:40:40.618+0000] {logging_mixin.py:190} INFO - [2026-09-25T13:40:40.618+0000] {dag.py:3239} INFO - Sync 1 DAGs
[2026-09-25T13:40:40.637+0000] {logging_mixin.py:190} INFO - [2026-09-25T13:40:40.637+0000] {dag.py:4180} INFO - Setting next_dagrun for comptage_dag to 2026-09-25 00:00:00+00:00, run_after=2026-09-26 00:00:00+00:00
[2026-09-25T13:40:40.651+0000] {processor.py:208} INFO - Processing /opt/airflow/dags/comptage_dag.py took 0.073 seconds
[2026-09-25T13:41:10.774+0000] {processor.py:186} INFO - Started process (PID=1886) to work on /opt/airflow/dags/comptage_dag.py
[2026-09-25T13:41:10.776+0000] {processor.py:914} INFO - Processing file /opt/airflow/dags/comptage_dag.py for tasks to queue
[2026-09-25T13:41:10.781+0000] {logging_mixin.py:190} INFO - [2026-09-25T13:41:10.780+0000] {dagbag.py:588} INFO - Filling up the DagBag from /opt/airflow/dags/comptage_dag.py
[2026-09-25T13:41:10.790+0000] {processor.py:925} INFO - DAG(s) 'comptage_dag' retrieved from /opt/airflow/dags/comptage_dag.py
[2026-09-25T13:41:10.811+0000] {logging_mixin.py:190} INFO - [2026-09-25T13:41:10.811+0000] {dag.py:3239} INFO - Sync 1 DAGs
[2026-09-25T13:41:10.837+0000] {logging_mixin.py:190} INFO - [2026-09-25T13:41:10.836+0000] {dag.py:4180} INFO - Setting next_dagrun for comptage_dag to 2026-09-25 00:00:00+00:00, run_after=2026-09-26 00:00:00+00:00
[2026-09-25T13:41:10.852+0000] {processor.py:208} INFO - Processing /opt/airflow/dags/comptage_dag.py took 0.086 seconds
[2026-09-25T13:41:40.941+0000] {processor.py:186} INFO - Started process (PID=1904) to work on /opt/airflow/dags/comptage_dag.py
[2026-09-25T13:41:40.941+0000] {processor.py:914} INFO - Processing file /opt/airflow/dags/comptage_dag.py for tasks to queue
[2026-09-25T13:41:40.943+0000] {logging_mixin.py:190} INFO - [2026-09-25T13:41:40.943+0000] {dagbag.py:588} INFO - Filling up the DagBag from /opt/airflow/dags/comptage_dag.py
[2026-09-25T13:41:40.950+0000] {processor.py:925} INFO - DAG(s) 'comptage_dag' retrieved from /opt/airflow/dags/comptage_dag.py
[2026-09-25T13:41:40.968+0000] {logging_mixin.py:190} INFO - [2026-09-25T13:41:40.968+0000] {dag.py:3239} INFO - Sync 1 DAGs
[2026-09-25T13:41:40.986+0000] {logging_mixin.py:190} INFO - [2026-09-25T13:41:40.986+0000] {dag.py:4180} INFO - Setting next_dagrun for comptage_dag to 2026-09-25 00:00:00+00:00, run_after=2026-09-26 00:00:00+00:00
[2026-09-25T13:41:40.998+0000] {processor.py:208} INFO - Processing /opt/airflow/dags/comptage_dag.py took 0.062 seconds
[2026-09-25T13:42:11.154+0000] {processor.py:186} INFO - Started process (PID=1921) to work on /opt/airflow/dags/comptage_dag.py
[2026-09-25T13:42:11.160+0000] {processor.py:914} INFO - Processing file /opt/airflow/dags/comptage_dag.py for tasks to queue
[2026-09-25T13:42:11.162+0000] {logging_mixin.py:190} INFO - [2026-09-25T13:42:11.162+0000] {dagbag.py:588} INFO - Filling up the DagBag from /opt/airflow/dags/comptage_dag.py
[2026-09-25T13:42:11.169+0000] {processor.py:925} INFO - DAG(s) 'comptage_dag' retrieved from /opt/airflow/dags/comptage_dag.py
[2026-09-25T13:42:11.182+0000] {logging_mixin.py:190} INFO - [2026-09-25T13:42:11.182+0000] {dag.py:3239} INFO - Sync 1 DAGs
[2026-09-25T13:42:11.198+0000] {logging_mixin.py:190} INFO - [2026-09-25T13:42:11.197+0000] {dag.py:4180} INFO - Setting next_dagrun for comptage_dag to 2026-09-25 00:00:00+00:00, run_after=2026-09-26 00:00:00+00:00
[2026-09-25T13:42:11.209+0000] {processor.py:208} INFO - Processing /opt/airflow/dags/comptage_dag.py took 0.059 seconds
[2026-09-25T13:42:41.316+0000] {processor.py:186} INFO - Started process (PID=1946) to work on /opt/airflow/dags/comptage_dag.py
[2026-09-25T13:42:41.318+0000] {processor.py:914} INFO - Processing file /opt/airflow/dags/comptage_dag.py for tasks to queue
[2026-09-25T13:42:41.323+0000] {logging_mixin.py:190} INFO - [2026-09-25T13:42:41.322+0000] {dagbag.py:588} INFO - Filling up the DagBag from /opt/airflow/dags/comptage_dag.py
[2026-09-25T13:42:41.340+0000] {processor.py:925} INFO - DAG(s) 'comptage_dag' retrieved from /opt/airflow/dags/comptage_dag.py
[2026-09-25T13:42:41.384+0000] {logging_mixin.py:190} INFO - [2026-09-25T13:42:41.383+0000] {dag.py:3239} INFO - Sync 1 DAGs
[2026-09-25T13:42:41.425+0000] {logging_mixin.py:190} INFO - [2026-09-25T13:42:41.424+0000] {dag.py:4180} INFO - Setting next_dagrun for comptage_dag to 2026-09-25 00:00:00+00:00, run_after=2026-09-26 00:00:00+00:00
[2026-09-25T13:42:41.452+0000] {processor.py:208} INFO - Processing /opt/airflow/dags/comptage_dag.py took 0.147 seconds
[2026-09-25T13:43:11.519+0000] {processor.py:186} INFO - Started process (PID=1963) to work on /opt/airflow/dags/comptage_dag.py
[2026-09-25T13:43:11.525+0000] {processor.py:914} INFO - Processing file /opt/airflow/dags/comptage_dag.py for tasks to queue
[2026-09-25T13:43:11.527+0000] {logging_mixin.py:190} INFO - [2026-09-25T13:43:11.527+0000] {dagbag.py:588} INFO - Filling up the DagBag from /opt/airflow/dags/comptage_dag.py
[2026-09-25T13:43:11.536+0000] {processor.py:925} INFO - DAG(s) 'comptage_dag' retrieved from /opt/airflow/dags/comptage_dag.py
[2026-09-25T13:43:11.555+0000] {logging_mixin.py:190} INFO - [2026-09-25T13:43:11.555+0000] {dag.py:3239} INFO - Sync 1 DAGs
[2026-09-25T13:43:11.578+0000] {logging_mixin.py:190} INFO - [2026-09-25T13:43:11.578+0000] {dag.py:4180} INFO - Setting next_dagrun for comptage_dag to 2026-09-25 00:00:00+00:00, run_after=2026-09-26 00:00:00+00:00
[2026-09-25T13:43:11.594+0000] {processor.py:208} INFO - Processing /opt/airflow/dags/comptage_dag.py took 0.081 seconds
[2026-09-25T13:43:41.791+0000] {processor.py:186} INFO - Started process (PID=1980) to work on /opt/airflow/dags/comptage_dag.py
[2026-09-25T13:43:41.791+0000] {processor.py:914} INFO - Processing file /opt/airflow/dags/comptage_dag.py for tasks to queue
[2026-09-25T13:43:41.793+0000] {logging_mixin.py:190} INFO - [2026-09-25T13:43:41.793+0000] {dagbag.py:588} INFO - Filling up the DagBag from /opt/airflow/dags/comptage_dag.py
[2026-09-25T13:43:41.803+0000] {processor.py:925} INFO - DAG(s) 'comptage_dag' retrieved from /opt/airflow/dags/comptage_dag.py
[2026-09-25T13:43:41.816+0000] {logging_mixin.py:190} INFO - [2026-09-25T13:43:41.816+0000] {dag.py:3239} INFO - Sync 1 DAGs
[2026-09-25T13:43:41.832+0000] {logging_mixin.py:190} INFO - [2026-09-25T13:43:41.832+0000] {dag.py:4180} INFO - Setting next_dagrun for comptage_dag to 2026-09-25 00:00:00+00:00, run_after=2026-09-26 00:00:00+00:00
[2026-09-25T13:43:41.842+0000] {processor.py:208} INFO - Processing /opt/airflow/dags/comptage_dag.py took 0.056 seconds
[2026-09-25T13:44:11.994+0000] {processor.py:186} INFO - Started process (PID=2005) to work on /opt/airflow/dags/comptage_dag.py
[2026-09-25T13:44:12.000+0000] {processor.py:914} INFO - Processing file /opt/airflow/dags/comptage_dag.py for tasks to queue
[2026-09-25T13:44:12.002+0000] {logging_mixin.py:190} INFO - [2026-09-25T13:44:12.002+0000] {dagbag.py:588} INFO - Filling up the DagBag from /opt/airflow/dags/comptage_dag.py
[2026-09-25T13:44:12.009+0000] {processor.py:925} INFO - DAG(s) 'comptage_dag' retrieved from /opt/airflow/dags/comptage_dag.py
[2026-09-25T13:44:12.026+0000] {logging_mixin.py:190} INFO - [2026-09-25T13:44:12.026+0000] {dag.py:3239} INFO - Sync 1 DAGs
[2026-09-25T13:44:12.043+0000] {logging_mixin.py:190} INFO - [2026-09-25T13:44:12.042+0000] {dag.py:4180} INFO - Setting next_dagrun for comptage_dag to 2026-09-25 00:00:00+00:00, run_after=2026-09-26 00:00:00+00:00
[2026-09-25T13:44:12.055+0000] {processor.py:208} INFO - Processing /opt/airflow/dags/comptage_dag.py took 0.066 seconds
[2026-09-25T13:44:42.193+0000] {processor.py:186} INFO - Started process (PID=2022) to work on /opt/airflow/dags/comptage_dag.py
[2026-09-25T13:44:42.194+0000] {processor.py:914} INFO - Processing file /opt/airflow/dags/comptage_dag.py for tasks to queue
[2026-09-25T13:44:42.197+0000] {logging_mixin.py:190} INFO - [2026-09-25T13:44:42.197+0000] {dagbag.py:588} INFO - Filling up the DagBag from /opt/airflow/dags/comptage_dag.py
[2026-09-25T13:44:42.205+0000] {processor.py:925} INFO - DAG(s) 'comptage_dag' retrieved from /opt/airflow/dags/comptage_dag.py
[2026-09-25T13:44:42.219+0000] {logging_mixin.py:190} INFO - [2026-09-25T13:44:42.219+0000] {dag.py:3239} INFO - Sync 1 DAGs
[2026-09-25T13:44:42.235+0000] {logging_mixin.py:190} INFO - [2026-09-25T13:44:42.235+0000] {dag.py:4180} INFO - Setting next_dagrun for comptage_dag to 2026-09-25 00:00:00+00:00, run_after=2026-09-26 00:00:00+00:00
[2026-09-25T13:44:42.246+0000] {processor.py:208} INFO - Processing /opt/airflow/dags/comptage_dag.py took 0.064 seconds
[2026-09-25T13:45:12.392+0000] {processor.py:186} INFO - Started process (PID=2046) to work on /opt/airflow/dags/comptage_dag.py
[2026-09-25T13:45:12.393+0000] {processor.py:914} INFO - Processing file /opt/airflow/dags/comptage_dag.py for tasks to queue
[2026-09-25T13:45:12.395+0000] {logging_mixin.py:190} INFO - [2026-09-25T13:45:12.394+0000] {dagbag.py:588} INFO - Filling up the DagBag from /opt/airflow/dags/comptage_dag.py
[2026-09-25T13:45:12.405+0000] {processor.py:925} INFO - DAG(s) 'comptage_dag' retrieved from /opt/airflow/dags/comptage_dag.py
[2026-09-25T13:45:12.422+0000] {logging_mixin.py:190} INFO - [2026-09-25T13:45:12.421+0000] {dag.py:3239} INFO - Sync 1 DAGs
[2026-09-25T13:45:12.440+0000] {logging_mixin.py:190} INFO - [2026-09-25T13:45:12.440+0000] {dag.py:4180} INFO - Setting next_dagrun for comptage_dag to 2026-09-25 00:00:00+00:00, run_after=2026-09-26 00:00:00+00:00
[2026-09-25T13:45:12.455+0000] {processor.py:208} INFO - Processing /opt/airflow/dags/comptage_dag.py took 0.068 seconds
[2026-09-25T13:45:42.577+0000] {processor.py:186} INFO - Started process (PID=2064) to work on /opt/airflow/dags/comptage_dag.py
[2026-09-25T13:45:42.577+0000] {processor.py:914} INFO - Processing file /opt/airflow/dags/comptage_dag.py for tasks to queue
[2026-09-25T13:45:42.580+0000] {logging_mixin.py:190} INFO - [2026-09-25T13:45:42.579+0000] {dagbag.py:588} INFO - Filling up the DagBag from /opt/airflow/dags/comptage_dag.py
[2026-09-25T13:45:42.594+0000] {processor.py:925} INFO - DAG(s) 'comptage_dag' retrieved from /opt/airflow/dags/comptage_dag.py
[2026-09-25T13:45:42.619+0000] {logging_mixin.py:190} INFO - [2026-09-25T13:45:42.618+0000] {dag.py:3239} INFO - Sync 1 DAGs
[2026-09-25T13:45:42.642+0000] {logging_mixin.py:190} INFO - [2026-09-25T13:45:42.642+0000] {dag.py:4180} INFO - Setting next_dagrun for comptage_dag to 2026-09-25 00:00:00+00:00, run_after=2026-09-26 00:00:00+00:00
[2026-09-25T13:45:42.654+0000] {processor.py:208} INFO - Processing /opt/airflow/dags/comptage_dag.py took 0.084 seconds
[2026-09-25T13:46:12.796+0000] {processor.py:186} INFO - Started process (PID=2081) to work on /opt/airflow/dags/comptage_dag.py
[2026-09-25T13:46:12.797+0000] {processor.py:914} INFO - Processing file /opt/airflow/dags/comptage_dag.py for tasks to queue
[2026-09-25T13:46:12.798+0000] {logging_mixin.py:190} INFO - [2026-09-25T13:46:12.798+0000] {dagbag.py:588} INFO - Filling up the DagBag from /opt/airflow/dags/comptage_dag.py
[2026-09-25T13:46:12.806+0000] {processor.py:925} INFO - DAG(s) 'comptage_dag' retrieved from /opt/airflow/dags/comptage_dag.py
[2026-09-25T13:46:12.827+0000] {logging_mixin.py:190} INFO - [2026-09-25T13:46:12.826+0000] {dag.py:3239} INFO - Sync 1 DAGs
[2026-09-25T13:46:12.855+0000] {logging_mixin.py:190} INFO - [2026-09-25T13:46:12.854+0000] {dag.py:4180} INFO - Setting next_dagrun for comptage_dag to 2026-09-25 00:00:00+00:00, run_after=2026-09-26 00:00:00+00:00
[2026-09-25T13:46:12.874+0000] {processor.py:208} INFO - Processing /opt/airflow/dags/comptage_dag.py took 0.083 seconds
[2026-09-25T13:46:42.984+0000] {processor.py:186} INFO - Started process (PID=2106) to work on /opt/airflow/dags/comptage_dag.py
[2026-09-25T13:46:42.991+0000] {processor.py:914} INFO - Processing file /opt/airflow/dags/comptage_dag.py for tasks to queue
[2026-09-25T13:46:42.995+0000] {logging_mixin.py:190} INFO - [2026-09-25T13:46:42.994+0000] {dagbag.py:588} INFO - Filling up the DagBag from /opt/airflow/dags/comptage_dag.py
[2026-09-25T13:46:43.003+0000] {processor.py:925} INFO - DAG(s) 'comptage_dag' retrieved from /opt/airflow/dags/comptage_dag.py
[2026-09-25T13:46:43.018+0000] {logging_mixin.py:190} INFO - [2026-09-25T13:46:43.017+0000] {dag.py:3239} INFO - Sync 1 DAGs
[2026-09-25T13:46:43.034+0000] {logging_mixin.py:190} INFO - [2026-09-25T13:46:43.033+0000] {dag.py:4180} INFO - Setting next_dagrun for comptage_dag to 2026-09-25 00:00:00+00:00, run_after=2026-09-26 00:00:00+00:00
[2026-09-25T13:46:43.043+0000] {processor.py:208} INFO - Processing /opt/airflow/dags/comptage_dag.py took 0.068 seconds
[2026-09-25T13:47:13.221+0000] {processor.py:186} INFO - Started process (PID=2123) to work on /opt/airflow/dags/comptage_dag.py
[2026-09-25T13:47:13.221+0000] {processor.py:914} INFO - Processing file /opt/airflow/dags/comptage_dag.py for tasks to queue
[2026-09-25T13:47:13.223+0000] {logging_mixin.py:190} INFO - [2026-09-25T13:47:13.222+0000] {dagbag.py:588} INFO - Filling up the DagBag from /opt/airflow/dags/comptage_dag.py
[2026-09-25T13:47:13.229+0000] {processor.py:925} INFO - DAG(s) 'comptage_dag' retrieved from /opt/airflow/dags/comptage_dag.py
[2026-09-25T13:47:13.243+0000] {logging_mixin.py:190} INFO - [2026-09-25T13:47:13.243+0000] {dag.py:3239} INFO - Sync 1 DAGs
[2026-09-25T13:47:13.259+0000] {logging_mixin.py:190} INFO - [2026-09-25T13:47:13.259+0000] {dag.py:4180} INFO - Setting next_dagrun for comptage_dag to 2026-09-25 00:00:00+00:00, run_after=2026-09-26 00:00:00+00:00
[2026-09-25T13:47:13.269+0000] {processor.py:208} INFO - Processing /opt/airflow/dags/comptage_dag.py took 0.052 seconds
[2026-09-25T13:47:43.410+0000] {processor.py:186} INFO - Started process (PID=2149) to work on /opt/airflow/dags/comptage_dag.py
[2026-09-25T13:47:43.416+0000] {processor.py:914} INFO - Processing file /opt/airflow/dags/comptage_dag.py for tasks to queue
[2026-09-25T13:47:43.418+0000] {logging_mixin.py:190} INFO - [2026-09-25T13:47:43.418+0000] {dagbag.py:588} INFO - Filling up the DagBag from /opt/airflow/dags/comptage_dag.py
[2026-09-25T13:47:43.425+0000] {processor.py:925} INFO - DAG(s) 'comptage_dag' retrieved from /opt/airflow/dags/comptage_dag.py
[2026-09-25T13:47:43.439+0000] {logging_mixin.py:190} INFO - [2026-09-25T13:47:43.439+0000] {dag.py:3239} INFO - Sync 1 DAGs
[2026-09-25T13:47:43.455+0000] {logging_mixin.py:190} INFO - [2026-09-25T13:47:43.455+0000] {dag.py:4180} INFO - Setting next_dagrun for comptage_dag to 2026-09-25 00:00:00+00:00, run_after=2026-09-26 00:00:00+00:00
[2026-09-25T13:47:43.465+0000] {processor.py:208} INFO - Processing /opt/airflow/dags/comptage_dag.py took 0.059 seconds
[2026-09-25T13:48:13.657+0000] {processor.py:186} INFO - Started process (PID=2166) to work on /opt/airflow/dags/comptage_dag.py
[2026-09-25T13:48:13.658+0000] {processor.py:914} INFO - Processing file /opt/airflow/dags/comptage_dag.py for tasks to queue
[2026-09-25T13:48:13.661+0000] {logging_mixin.py:190} INFO - [2026-09-25T13:48:13.660+0000] {dagbag.py:588} INFO - Filling up the DagBag from /opt/airflow/dags/comptage_dag.py
[2026-09-25T13:48:13.668+0000] {processor.py:925} INFO - DAG(s) 'comptage_dag' retrieved from /opt/airflow/dags/comptage_dag.py
[2026-09-25T13:48:13.682+0000] {logging_mixin.py:190} INFO - [2026-09-25T13:48:13.682+0000] {dag.py:3239} INFO - Sync 1 DAGs
[2026-09-25T13:48:13.699+0000] {logging_mixin.py:190} INFO - [2026-09-25T13:48:13.699+0000] {dag.py:4180} INFO - Setting next_dagrun for comptage_dag to 2026-09-25 00:00:00+00:00, run_after=2026-09-26 00:00:00+00:00
[2026-09-25T13:48:13.710+0000] {processor.py:208} INFO - Processing /opt/airflow/dags/comptage_dag.py took 0.056 seconds
[2026-09-25T13:48:43.884+0000] {processor.py:186} INFO - Started process (PID=2192) to work on /opt/airflow/dags/comptage_dag.py
[2026-09-25T13:48:43.890+0000] {processor.py:914} INFO - Processing file /opt/airflow/dags/comptage_dag.py for tasks to queue
[2026-09-25T13:48:43.895+0000] {logging_mixin.py:190} INFO - [2026-09-25T13:48:43.894+0000] {dagbag.py:588} INFO - Filling up the DagBag from /opt/airflow/dags/comptage_dag.py
[2026-09-25T13:48:43.905+0000] {processor.py:925} INFO - DAG(s) 'comptage_dag' retrieved from /opt/airflow/dags/comptage_dag.py
[2026-09-25T13:48:43.919+0000] {logging_mixin.py:190} INFO - [2026-09-25T13:48:43.919+0000] {dag.py:3239} INFO - Sync 1 DAGs
[2026-09-25T13:48:43.934+0000] {logging_mixin.py:190} INFO - [2026-09-25T13:48:43.934+0000] {dag.py:4180} INFO - Setting next_dagrun for comptage_dag to 2026-09-25 00:00:00+00:00, run_after=2026-09-26 00:00:00+00:00
[2026-09-25T13:48:43.946+0000] {processor.py:208} INFO - Processing /opt/airflow/dags/comptage_dag.py took 0.067 seconds
[2026-09-25T13:49:14.102+0000] {processor.py:186} INFO - Started process (PID=2209) to work on /opt/airflow/dags/comptage_dag.py
[2026-09-25T13:49:14.103+0000] {processor.py:914} INFO - Processing file /opt/airflow/dags/comptage_dag.py for tasks to queue
[2026-09-25T13:49:14.105+0000] {logging_mixin.py:190} INFO - [2026-09-25T13:49:14.105+0000] {dagbag.py:588} INFO - Filling up the DagBag from /opt/airflow/dags/comptage_dag.py
[2026-09-25T13:49:14.111+0000] {processor.py:925} INFO - DAG(s) 'comptage_dag' retrieved from /opt/airflow/dags/comptage_dag.py
[2026-09-25T13:49:14.127+0000] {logging_mixin.py:190} INFO - [2026-09-25T13:49:14.127+0000] {dag.py:3239} INFO - Sync 1 DAGs
[2026-09-25T13:49:14.146+0000] {logging_mixin.py:190} INFO - [2026-09-25T13:49:14.146+0000] {dag.py:4180} INFO - Setting next_dagrun for comptage_dag to 2026-09-25 00:00:00+00:00, run_after=2026-09-26 00:00:00+00:00
[2026-09-25T13:49:14.159+0000] {processor.py:208} INFO - Processing /opt/airflow/dags/comptage_dag.py took 0.061 seconds
[2026-09-25T13:49:44.363+0000] {processor.py:186} INFO - Started process (PID=2234) to work on /opt/airflow/dags/comptage_dag.py
[2026-09-25T13:49:44.369+0000] {processor.py:914} INFO - Processing file /opt/airflow/dags/comptage_dag.py for tasks to queue
[2026-09-25T13:49:44.373+0000] {logging_mixin.py:190} INFO - [2026-09-25T13:49:44.373+0000] {dagbag.py:588} INFO - Filling up the DagBag from /opt/airflow/dags/comptage_dag.py
[2026-09-25T13:49:44.383+0000] {processor.py:925} INFO - DAG(s) 'comptage_dag' retrieved from /opt/airflow/dags/comptage_dag.py
[2026-09-25T13:49:44.397+0000] {logging_mixin.py:190} INFO - [2026-09-25T13:49:44.397+0000] {dag.py:3239} INFO - Sync 1 DAGs
[2026-09-25T13:49:44.412+0000] {logging_mixin.py:190} INFO - [2026-09-25T13:49:44.412+0000] {dag.py:4180} INFO - Setting next_dagrun for comptage_dag to 2026-09-25 00:00:00+00:00, run_after=2026-09-26 00:00:00+00:00
[2026-09-25T13:49:44.423+0000] {processor.py:208} INFO - Processing /opt/airflow/dags/comptage_dag.py took 0.068 seconds
[2026-09-25T13:50:14.587+0000] {processor.py:186} INFO - Started process (PID=2251) to work on /opt/airflow/dags/comptage_dag.py
[2026-09-25T13:50:14.588+0000] {processor.py:914} INFO - Processing file /opt/airflow/dags/comptage_dag.py for tasks to queue
[2026-09-25T13:50:14.589+0000] {logging_mixin.py:190} INFO - [2026-09-25T13:50:14.589+0000] {dagbag.py:588} INFO - Filling up the DagBag from /opt/airflow/dags/comptage_dag.py
[2026-09-25T13:50:14.596+0000] {processor.py:925} INFO - DAG(s) 'comptage_dag' retrieved from /opt/airflow/dags/comptage_dag.py
[2026-09-25T13:50:14.610+0000] {logging_mixin.py:190} INFO - [2026-09-25T13:50:14.610+0000] {dag.py:3239} INFO - Sync 1 DAGs
[2026-09-25T13:50:14.625+0000] {logging_mixin.py:190} INFO - [2026-09-25T13:50:14.625+0000] {dag.py:4180} INFO - Setting next_dagrun for comptage_dag to 2026-09-25 00:00:00+00:00, run_after=2026-09-26 00:00:00+00:00
[2026-09-25T13:50:14.636+0000] {processor.py:208} INFO - Processing /opt/airflow/dags/comptage_dag.py took 0.052 seconds
[2026-09-25T13:50:44.792+0000] {processor.py:186} INFO - Started process (PID=2276) to work on /opt/airflow/dags/comptage_dag.py
[2026-09-25T13:50:44.798+0000] {processor.py:914} INFO - Processing file /opt/airflow/dags/comptage_dag.py for tasks to queue
[2026-09-25T13:50:44.799+0000] {logging_mixin.py:190} INFO - [2026-09-25T13:50:44.799+0000] {dagbag.py:588} INFO - Filling up the DagBag from /opt/airflow/dags/comptage_dag.py
[2026-09-25T13:50:44.806+0000] {processor.py:925} INFO - DAG(s) 'comptage_dag' retrieved from /opt/airflow/dags/comptage_dag.py
[2026-09-25T13:50:44.821+0000] {logging_mixin.py:190} INFO - [2026-09-25T13:50:44.821+0000] {dag.py:3239} INFO - Sync 1 DAGs
[2026-09-25T13:50:44.842+0000] {logging_mixin.py:190} INFO - [2026-09-25T13:50:44.842+0000] {dag.py:4180} INFO - Setting next_dagrun for comptage_dag to 2026-09-25 00:00:00+00:00, run_after=2026-09-26 00:00:00+00:00
[2026-09-25T13:50:44.857+0000] {processor.py:208} INFO - Processing /opt/airflow/dags/comptage_dag.py took 0.069 seconds
[2026-09-25T13:51:14.975+0000] {processor.py:186} INFO - Started process (PID=2293) to work on /opt/airflow/dags/comptage_dag.py
[2026-09-25T13:51:14.976+0000] {processor.py:914} INFO - Processing file /opt/airflow/dags/comptage_dag.py for tasks to queue
[2026-09-25T13:51:14.977+0000] {logging_mixin.py:190} INFO - [2026-09-25T13:51:14.977+0000] {dagbag.py:588} INFO - Filling up the DagBag from /opt/airflow/dags/comptage_dag.py
[2026-09-25T13:51:14.984+0000] {processor.py:925} INFO - DAG(s) 'comptage_dag' retrieved from /opt/airflow/dags/comptage_dag.py
[2026-09-25T13:51:15.001+0000] {logging_mixin.py:190} INFO - [2026-09-25T13:51:15.001+0000] {dag.py:3239} INFO - Sync 1 DAGs
[2026-09-25T13:51:15.017+0000] {logging_mixin.py:190} INFO - [2026-09-25T13:51:15.017+0000] {dag.py:4180} INFO - Setting next_dagrun for comptage_dag to 2026-09-25 00:00:00+00:00, run_after=2026-09-26 00:00:00+00:00
[2026-09-25T13:51:15.028+0000] {processor.py:208} INFO - Processing /opt/airflow/dags/comptage_dag.py took 0.058 seconds
[2026-09-25T13:51:45.211+0000] {processor.py:186} INFO - Started process (PID=2317) to work on /opt/airflow/dags/comptage_dag.py
[2026-09-25T13:51:45.217+0000] {processor.py:914} INFO - Processing file /opt/airflow/dags/comptage_dag.py for tasks to queue
[2026-09-25T13:51:45.219+0000] {logging_mixin.py:190} INFO - [2026-09-25T13:51:45.219+0000] {dagbag.py:588} INFO - Filling up the DagBag from /opt/airflow/dags/comptage_dag.py
[2026-09-25T13:51:45.225+0000] {processor.py:925} INFO - DAG(s) 'comptage_dag' retrieved from /opt/airflow/dags/comptage_dag.py
[2026-09-25T13:51:45.241+0000] {logging_mixin.py:190} INFO - [2026-09-25T13:51:45.241+0000] {dag.py:3239} INFO - Sync 1 DAGs
[2026-09-25T13:51:45.257+0000] {logging_mixin.py:190} INFO - [2026-09-25T13:51:45.257+0000] {dag.py:4180} INFO - Setting next_dagrun for comptage_dag to 2026-09-25 00:00:00+00:00, run_after=2026-09-26 00:00:00+00:00
[2026-09-25T13:51:45.270+0000] {processor.py:208} INFO - Processing /opt/airflow/dags/comptage_dag.py took 0.063 seconds
[2026-09-25T13:52:15.431+0000] {processor.py:186} INFO - Started process (PID=2335) to work on /opt/airflow/dags/comptage_dag.py
[2026-09-25T13:52:15.431+0000] {processor.py:914} INFO - Processing file /opt/airflow/dags/comptage_dag.py for tasks to queue
[2026-09-25T13:52:15.433+0000] {logging_mixin.py:190} INFO - [2026-09-25T13:52:15.433+0000] {dagbag.py:588} INFO - Filling up the DagBag from /opt/airflow/dags/comptage_dag.py
[2026-09-25T13:52:15.440+0000] {processor.py:925} INFO - DAG(s) 'comptage_dag' retrieved from /opt/airflow/dags/comptage_dag.py
[2026-09-25T13:52:15.454+0000] {logging_mixin.py:190} INFO - [2026-09-25T13:52:15.453+0000] {dag.py:3239} INFO - Sync 1 DAGs
[2026-09-25T13:52:15.469+0000] {logging_mixin.py:190} INFO - [2026-09-25T13:52:15.469+0000] {dag.py:4180} INFO - Setting next_dagrun for comptage_dag to 2026-09-25 00:00:00+00:00, run_after=2026-09-26 00:00:00+00:00
[2026-09-25T13:52:15.479+0000] {processor.py:208} INFO - Processing /opt/airflow/dags/comptage_dag.py took 0.055 seconds
[2026-09-25T13:52:45.662+0000] {processor.py:186} INFO - Started process (PID=2359) to work on /opt/airflow/dags/comptage_dag.py
[2026-09-25T13:52:45.668+0000] {processor.py:914} INFO - Processing file /opt/airflow/dags/comptage_dag.py for tasks to queue
[2026-09-25T13:52:45.670+0000] {logging_mixin.py:190} INFO - [2026-09-25T13:52:45.670+0000] {dagbag.py:588} INFO - Filling up the DagBag from /opt/airflow/dags/comptage_dag.py
[2026-09-25T13:52:45.677+0000] {processor.py:925} INFO - DAG(s) 'comptage_dag' retrieved from /opt/airflow/dags/comptage_dag.py
[2026-09-25T13:52:45.693+0000] {logging_mixin.py:190} INFO - [2026-09-25T13:52:45.692+0000] {dag.py:3239} INFO - Sync 1 DAGs
[2026-09-25T13:52:45.710+0000] {logging_mixin.py:190} INFO - [2026-09-25T13:52:45.710+0000] {dag.py:4180} INFO - Setting next_dagrun for comptage_dag to 2026-09-25 00:00:00+00:00, run_after=2026-09-26 00:00:00+00:00
[2026-09-25T13:52:45.723+0000] {processor.py:208} INFO - Processing /opt/airflow/dags/comptage_dag.py took 0.065 seconds
[2026-09-25T13:53:15.920+0000] {processor.py:186} INFO - Started process (PID=2377) to work on /opt/airflow/dags/comptage_dag.py
[2026-09-25T13:53:15.920+0000] {processor.py:914} INFO - Processing file /opt/airflow/dags/comptage_dag.py for tasks to queue
[2026-09-25T13:53:15.922+0000] {logging_mixin.py:190} INFO - [2026-09-25T13:53:15.922+0000] {dagbag.py:588} INFO - Filling up the DagBag from /opt/airflow/dags/comptage_dag.py
[2026-09-25T13:53:15.929+0000] {processor.py:925} INFO - DAG(s) 'comptage_dag' retrieved from /opt/airflow/dags/comptage_dag.py
[2026-09-25T13:53:15.944+0000] {logging_mixin.py:190} INFO - [2026-09-25T13:53:15.943+0000] {dag.py:3239} INFO - Sync 1 DAGs
[2026-09-25T13:53:15.959+0000] {logging_mixin.py:190} INFO - [2026-09-25T13:53:15.959+0000] {dag.py:4180} INFO - Setting next_dagrun for comptage_dag to 2026-09-25 00:00:00+00:00, run_after=2026-09-26 00:00:00+00:00
[2026-09-25T13:53:15.969+0000] {processor.py:208} INFO - Processing /opt/airflow/dags/comptage_dag.py took 0.056 seconds
[2026-09-25T13:53:46.141+0000] {processor.py:186} INFO - Started process (PID=2401) to work on /opt/airflow/dags/comptage_dag.py
[2026-09-25T13:53:46.141+0000] {processor.py:914} INFO - Processing file /opt/airflow/dags/comptage_dag.py for tasks to queue
[2026-09-25T13:53:46.143+0000] {logging_mixin.py:190} INFO - [2026-09-25T13:53:46.143+0000] {dagbag.py:588} INFO - Filling up the DagBag from /opt/airflow/dags/comptage_dag.py
[2026-09-25T13:53:46.150+0000] {processor.py:925} INFO - DAG(s) 'comptage_dag' retrieved from /opt/airflow/dags/comptage_dag.py
[2026-09-25T13:53:46.165+0000] {logging_mixin.py:190} INFO - [2026-09-25T13:53:46.165+0000] {dag.py:3239} INFO - Sync 1 DAGs
[2026-09-25T13:53:46.183+0000] {logging_mixin.py:190} INFO - [2026-09-25T13:53:46.183+0000] {dag.py:4180} INFO - Setting next_dagrun for comptage_dag to 2026-09-25 00:00:00+00:00, run_after=2026-09-26 00:00:00+00:00
[2026-09-25T13:53:46.194+0000] {processor.py:208} INFO - Processing /opt/airflow/dags/comptage_dag.py took 0.057 seconds
[2026-09-25T13:54:16.399+0000] {processor.py:186} INFO - Started process (PID=2419) to work on /opt/airflow/dags/comptage_dag.py
[2026-09-25T13:54:16.400+0000] {processor.py:914} INFO - Processing file /opt/airflow/dags/comptage_dag.py for tasks to queue
[2026-09-25T13:54:16.402+0000] {logging_mixin.py:190} INFO - [2026-09-25T13:54:16.402+0000] {dagbag.py:588} INFO - Filling up the DagBag from /opt/airflow/dags/comptage_dag.py
[2026-09-25T13:54:16.410+0000] {processor.py:925} INFO - DAG(s) 'comptage_dag' retrieved from /opt/airflow/dags/comptage_dag.py
[2026-09-25T13:54:16.426+0000] {logging_mixin.py:190} INFO - [2026-09-25T13:54:16.426+0000] {dag.py:3239} INFO - Sync 1 DAGs
[2026-09-25T13:54:16.442+0000] {logging_mixin.py:190} INFO - [2026-09-25T13:54:16.442+0000] {dag.py:4180} INFO - Setting next_dagrun for comptage_dag to 2026-09-25 00:00:00+00:00, run_after=2026-09-26 00:00:00+00:00
[2026-09-25T13:54:16.453+0000] {processor.py:208} INFO - Processing /opt/airflow/dags/comptage_dag.py took 0.058 seconds
[2026-09-25T13:54:46.615+0000] {processor.py:186} INFO - Started process (PID=2436) to work on /opt/airflow/dags/comptage_dag.py
[2026-09-25T13:54:46.615+0000] {processor.py:914} INFO - Processing file /opt/airflow/dags/comptage_dag.py for tasks to queue
[2026-09-25T13:54:46.617+0000] {logging_mixin.py:190} INFO - [2026-09-25T13:54:46.617+0000] {dagbag.py:588} INFO - Filling up the DagBag from /opt/airflow/dags/comptage_dag.py
[2026-09-25T13:54:46.625+0000] {processor.py:925} INFO - DAG(s) 'comptage_dag' retrieved from /opt/airflow/dags/comptage_dag.py
[2026-09-25T13:54:46.640+0000] {logging_mixin.py:190} INFO - [2026-09-25T13:54:46.639+0000] {dag.py:3239} INFO - Sync 1 DAGs
[2026-09-25T13:54:46.656+0000] {logging_mixin.py:190} INFO - [2026-09-25T13:54:46.656+0000] {dag.py:4180} INFO - Setting next_dagrun for comptage_dag to 2026-09-25 00:00:00+00:00, run_after=2026-09-26 00:00:00+00:00
[2026-09-25T13:54:46.668+0000] {processor.py:208} INFO - Processing /opt/airflow/dags/comptage_dag.py took 0.058 seconds
[2026-09-25T13:55:16.888+0000] {processor.py:186} INFO - Started process (PID=2461) to work on /opt/airflow/dags/comptage_dag.py
[2026-09-25T13:55:16.889+0000] {processor.py:914} INFO - Processing file /opt/airflow/dags/comptage_dag.py for tasks to queue
[2026-09-25T13:55:16.891+0000] {logging_mixin.py:190} INFO - [2026-09-25T13:55:16.890+0000] {dagbag.py:588} INFO - Filling up the DagBag from /opt/airflow/dags/comptage_dag.py
[2026-09-25T13:55:16.899+0000] {processor.py:925} INFO - DAG(s) 'comptage_dag' retrieved from /opt/airflow/dags/comptage_dag.py
[2026-09-25T13:55:16.915+0000] {logging_mixin.py:190} INFO - [2026-09-25T13:55:16.915+0000] {dag.py:3239} INFO - Sync 1 DAGs
[2026-09-25T13:55:16.933+0000] {logging_mixin.py:190} INFO - [2026-09-25T13:55:16.932+0000] {dag.py:4180} INFO - Setting next_dagrun for comptage_dag to 2026-09-25 00:00:00+00:00, run_after=2026-09-26 00:00:00+00:00
[2026-09-25T13:55:16.942+0000] {processor.py:208} INFO - Processing /opt/airflow/dags/comptage_dag.py took 0.059 seconds
[2026-09-25T13:55:47.090+0000] {processor.py:186} INFO - Started process (PID=2478) to work on /opt/airflow/dags/comptage_dag.py
[2026-09-25T13:55:47.090+0000] {processor.py:914} INFO - Processing file /opt/airflow/dags/comptage_dag.py for tasks to queue
[2026-09-25T13:55:47.092+0000] {logging_mixin.py:190} INFO - [2026-09-25T13:55:47.092+0000] {dagbag.py:588} INFO - Filling up the DagBag from /opt/airflow/dags/comptage_dag.py
[2026-09-25T13:55:47.102+0000] {processor.py:925} INFO - DAG(s) 'comptage_dag' retrieved from /opt/airflow/dags/comptage_dag.py
[2026-09-25T13:55:47.122+0000] {logging_mixin.py:190} INFO - [2026-09-25T13:55:47.122+0000] {dag.py:3239} INFO - Sync 1 DAGs
[2026-09-25T13:55:47.139+0000] {logging_mixin.py:190} INFO - [2026-09-25T13:55:47.139+0000] {dag.py:4180} INFO - Setting next_dagrun for comptage_dag to 2026-09-25 00:00:00+00:00, run_after=2026-09-26 00:00:00+00:00
[2026-09-25T13:55:47.150+0000] {processor.py:208} INFO - Processing /opt/airflow/dags/comptage_dag.py took 0.065 seconds
[2026-09-25T13:56:17.283+0000] {processor.py:186} INFO - Started process (PID=2503) to work on /opt/airflow/dags/comptage_dag.py
[2026-09-25T13:56:17.289+0000] {processor.py:914} INFO - Processing file /opt/airflow/dags/comptage_dag.py for tasks to queue
[2026-09-25T13:56:17.291+0000] {logging_mixin.py:190} INFO - [2026-09-25T13:56:17.291+0000] {dagbag.py:588} INFO - Filling up the DagBag from /opt/airflow/dags/comptage_dag.py
[2026-09-25T13:56:17.298+0000] {processor.py:925} INFO - DAG(s) 'comptage_dag' retrieved from /opt/airflow/dags/comptage_dag.py
[2026-09-25T13:56:17.313+0000] {logging_mixin.py:190} INFO - [2026-09-25T13:56:17.313+0000] {dag.py:3239} INFO - Sync 1 DAGs
[2026-09-25T13:56:17.329+0000] {logging_mixin.py:190} INFO - [2026-09-25T13:56:17.328+0000] {dag.py:4180} INFO - Setting next_dagrun for comptage_dag to 2026-09-25 00:00:00+00:00, run_after=2026-09-26 00:00:00+00:00
[2026-09-25T13:56:17.340+0000] {processor.py:208} INFO - Processing /opt/airflow/dags/comptage_dag.py took 0.061 seconds
[2026-09-25T13:56:47.476+0000] {processor.py:186} INFO - Started process (PID=2520) to work on /opt/airflow/dags/comptage_dag.py
[2026-09-25T13:56:47.477+0000] {processor.py:914} INFO - Processing file /opt/airflow/dags/comptage_dag.py for tasks to queue
[2026-09-25T13:56:47.479+0000] {logging_mixin.py:190} INFO - [2026-09-25T13:56:47.479+0000] {dagbag.py:588} INFO - Filling up the DagBag from /opt/airflow/dags/comptage_dag.py
[2026-09-25T13:56:47.486+0000] {processor.py:925} INFO - DAG(s) 'comptage_dag' retrieved from /opt/airflow/dags/comptage_dag.py
[2026-09-25T13:56:47.504+0000] {logging_mixin.py:190} INFO - [2026-09-25T13:56:47.504+0000] {dag.py:3239} INFO - Sync 1 DAGs
[2026-09-25T13:56:47.523+0000] {logging_mixin.py:190} INFO - [2026-09-25T13:56:47.522+0000] {dag.py:4180} INFO - Setting next_dagrun for comptage_dag to 2026-09-25 00:00:00+00:00, run_after=2026-09-26 00:00:00+00:00
[2026-09-25T13:56:47.533+0000] {processor.py:208} INFO - Processing /opt/airflow/dags/comptage_dag.py took 0.061 seconds
[2026-09-25T13:57:17.678+0000] {processor.py:186} INFO - Started process (PID=2545) to work on /opt/airflow/dags/comptage_dag.py
[2026-09-25T13:57:17.684+0000] {processor.py:914} INFO - Processing file /opt/airflow/dags/comptage_dag.py for tasks to queue
[2026-09-25T13:57:17.687+0000] {logging_mixin.py:190} INFO - [2026-09-25T13:57:17.686+0000] {dagbag.py:588} INFO - Filling up the DagBag from /opt/airflow/dags/comptage_dag.py
[2026-09-25T13:57:17.696+0000] {processor.py:925} INFO - DAG(s) 'comptage_dag' retrieved from /opt/airflow/dags/comptage_dag.py
[2026-09-25T13:57:17.710+0000] {logging_mixin.py:190} INFO - [2026-09-25T13:57:17.709+0000] {dag.py:3239} INFO - Sync 1 DAGs
[2026-09-25T13:57:17.725+0000] {logging_mixin.py:190} INFO - [2026-09-25T13:57:17.725+0000] {dag.py:4180} INFO - Setting next_dagrun for comptage_dag to 2026-09-25 00:00:00+00:00, run_after=2026-09-26 00:00:00+00:00
[2026-09-25T13:57:17.735+0000] {processor.py:208} INFO - Processing /opt/airflow/dags/comptage_dag.py took 0.062 seconds
[2026-09-25T13:57:47.851+0000] {processor.py:186} INFO - Started process (PID=2562) to work on /opt/airflow/dags/comptage_dag.py
[2026-09-25T13:57:47.852+0000] {processor.py:914} INFO - Processing file /opt/airflow/dags/comptage_dag.py for tasks to queue
[2026-09-25T13:57:47.855+0000] {logging_mixin.py:190} INFO - [2026-09-25T13:57:47.854+0000] {dagbag.py:588} INFO - Filling up the DagBag from /opt/airflow/dags/comptage_dag.py
[2026-09-25T13:57:47.868+0000] {processor.py:925} INFO - DAG(s) 'comptage_dag' retrieved from /opt/airflow/dags/comptage_dag.py
[2026-09-25T13:57:47.895+0000] {logging_mixin.py:190} INFO - [2026-09-25T13:57:47.895+0000] {dag.py:3239} INFO - Sync 1 DAGs
[2026-09-25T13:57:47.925+0000] {logging_mixin.py:190} INFO - [2026-09-25T13:57:47.924+0000] {dag.py:4180} INFO - Setting next_dagrun for comptage_dag to 2026-09-25 00:00:00+00:00, run_after=2026-09-26 00:00:00+00:00
[2026-09-25T13:57:47.939+0000] {processor.py:208} INFO - Processing /opt/airflow/dags/comptage_dag.py took 0.095 seconds
[2026-09-25T13:58:18.040+0000] {processor.py:186} INFO - Started process (PID=2586) to work on /opt/airflow/dags/comptage_dag.py
[2026-09-25T13:58:18.041+0000] {processor.py:914} INFO - Processing file /opt/airflow/dags/comptage_dag.py for tasks to queue
[2026-09-25T13:58:18.042+0000] {logging_mixin.py:190} INFO - [2026-09-25T13:58:18.042+0000] {dagbag.py:588} INFO - Filling up the DagBag from /opt/airflow/dags/comptage_dag.py
[2026-09-25T13:58:18.052+0000] {processor.py:925} INFO - DAG(s) 'comptage_dag' retrieved from /opt/airflow/dags/comptage_dag.py
[2026-09-25T13:58:18.068+0000] {logging_mixin.py:190} INFO - [2026-09-25T13:58:18.068+0000] {dag.py:3239} INFO - Sync 1 DAGs
[2026-09-25T13:58:18.086+0000] {logging_mixin.py:190} INFO - [2026-09-25T13:58:18.086+0000] {dag.py:4180} INFO - Setting next_dagrun for comptage_dag to 2026-09-25 00:00:00+00:00, run_after=2026-09-26 00:00:00+00:00
[2026-09-25T13:58:18.097+0000] {processor.py:208} INFO - Processing /opt/airflow/dags/comptage_dag.py took 0.062 seconds
[2026-09-25T13:58:48.234+0000] {processor.py:186} INFO - Started process (PID=2604) to work on /opt/airflow/dags/comptage_dag.py
[2026-09-25T13:58:48.235+0000] {processor.py:914} INFO - Processing file /opt/airflow/dags/comptage_dag.py for tasks to queue
[2026-09-25T13:58:48.238+0000] {logging_mixin.py:190} INFO - [2026-09-25T13:58:48.238+0000] {dagbag.py:588} INFO - Filling up the DagBag from /opt/airflow/dags/comptage_dag.py
[2026-09-25T13:58:48.254+0000] {processor.py:925} INFO - DAG(s) 'comptage_dag' retrieved from /opt/airflow/dags/comptage_dag.py
[2026-09-25T13:58:48.279+0000] {logging_mixin.py:190} INFO - [2026-09-25T13:58:48.278+0000] {dag.py:3239} INFO - Sync 1 DAGs
[2026-09-25T13:58:48.303+0000] {logging_mixin.py:190} INFO - [2026-09-25T13:58:48.303+0000] {dag.py:4180} INFO - Setting next_dagrun for comptage_dag to 2026-09-25 00:00:00+00:00, run_after=2026-09-26 00:00:00+00:00
[2026-09-25T13:58:48.322+0000] {processor.py:208} INFO - Processing /opt/airflow/dags/comptage_dag.py took 0.096 seconds
[2026-09-25T13:59:18.395+0000] {processor.py:186} INFO - Started process (PID=2621) to work on /opt/airflow/dags/comptage_dag.py
[2026-09-25T13:59:18.396+0000] {processor.py:914} INFO - Processing file /opt/airflow/dags/comptage_dag.py for tasks to queue
[2026-09-25T13:59:18.397+0000] {logging_mixin.py:190} INFO - [2026-09-25T13:59:18.397+0000] {dagbag.py:588} INFO - Filling up the DagBag from /opt/airflow/dags/comptage_dag.py
[2026-09-25T13:59:18.407+0000] {processor.py:925} INFO - DAG(s) 'comptage_dag' retrieved from /opt/airflow/dags/comptage_dag.py
[2026-09-25T13:59:18.426+0000] {logging_mixin.py:190} INFO - [2026-09-25T13:59:18.426+0000] {dag.py:3239} INFO - Sync 1 DAGs
[2026-09-25T13:59:18.447+0000] {logging_mixin.py:190} INFO - [2026-09-25T13:59:18.446+0000] {dag.py:4180} INFO - Setting next_dagrun for comptage_dag to 2026-09-25 00:00:00+00:00, run_after=2026-09-26 00:00:00+00:00
[2026-09-25T13:59:18.457+0000] {processor.py:208} INFO - Processing /opt/airflow/dags/comptage_dag.py took 0.067 seconds
[2026-09-25T13:59:48.621+0000] {processor.py:186} INFO - Started process (PID=2646) to work on /opt/airflow/dags/comptage_dag.py
[2026-09-25T13:59:48.621+0000] {processor.py:914} INFO - Processing file /opt/airflow/dags/comptage_dag.py for tasks to queue
[2026-09-25T13:59:48.623+0000] {logging_mixin.py:190} INFO - [2026-09-25T13:59:48.623+0000] {dagbag.py:588} INFO - Filling up the DagBag from /opt/airflow/dags/comptage_dag.py
[2026-09-25T13:59:48.633+0000] {processor.py:925} INFO - DAG(s) 'comptage_dag' retrieved from /opt/airflow/dags/comptage_dag.py
[2026-09-25T13:59:48.650+0000] {logging_mixin.py:190} INFO - [2026-09-25T13:59:48.650+0000] {dag.py:3239} INFO - Sync 1 DAGs
[2026-09-25T13:59:48.668+0000] {logging_mixin.py:190} INFO - [2026-09-25T13:59:48.668+0000] {dag.py:4180} INFO - Setting next_dagrun for comptage_dag to 2026-09-25 00:00:00+00:00, run_after=2026-09-26 00:00:00+00:00
[2026-09-25T13:59:48.680+0000] {processor.py:208} INFO - Processing /opt/airflow/dags/comptage_dag.py took 0.064 seconds
[2026-09-25T14:00:18.790+0000] {processor.py:186} INFO - Started process (PID=2663) to work on /opt/airflow/dags/comptage_dag.py
[2026-09-25T14:00:18.791+0000] {processor.py:914} INFO - Processing file /opt/airflow/dags/comptage_dag.py for tasks to queue
[2026-09-25T14:00:18.793+0000] {logging_mixin.py:190} INFO - [2026-09-25T14:00:18.792+0000] {dagbag.py:588} INFO - Filling up the DagBag from /opt/airflow/dags/comptage_dag.py
[2026-09-25T14:00:18.800+0000] {processor.py:925} INFO - DAG(s) 'comptage_dag' retrieved from /opt/airflow/dags/comptage_dag.py
[2026-09-25T14:00:18.817+0000] {logging_mixin.py:190} INFO - [2026-09-25T14:00:18.817+0000] {dag.py:3239} INFO - Sync 1 DAGs
[2026-09-25T14:00:18.833+0000] {logging_mixin.py:190} INFO - [2026-09-25T14:00:18.833+0000] {dag.py:4180} INFO - Setting next_dagrun for comptage_dag to 2026-09-25 00:00:00+00:00, run_after=2026-09-26 00:00:00+00:00
[2026-09-25T14:00:18.844+0000] {processor.py:208} INFO - Processing /opt/airflow/dags/comptage_dag.py took 0.059 seconds
[2026-09-25T14:00:48.961+0000] {processor.py:186} INFO - Started process (PID=2680) to work on /opt/airflow/dags/comptage_dag.py
[2026-09-25T14:00:48.962+0000] {processor.py:914} INFO - Processing file /opt/airflow/dags/comptage_dag.py for tasks to queue
[2026-09-25T14:00:48.965+0000] {logging_mixin.py:190} INFO - [2026-09-25T14:00:48.965+0000] {dagbag.py:588} INFO - Filling up the DagBag from /opt/airflow/dags/comptage_dag.py
[2026-09-25T14:00:48.975+0000] {processor.py:925} INFO - DAG(s) 'comptage_dag' retrieved from /opt/airflow/dags/comptage_dag.py
[2026-09-25T14:00:48.998+0000] {logging_mixin.py:190} INFO - [2026-09-25T14:00:48.998+0000] {dag.py:3239} INFO - Sync 1 DAGs
[2026-09-25T14:00:49.027+0000] {logging_mixin.py:190} INFO - [2026-09-25T14:00:49.027+0000] {dag.py:4180} INFO - Setting next_dagrun for comptage_dag to 2026-09-25 00:00:00+00:00, run_after=2026-09-26 00:00:00+00:00
[2026-09-25T14:00:49.043+0000] {processor.py:208} INFO - Processing /opt/airflow/dags/comptage_dag.py took 0.087 seconds
[2026-09-25T14:01:19.151+0000] {processor.py:186} INFO - Started process (PID=2705) to work on /opt/airflow/dags/comptage_dag.py
[2026-09-25T14:01:19.154+0000] {processor.py:914} INFO - Processing file /opt/airflow/dags/comptage_dag.py for tasks to queue
[2026-09-25T14:01:19.159+0000] {logging_mixin.py:190} INFO - [2026-09-25T14:01:19.158+0000] {dagbag.py:588} INFO - Filling up the DagBag from /opt/airflow/dags/comptage_dag.py
[2026-09-25T14:01:19.188+0000] {processor.py:925} INFO - DAG(s) 'comptage_dag' retrieved from /opt/airflow/dags/comptage_dag.py
[2026-09-25T14:01:19.220+0000] {logging_mixin.py:190} INFO - [2026-09-25T14:01:19.220+0000] {dag.py:3239} INFO - Sync 1 DAGs
[2026-09-25T14:01:19.249+0000] {logging_mixin.py:190} INFO - [2026-09-25T14:01:19.249+0000] {dag.py:4180} INFO - Setting next_dagrun for comptage_dag to 2026-09-25 00:00:00+00:00, run_after=2026-09-26 00:00:00+00:00
[2026-09-25T14:01:19.266+0000] {processor.py:208} INFO - Processing /opt/airflow/dags/comptage_dag.py took 0.126 seconds
[2026-09-25T14:01:49.352+0000] {processor.py:186} INFO - Started process (PID=2723) to work on /opt/airflow/dags/comptage_dag.py
[2026-09-25T14:01:49.352+0000] {processor.py:914} INFO - Processing file /opt/airflow/dags/comptage_dag.py for tasks to queue
[2026-09-25T14:01:49.354+0000] {logging_mixin.py:190} INFO - [2026-09-25T14:01:49.354+0000] {dagbag.py:588} INFO - Filling up the DagBag from /opt/airflow/dags/comptage_dag.py
[2026-09-25T14:01:49.363+0000] {processor.py:925} INFO - DAG(s) 'comptage_dag' retrieved from /opt/airflow/dags/comptage_dag.py
[2026-09-25T14:01:49.381+0000] {logging_mixin.py:190} INFO - [2026-09-25T14:01:49.381+0000] {dag.py:3239} INFO - Sync 1 DAGs
[2026-09-25T14:01:49.397+0000] {logging_mixin.py:190} INFO - [2026-09-25T14:01:49.397+0000] {dag.py:4180} INFO - Setting next_dagrun for comptage_dag to 2026-09-25 00:00:00+00:00, run_after=2026-09-26 00:00:00+00:00
[2026-09-25T14:01:49.408+0000] {processor.py:208} INFO - Processing /opt/airflow/dags/comptage_dag.py took 0.061 seconds
[2026-09-25T14:02:19.591+0000] {processor.py:186} INFO - Started process (PID=2739) to work on /opt/airflow/dags/comptage_dag.py
[2026-09-25T14:02:19.591+0000] {processor.py:914} INFO - Processing file /opt/airflow/dags/comptage_dag.py for tasks to queue
[2026-09-25T14:02:19.593+0000] {logging_mixin.py:190} INFO - [2026-09-25T14:02:19.593+0000] {dagbag.py:588} INFO - Filling up the DagBag from /opt/airflow/dags/comptage_dag.py
[2026-09-25T14:02:19.602+0000] {processor.py:925} INFO - DAG(s) 'comptage_dag' retrieved from /opt/airflow/dags/comptage_dag.py
[2026-09-25T14:02:19.621+0000] {logging_mixin.py:190} INFO - [2026-09-25T14:02:19.621+0000] {dag.py:3239} INFO - Sync 1 DAGs
[2026-09-25T14:02:19.638+0000] {logging_mixin.py:190} INFO - [2026-09-25T14:02:19.638+0000] {dag.py:4180} INFO - Setting next_dagrun for comptage_dag to 2026-09-25 00:00:00+00:00, run_after=2026-09-26 00:00:00+00:00
[2026-09-25T14:02:19.649+0000] {processor.py:208} INFO - Processing /opt/airflow/dags/comptage_dag.py took 0.062 seconds
[2026-09-25T14:02:49.791+0000] {processor.py:186} INFO - Started process (PID=2764) to work on /opt/airflow/dags/comptage_dag.py
[2026-09-25T14:02:49.792+0000] {processor.py:914} INFO - Processing file /opt/airflow/dags/comptage_dag.py for tasks to queue
[2026-09-25T14:02:49.795+0000] {logging_mixin.py:190} INFO - [2026-09-25T14:02:49.795+0000] {dagbag.py:588} INFO - Filling up the DagBag from /opt/airflow/dags/comptage_dag.py
[2026-09-25T14:02:49.810+0000] {processor.py:925} INFO - DAG(s) 'comptage_dag' retrieved from /opt/airflow/dags/comptage_dag.py
[2026-09-25T14:02:49.836+0000] {logging_mixin.py:190} INFO - [2026-09-25T14:02:49.836+0000] {dag.py:3239} INFO - Sync 1 DAGs
[2026-09-25T14:02:49.857+0000] {logging_mixin.py:190} INFO - [2026-09-25T14:02:49.857+0000] {dag.py:4180} INFO - Setting next_dagrun for comptage_dag to 2026-09-25 00:00:00+00:00, run_after=2026-09-26 00:00:00+00:00
[2026-09-25T14:02:49.869+0000] {processor.py:208} INFO - Processing /opt/airflow/dags/comptage_dag.py took 0.090 seconds
[2026-09-25T14:03:19.955+0000] {processor.py:186} INFO - Started process (PID=2781) to work on /opt/airflow/dags/comptage_dag.py
[2026-09-25T14:03:19.956+0000] {processor.py:914} INFO - Processing file /opt/airflow/dags/comptage_dag.py for tasks to queue
[2026-09-25T14:03:19.958+0000] {logging_mixin.py:190} INFO - [2026-09-25T14:03:19.958+0000] {dagbag.py:588} INFO - Filling up the DagBag from /opt/airflow/dags/comptage_dag.py
[2026-09-25T14:03:19.970+0000] {processor.py:925} INFO - DAG(s) 'comptage_dag' retrieved from /opt/airflow/dags/comptage_dag.py
[2026-09-25T14:03:19.988+0000] {logging_mixin.py:190} INFO - [2026-09-25T14:03:19.987+0000] {dag.py:3239} INFO - Sync 1 DAGs
[2026-09-25T14:03:20.007+0000] {logging_mixin.py:190} INFO - [2026-09-25T14:03:20.007+0000] {dag.py:4180} INFO - Setting next_dagrun for comptage_dag to 2026-09-25 00:00:00+00:00, run_after=2026-09-26 00:00:00+00:00
[2026-09-25T14:03:20.023+0000] {processor.py:208} INFO - Processing /opt/airflow/dags/comptage_dag.py took 0.073 seconds
[2026-09-25T14:03:50.161+0000] {processor.py:186} INFO - Started process (PID=2798) to work on /opt/airflow/dags/comptage_dag.py
[2026-09-25T14:03:50.162+0000] {processor.py:914} INFO - Processing file /opt/airflow/dags/comptage_dag.py for tasks to queue
[2026-09-25T14:03:50.164+0000] {logging_mixin.py:190} INFO - [2026-09-25T14:03:50.164+0000] {dagbag.py:588} INFO - Filling up the DagBag from /opt/airflow/dags/comptage_dag.py
[2026-09-25T14:03:50.174+0000] {processor.py:925} INFO - DAG(s) 'comptage_dag' retrieved from /opt/airflow/dags/comptage_dag.py
[2026-09-25T14:03:50.196+0000] {logging_mixin.py:190} INFO - [2026-09-25T14:03:50.196+0000] {dag.py:3239} INFO - Sync 1 DAGs
[2026-09-25T14:03:50.219+0000] {logging_mixin.py:190} INFO - [2026-09-25T14:03:50.219+0000] {dag.py:4180} INFO - Setting next_dagrun for comptage_dag to 2026-09-25 00:00:00+00:00, run_after=2026-09-26 00:00:00+00:00
[2026-09-25T14:03:50.233+0000] {processor.py:208} INFO - Processing /opt/airflow/dags/comptage_dag.py took 0.076 seconds
[2026-09-25T14:04:20.310+0000] {processor.py:186} INFO - Started process (PID=2823) to work on /opt/airflow/dags/comptage_dag.py
[2026-09-25T14:04:20.312+0000] {processor.py:914} INFO - Processing file /opt/airflow/dags/comptage_dag.py for tasks to queue
[2026-09-25T14:04:20.315+0000] {logging_mixin.py:190} INFO - [2026-09-25T14:04:20.315+0000] {dagbag.py:588} INFO - Filling up the DagBag from /opt/airflow/dags/comptage_dag.py
[2026-09-25T14:04:20.329+0000] {processor.py:925} INFO - DAG(s) 'comptage_dag' retrieved from /opt/airflow/dags/comptage_dag.py
[2026-09-25T14:04:20.366+0000] {logging_mixin.py:190} INFO - [2026-09-25T14:04:20.366+0000] {dag.py:3239} INFO - Sync 1 DAGs
[2026-09-25T14:04:20.390+0000] {logging_mixin.py:190} INFO - [2026-09-25T14:04:20.390+0000] {dag.py:4180} INFO - Setting next_dagrun for comptage_dag to 2026-09-25 00:00:00+00:00, run_after=2026-09-26 00:00:00+00:00
[2026-09-25T14:04:20.418+0000] {processor.py:208} INFO - Processing /opt/airflow/dags/comptage_dag.py took 0.115 seconds
[2026-09-25T14:04:50.550+0000] {processor.py:186} INFO - Started process (PID=2840) to work on /opt/airflow/dags/comptage_dag.py
[2026-09-25T14:04:50.552+0000] {processor.py:914} INFO - Processing file /opt/airflow/dags/comptage_dag.py for tasks to queue
[2026-09-25T14:04:50.555+0000] {logging_mixin.py:190} INFO - [2026-09-25T14:04:50.555+0000] {dagbag.py:588} INFO - Filling up the DagBag from /opt/airflow/dags/comptage_dag.py
[2026-09-25T14:04:50.569+0000] {processor.py:925} INFO - DAG(s) 'comptage_dag' retrieved from /opt/airflow/dags/comptage_dag.py
[2026-09-25T14:04:50.596+0000] {logging_mixin.py:190} INFO - [2026-09-25T14:04:50.596+0000] {dag.py:3239} INFO - Sync 1 DAGs
[2026-09-25T14:04:50.620+0000] {logging_mixin.py:190} INFO - [2026-09-25T14:04:50.619+0000] {dag.py:4180} INFO - Setting next_dagrun for comptage_dag to 2026-09-25 00:00:00+00:00, run_after=2026-09-26 00:00:00+00:00
[2026-09-25T14:04:50.638+0000] {processor.py:208} INFO - Processing /opt/airflow/dags/comptage_dag.py took 0.095 seconds
[2026-09-25T14:05:20.772+0000] {processor.py:186} INFO - Started process (PID=2857) to work on /opt/airflow/dags/comptage_dag.py
[2026-09-25T14:05:20.773+0000] {processor.py:914} INFO - Processing file /opt/airflow/dags/comptage_dag.py for tasks to queue
[2026-09-25T14:05:20.775+0000] {logging_mixin.py:190} INFO - [2026-09-25T14:05:20.775+0000] {dagbag.py:588} INFO - Filling up the DagBag from /opt/airflow/dags/comptage_dag.py
[2026-09-25T14:05:20.785+0000] {processor.py:925} INFO - DAG(s) 'comptage_dag' retrieved from /opt/airflow/dags/comptage_dag.py
[2026-09-25T14:05:20.801+0000] {logging_mixin.py:190} INFO - [2026-09-25T14:05:20.801+0000] {dag.py:3239} INFO - Sync 1 DAGs
[2026-09-25T14:05:20.818+0000] {logging_mixin.py:190} INFO - [2026-09-25T14:05:20.818+0000] {dag.py:4180} INFO - Setting next_dagrun for comptage_dag to 2026-09-25 00:00:00+00:00, run_after=2026-09-26 00:00:00+00:00
[2026-09-25T14:05:20.829+0000] {processor.py:208} INFO - Processing /opt/airflow/dags/comptage_dag.py took 0.063 seconds
[2026-09-25T14:05:50.963+0000] {processor.py:186} INFO - Started process (PID=2882) to work on /opt/airflow/dags/comptage_dag.py
[2026-09-25T14:05:50.963+0000] {processor.py:914} INFO - Processing file /opt/airflow/dags/comptage_dag.py for tasks to queue
[2026-09-25T14:05:50.965+0000] {logging_mixin.py:190} INFO - [2026-09-25T14:05:50.965+0000] {dagbag.py:588} INFO - Filling up the DagBag from /opt/airflow/dags/comptage_dag.py
[2026-09-25T14:05:50.972+0000] {processor.py:925} INFO - DAG(s) 'comptage_dag' retrieved from /opt/airflow/dags/comptage_dag.py
[2026-09-25T14:05:50.989+0000] {logging_mixin.py:190} INFO - [2026-09-25T14:05:50.988+0000] {dag.py:3239} INFO - Sync 1 DAGs
[2026-09-25T14:05:51.006+0000] {logging_mixin.py:190} INFO - [2026-09-25T14:05:51.006+0000] {dag.py:4180} INFO - Setting next_dagrun for comptage_dag to 2026-09-25 00:00:00+00:00, run_after=2026-09-26 00:00:00+00:00
[2026-09-25T14:05:51.016+0000] {processor.py:208} INFO - Processing /opt/airflow/dags/comptage_dag.py took 0.058 seconds
[2026-09-25T14:06:21.116+0000] {processor.py:186} INFO - Started process (PID=2899) to work on /opt/airflow/dags/comptage_dag.py
[2026-09-25T14:06:21.117+0000] {processor.py:914} INFO - Processing file /opt/airflow/dags/comptage_dag.py for tasks to queue
[2026-09-25T14:06:21.119+0000] {logging_mixin.py:190} INFO - [2026-09-25T14:06:21.119+0000] {dagbag.py:588} INFO - Filling up the DagBag from /opt/airflow/dags/comptage_dag.py
[2026-09-25T14:06:21.129+0000] {processor.py:925} INFO - DAG(s) 'comptage_dag' retrieved from /opt/airflow/dags/comptage_dag.py
[2026-09-25T14:06:21.148+0000] {logging_mixin.py:190} INFO - [2026-09-25T14:06:21.148+0000] {dag.py:3239} INFO - Sync 1 DAGs
[2026-09-25T14:06:21.168+0000] {logging_mixin.py:190} INFO - [2026-09-25T14:06:21.168+0000] {dag.py:4180} INFO - Setting next_dagrun for comptage_dag to 2026-09-25 00:00:00+00:00, run_after=2026-09-26 00:00:00+00:00
[2026-09-25T14:06:21.179+0000] {processor.py:208} INFO - Processing /opt/airflow/dags/comptage_dag.py took 0.068 seconds
[2026-09-25T14:06:51.299+0000] {processor.py:186} INFO - Started process (PID=2924) to work on /opt/airflow/dags/comptage_dag.py
[2026-09-25T14:06:51.299+0000] {processor.py:914} INFO - Processing file /opt/airflow/dags/comptage_dag.py for tasks to queue
[2026-09-25T14:06:51.301+0000] {logging_mixin.py:190} INFO - [2026-09-25T14:06:51.301+0000] {dagbag.py:588} INFO - Filling up the DagBag from /opt/airflow/dags/comptage_dag.py
[2026-09-25T14:06:51.313+0000] {processor.py:925} INFO - DAG(s) 'comptage_dag' retrieved from /opt/airflow/dags/comptage_dag.py
[2026-09-25T14:06:51.331+0000] {logging_mixin.py:190} INFO - [2026-09-25T14:06:51.331+0000] {dag.py:3239} INFO - Sync 1 DAGs
[2026-09-25T14:06:51.349+0000] {logging_mixin.py:190} INFO - [2026-09-25T14:06:51.349+0000] {dag.py:4180} INFO - Setting next_dagrun for comptage_dag to 2026-09-25 00:00:00+00:00, run_after=2026-09-26 00:00:00+00:00
[2026-09-25T14:06:51.361+0000] {processor.py:208} INFO - Processing /opt/airflow/dags/comptage_dag.py took 0.066 seconds
[2026-09-25T14:07:21.467+0000] {processor.py:186} INFO - Started process (PID=2942) to work on /opt/airflow/dags/comptage_dag.py
[2026-09-25T14:07:21.467+0000] {processor.py:914} INFO - Processing file /opt/airflow/dags/comptage_dag.py for tasks to queue
[2026-09-25T14:07:21.469+0000] {logging_mixin.py:190} INFO - [2026-09-25T14:07:21.469+0000] {dagbag.py:588} INFO - Filling up the DagBag from /opt/airflow/dags/comptage_dag.py
[2026-09-25T14:07:21.478+0000] {processor.py:925} INFO - DAG(s) 'comptage_dag' retrieved from /opt/airflow/dags/comptage_dag.py
[2026-09-25T14:07:21.494+0000] {logging_mixin.py:190} INFO - [2026-09-25T14:07:21.494+0000] {dag.py:3239} INFO - Sync 1 DAGs
[2026-09-25T14:07:21.512+0000] {logging_mixin.py:190} INFO - [2026-09-25T14:07:21.512+0000] {dag.py:4180} INFO - Setting next_dagrun for comptage_dag to 2026-09-25 00:00:00+00:00, run_after=2026-09-26 00:00:00+00:00
[2026-09-25T14:07:21.524+0000] {processor.py:208} INFO - Processing /opt/airflow/dags/comptage_dag.py took 0.061 seconds
[2026-09-25T14:07:51.674+0000] {processor.py:186} INFO - Started process (PID=2959) to work on /opt/airflow/dags/comptage_dag.py
[2026-09-25T14:07:51.676+0000] {processor.py:914} INFO - Processing file /opt/airflow/dags/comptage_dag.py for tasks to queue
[2026-09-25T14:07:51.684+0000] {logging_mixin.py:190} INFO - [2026-09-25T14:07:51.683+0000] {dagbag.py:588} INFO - Filling up the DagBag from /opt/airflow/dags/comptage_dag.py
[2026-09-25T14:07:51.705+0000] {processor.py:925} INFO - DAG(s) 'comptage_dag' retrieved from /opt/airflow/dags/comptage_dag.py
[2026-09-25T14:07:51.743+0000] {logging_mixin.py:190} INFO - [2026-09-25T14:07:51.743+0000] {dag.py:3239} INFO - Sync 1 DAGs
[2026-09-25T14:07:51.769+0000] {logging_mixin.py:190} INFO - [2026-09-25T14:07:51.769+0000] {dag.py:4180} INFO - Setting next_dagrun for comptage_dag to 2026-09-25 00:00:00+00:00, run_after=2026-09-26 00:00:00+00:00
[2026-09-25T14:07:51.789+0000] {processor.py:208} INFO - Processing /opt/airflow/dags/comptage_dag.py took 0.126 seconds
[2026-09-25T14:08:21.845+0000] {processor.py:186} INFO - Started process (PID=2983) to work on /opt/airflow/dags/comptage_dag.py
[2026-09-25T14:08:21.846+0000] {processor.py:914} INFO - Processing file /opt/airflow/dags/comptage_dag.py for tasks to queue
[2026-09-25T14:08:21.849+0000] {logging_mixin.py:190} INFO - [2026-09-25T14:08:21.849+0000] {dagbag.py:588} INFO - Filling up the DagBag from /opt/airflow/dags/comptage_dag.py
[2026-09-25T14:08:21.859+0000] {processor.py:925} INFO - DAG(s) 'comptage_dag' retrieved from /opt/airflow/dags/comptage_dag.py
[2026-09-25T14:08:21.879+0000] {logging_mixin.py:190} INFO - [2026-09-25T14:08:21.879+0000] {dag.py:3239} INFO - Sync 1 DAGs
[2026-09-25T14:08:21.898+0000] {logging_mixin.py:190} INFO - [2026-09-25T14:08:21.897+0000] {dag.py:4180} INFO - Setting next_dagrun for comptage_dag to 2026-09-25 00:00:00+00:00, run_after=2026-09-26 00:00:00+00:00
[2026-09-25T14:08:21.915+0000] {processor.py:208} INFO - Processing /opt/airflow/dags/comptage_dag.py took 0.075 seconds
[2026-09-25T14:08:53.232+0000] {processor.py:186} INFO - Started process (PID=3001) to work on /opt/airflow/dags/comptage_dag.py
[2026-09-25T14:08:53.238+0000] {processor.py:914} INFO - Processing file /opt/airflow/dags/comptage_dag.py for tasks to queue
[2026-09-25T14:08:53.242+0000] {logging_mixin.py:190} INFO - [2026-09-25T14:08:53.240+0000] {dagbag.py:588} INFO - Filling up the DagBag from /opt/airflow/dags/comptage_dag.py
[2026-09-25T14:08:53.319+0000] {processor.py:925} INFO - DAG(s) 'comptage_dag' retrieved from /opt/airflow/dags/comptage_dag.py
[2026-09-25T14:08:53.397+0000] {logging_mixin.py:190} INFO - [2026-09-25T14:08:53.397+0000] {dag.py:3239} INFO - Sync 1 DAGs
[2026-09-25T14:08:53.420+0000] {logging_mixin.py:190} INFO - [2026-09-25T14:08:53.420+0000] {dag.py:4180} INFO - Setting next_dagrun for comptage_dag to 2026-09-25 00:00:00+00:00, run_after=2026-09-26 00:00:00+00:00
[2026-09-25T14:08:53.438+0000] {processor.py:208} INFO - Processing /opt/airflow/dags/comptage_dag.py took 0.224 seconds
[2026-09-25T14:09:23.666+0000] {processor.py:186} INFO - Started process (PID=3019) to work on /opt/airflow/dags/comptage_dag.py
[2026-09-25T14:09:23.666+0000] {processor.py:914} INFO - Processing file /opt/airflow/dags/comptage_dag.py for tasks to queue
[2026-09-25T14:09:23.668+0000] {logging_mixin.py:190} INFO - [2026-09-25T14:09:23.668+0000] {dagbag.py:588} INFO - Filling up the DagBag from /opt/airflow/dags/comptage_dag.py
[2026-09-25T14:09:23.677+0000] {processor.py:925} INFO - DAG(s) 'comptage_dag' retrieved from /opt/airflow/dags/comptage_dag.py
[2026-09-25T14:09:23.696+0000] {logging_mixin.py:190} INFO - [2026-09-25T14:09:23.696+0000] {dag.py:3239} INFO - Sync 1 DAGs
[2026-09-25T14:09:23.716+0000] {logging_mixin.py:190} INFO - [2026-09-25T14:09:23.716+0000] {dag.py:4180} INFO - Setting next_dagrun for comptage_dag to 2026-09-25 00:00:00+00:00, run_after=2026-09-26 00:00:00+00:00
[2026-09-25T14:09:23.727+0000] {processor.py:208} INFO - Processing /opt/airflow/dags/comptage_dag.py took 0.067 seconds
[2026-09-25T14:09:29.710+0000] {processor.py:186} INFO - Started process (PID=3020) to work on /opt/airflow/dags/comptage_dag.py
[2026-09-25T14:09:29.711+0000] {processor.py:914} INFO - Processing file /opt/airflow/dags/comptage_dag.py for tasks to queue
[2026-09-25T14:09:29.712+0000] {logging_mixin.py:190} INFO - [2026-09-25T14:09:29.712+0000] {dagbag.py:588} INFO - Filling up the DagBag from /opt/airflow/dags/comptage_dag.py
[2026-09-25T14:09:29.720+0000] {processor.py:925} INFO - DAG(s) 'comptage_dag' retrieved from /opt/airflow/dags/comptage_dag.py
[2026-09-25T14:09:29.735+0000] {logging_mixin.py:190} INFO - [2026-09-25T14:09:29.735+0000] {dag.py:3239} INFO - Sync 1 DAGs
[2026-09-25T14:09:29.751+0000] {logging_mixin.py:190} INFO - [2026-09-25T14:09:29.751+0000] {dag.py:4180} INFO - Setting next_dagrun for comptage_dag to 2026-09-25 00:00:00+00:00, run_after=2026-09-26 00:00:00+00:00
[2026-09-25T14:09:29.765+0000] {processor.py:208} INFO - Processing /opt/airflow/dags/comptage_dag.py took 0.059 seconds
[2026-09-25T14:09:59.909+0000] {processor.py:186} INFO - Started process (PID=3045) to work on /opt/airflow/dags/comptage_dag.py
[2026-09-25T14:09:59.909+0000] {processor.py:914} INFO - Processing file /opt/airflow/dags/comptage_dag.py for tasks to queue
[2026-09-25T14:09:59.916+0000] {logging_mixin.py:190} INFO - [2026-09-25T14:09:59.916+0000] {dagbag.py:588} INFO - Filling up the DagBag from /opt/airflow/dags/comptage_dag.py
[2026-09-25T14:09:59.929+0000] {processor.py:925} INFO - DAG(s) 'comptage_dag' retrieved from /opt/airflow/dags/comptage_dag.py
[2026-09-25T14:09:59.954+0000] {logging_mixin.py:190} INFO - [2026-09-25T14:09:59.953+0000] {dag.py:3239} INFO - Sync 1 DAGs
[2026-09-25T14:09:59.971+0000] {logging_mixin.py:190} INFO - [2026-09-25T14:09:59.971+0000] {dag.py:4180} INFO - Setting next_dagrun for comptage_dag to 2026-09-25 00:00:00+00:00, run_after=2026-09-26 00:00:00+00:00
[2026-09-25T14:09:59.982+0000] {processor.py:208} INFO - Processing /opt/airflow/dags/comptage_dag.py took 0.085 seconds
[2026-09-25T14:10:30.071+0000] {processor.py:186} INFO - Started process (PID=3062) to work on /opt/airflow/dags/comptage_dag.py
[2026-09-25T14:10:30.071+0000] {processor.py:914} INFO - Processing file /opt/airflow/dags/comptage_dag.py for tasks to queue
[2026-09-25T14:10:30.073+0000] {logging_mixin.py:190} INFO - [2026-09-25T14:10:30.073+0000] {dagbag.py:588} INFO - Filling up the DagBag from /opt/airflow/dags/comptage_dag.py
[2026-09-25T14:10:30.082+0000] {processor.py:925} INFO - DAG(s) 'comptage_dag' retrieved from /opt/airflow/dags/comptage_dag.py
[2026-09-25T14:10:30.099+0000] {logging_mixin.py:190} INFO - [2026-09-25T14:10:30.098+0000] {dag.py:3239} INFO - Sync 1 DAGs
[2026-09-25T14:10:30.115+0000] {logging_mixin.py:190} INFO - [2026-09-25T14:10:30.115+0000] {dag.py:4180} INFO - Setting next_dagrun for comptage_dag to 2026-09-25 00:00:00+00:00, run_after=2026-09-26 00:00:00+00:00
[2026-09-25T14:10:30.127+0000] {processor.py:208} INFO - Processing /opt/airflow/dags/comptage_dag.py took 0.061 seconds
[2026-09-25T14:11:00.292+0000] {processor.py:186} INFO - Started process (PID=3086) to work on /opt/airflow/dags/comptage_dag.py
[2026-09-25T14:11:00.293+0000] {processor.py:914} INFO - Processing file /opt/airflow/dags/comptage_dag.py for tasks to queue
[2026-09-25T14:11:00.295+0000] {logging_mixin.py:190} INFO - [2026-09-25T14:11:00.294+0000] {dagbag.py:588} INFO - Filling up the DagBag from /opt/airflow/dags/comptage_dag.py
[2026-09-25T14:11:00.304+0000] {processor.py:925} INFO - DAG(s) 'comptage_dag' retrieved from /opt/airflow/dags/comptage_dag.py
[2026-09-25T14:11:00.323+0000] {logging_mixin.py:190} INFO - [2026-09-25T14:11:00.323+0000] {dag.py:3239} INFO - Sync 1 DAGs
[2026-09-25T14:11:00.341+0000] {logging_mixin.py:190} INFO - [2026-09-25T14:11:00.341+0000] {dag.py:4180} INFO - Setting next_dagrun for comptage_dag to 2026-09-25 00:00:00+00:00, run_after=2026-09-26 00:00:00+00:00
[2026-09-25T14:11:00.352+0000] {processor.py:208} INFO - Processing /opt/airflow/dags/comptage_dag.py took 0.065 seconds
[2026-09-25T14:11:30.499+0000] {processor.py:186} INFO - Started process (PID=3104) to work on /opt/airflow/dags/comptage_dag.py
[2026-09-25T14:11:30.500+0000] {processor.py:914} INFO - Processing file /opt/airflow/dags/comptage_dag.py for tasks to queue
[2026-09-25T14:11:30.503+0000] {logging_mixin.py:190} INFO - [2026-09-25T14:11:30.502+0000] {dagbag.py:588} INFO - Filling up the DagBag from /opt/airflow/dags/comptage_dag.py
[2026-09-25T14:11:30.512+0000] {processor.py:925} INFO - DAG(s) 'comptage_dag' retrieved from /opt/airflow/dags/comptage_dag.py
[2026-09-25T14:11:30.528+0000] {logging_mixin.py:190} INFO - [2026-09-25T14:11:30.528+0000] {dag.py:3239} INFO - Sync 1 DAGs
[2026-09-25T14:11:30.544+0000] {logging_mixin.py:190} INFO - [2026-09-25T14:11:30.544+0000] {dag.py:4180} INFO - Setting next_dagrun for comptage_dag to 2026-09-25 00:00:00+00:00, run_after=2026-09-26 00:00:00+00:00
[2026-09-25T14:11:30.555+0000] {processor.py:208} INFO - Processing /opt/airflow/dags/comptage_dag.py took 0.068 seconds
[2026-09-25T14:12:00.652+0000] {processor.py:186} INFO - Started process (PID=3121) to work on /opt/airflow/dags/comptage_dag.py
[2026-09-25T14:12:00.653+0000] {processor.py:914} INFO - Processing file /opt/airflow/dags/comptage_dag.py for tasks to queue
[2026-09-25T14:12:00.657+0000] {logging_mixin.py:190} INFO - [2026-09-25T14:12:00.655+0000] {dagbag.py:588} INFO - Filling up the DagBag from /opt/airflow/dags/comptage_dag.py
[2026-09-25T14:12:00.685+0000] {processor.py:925} INFO - DAG(s) 'comptage_dag' retrieved from /opt/airflow/dags/comptage_dag.py
[2026-09-25T14:12:00.784+0000] {logging_mixin.py:190} INFO - [2026-09-25T14:12:00.784+0000] {dag.py:3239} INFO - Sync 1 DAGs
[2026-09-25T14:12:00.805+0000] {logging_mixin.py:190} INFO - [2026-09-25T14:12:00.805+0000] {dag.py:4180} INFO - Setting next_dagrun for comptage_dag to 2026-09-25 00:00:00+00:00, run_after=2026-09-26 00:00:00+00:00
[2026-09-25T14:12:00.821+0000] {processor.py:208} INFO - Processing /opt/airflow/dags/comptage_dag.py took 0.177 seconds
[2026-09-25T14:12:30.992+0000] {processor.py:186} INFO - Started process (PID=3146) to work on /opt/airflow/dags/comptage_dag.py
[2026-09-25T14:12:30.993+0000] {processor.py:914} INFO - Processing file /opt/airflow/dags/comptage_dag.py for tasks to queue
[2026-09-25T14:12:30.995+0000] {logging_mixin.py:190} INFO - [2026-09-25T14:12:30.995+0000] {dagbag.py:588} INFO - Filling up the DagBag from /opt/airflow/dags/comptage_dag.py
[2026-09-25T14:12:31.009+0000] {processor.py:925} INFO - DAG(s) 'comptage_dag' retrieved from /opt/airflow/dags/comptage_dag.py
[2026-09-25T14:12:31.038+0000] {logging_mixin.py:190} INFO - [2026-09-25T14:12:31.038+0000] {dag.py:3239} INFO - Sync 1 DAGs
[2026-09-25T14:12:31.064+0000] {logging_mixin.py:190} INFO - [2026-09-25T14:12:31.064+0000] {dag.py:4180} INFO - Setting next_dagrun for comptage_dag to 2026-09-25 00:00:00+00:00, run_after=2026-09-26 00:00:00+00:00
[2026-09-25T14:12:31.085+0000] {processor.py:208} INFO - Processing /opt/airflow/dags/comptage_dag.py took 0.100 seconds
[2026-09-25T14:13:01.188+0000] {processor.py:186} INFO - Started process (PID=3163) to work on /opt/airflow/dags/comptage_dag.py
[2026-09-25T14:13:01.189+0000] {processor.py:914} INFO - Processing file /opt/airflow/dags/comptage_dag.py for tasks to queue
[2026-09-25T14:13:01.191+0000] {logging_mixin.py:190} INFO - [2026-09-25T14:13:01.191+0000] {dagbag.py:588} INFO - Filling up the DagBag from /opt/airflow/dags/comptage_dag.py
[2026-09-25T14:13:01.202+0000] {processor.py:925} INFO - DAG(s) 'comptage_dag' retrieved from /opt/airflow/dags/comptage_dag.py
[2026-09-25T14:13:01.235+0000] {logging_mixin.py:190} INFO - [2026-09-25T14:13:01.234+0000] {dag.py:3239} INFO - Sync 1 DAGs
[2026-09-25T14:13:01.254+0000] {logging_mixin.py:190} INFO - [2026-09-25T14:13:01.254+0000] {dag.py:4180} INFO - Setting next_dagrun for comptage_dag to 2026-09-25 00:00:00+00:00, run_after=2026-09-26 00:00:00+00:00
[2026-09-25T14:13:01.267+0000] {processor.py:208} INFO - Processing /opt/airflow/dags/comptage_dag.py took 0.084 seconds
[2026-09-25T14:13:32.071+0000] {processor.py:186} INFO - Started process (PID=3180) to work on /opt/airflow/dags/comptage_dag.py
[2026-09-25T14:13:32.072+0000] {processor.py:914} INFO - Processing file /opt/airflow/dags/comptage_dag.py for tasks to queue
[2026-09-25T14:13:32.074+0000] {logging_mixin.py:190} INFO - [2026-09-25T14:13:32.074+0000] {dagbag.py:588} INFO - Filling up the DagBag from /opt/airflow/dags/comptage_dag.py
[2026-09-25T14:13:32.084+0000] {processor.py:925} INFO - DAG(s) 'comptage_dag' retrieved from /opt/airflow/dags/comptage_dag.py
[2026-09-25T14:13:32.106+0000] {logging_mixin.py:190} INFO - [2026-09-25T14:13:32.106+0000] {dag.py:3239} INFO - Sync 1 DAGs
[2026-09-25T14:13:32.134+0000] {logging_mixin.py:190} INFO - [2026-09-25T14:13:32.134+0000] {dag.py:4180} INFO - Setting next_dagrun for comptage_dag to 2026-09-25 00:00:00+00:00, run_after=2026-09-26 00:00:00+00:00
[2026-09-25T14:13:32.156+0000] {processor.py:208} INFO - Processing /opt/airflow/dags/comptage_dag.py took 0.091 seconds
[2026-09-25T14:14:02.219+0000] {processor.py:186} INFO - Started process (PID=3197) to work on /opt/airflow/dags/comptage_dag.py
[2026-09-25T14:14:02.219+0000] {processor.py:914} INFO - Processing file /opt/airflow/dags/comptage_dag.py for tasks to queue
[2026-09-25T14:14:02.220+0000] {logging_mixin.py:190} INFO - [2026-09-25T14:14:02.220+0000] {dagbag.py:588} INFO - Filling up the DagBag from /opt/airflow/dags/comptage_dag.py
[2026-09-25T14:14:02.227+0000] {processor.py:925} INFO - DAG(s) 'comptage_dag' retrieved from /opt/airflow/dags/comptage_dag.py
[2026-09-25T14:14:02.243+0000] {logging_mixin.py:190} INFO - [2026-09-25T14:14:02.242+0000] {dag.py:3239} INFO - Sync 1 DAGs
[2026-09-25T14:14:02.259+0000] {logging_mixin.py:190} INFO - [2026-09-25T14:14:02.259+0000] {dag.py:4180} INFO - Setting next_dagrun for comptage_dag to 2026-09-25 00:00:00+00:00, run_after=2026-09-26 00:00:00+00:00
[2026-09-25T14:14:02.270+0000] {processor.py:208} INFO - Processing /opt/airflow/dags/comptage_dag.py took 0.055 seconds
[2026-09-25T14:14:32.375+0000] {processor.py:186} INFO - Started process (PID=3221) to work on /opt/airflow/dags/comptage_dag.py
[2026-09-25T14:14:32.376+0000] {processor.py:914} INFO - Processing file /opt/airflow/dags/comptage_dag.py for tasks to queue
[2026-09-25T14:14:32.378+0000] {logging_mixin.py:190} INFO - [2026-09-25T14:14:32.378+0000] {dagbag.py:588} INFO - Filling up the DagBag from /opt/airflow/dags/comptage_dag.py
[2026-09-25T14:14:32.386+0000] {processor.py:925} INFO - DAG(s) 'comptage_dag' retrieved from /opt/airflow/dags/comptage_dag.py
[2026-09-25T14:14:32.586+0000] {logging_mixin.py:190} INFO - [2026-09-25T14:14:32.586+0000] {dag.py:3239} INFO - Sync 1 DAGs
[2026-09-25T14:14:32.601+0000] {logging_mixin.py:190} INFO - [2026-09-25T14:14:32.600+0000] {dag.py:3262} INFO - Creating ORM DAG for comptage_dag
[2026-09-25T14:14:32.622+0000] {logging_mixin.py:190} INFO - [2026-09-25T14:14:32.621+0000] {dag.py:4180} INFO - Setting next_dagrun for comptage_dag to 2026-09-24 00:00:00+00:00, run_after=2026-09-25 00:00:00+00:00
[2026-09-25T14:14:32.651+0000] {processor.py:208} INFO - Processing /opt/airflow/dags/comptage_dag.py took 0.281 seconds
[2026-09-25T14:14:56.777+0000] {processor.py:186} INFO - Started process (PID=3231) to work on /opt/airflow/dags/comptage_dag.py
[2026-09-25T14:14:56.821+0000] {processor.py:914} INFO - Processing file /opt/airflow/dags/comptage_dag.py for tasks to queue
[2026-09-25T14:14:56.846+0000] {logging_mixin.py:190} INFO - [2026-09-25T14:14:56.827+0000] {dagbag.py:588} INFO - Filling up the DagBag from /opt/airflow/dags/comptage_dag.py
[2026-09-25T14:14:57.325+0000] {processor.py:925} INFO - DAG(s) 'comptage_dag' retrieved from /opt/airflow/dags/comptage_dag.py
[2026-09-25T14:15:02.052+0000] {logging_mixin.py:190} INFO - [2026-09-25T14:15:01.953+0000] {dag.py:3239} INFO - Sync 1 DAGs
[2026-09-25T14:15:10.794+0000] {logging_mixin.py:190} INFO - [2026-09-25T14:15:10.789+0000] {dag.py:4180} INFO - Setting next_dagrun for comptage_dag to 2026-09-24 00:00:00+00:00, run_after=2026-09-25 00:00:00+00:00
[2026-09-25T14:15:10.879+0000] {processor.py:208} INFO - Processing /opt/airflow/dags/comptage_dag.py took 14.153 seconds
[2026-09-25T14:16:38.570+0000] {processor.py:186} INFO - Started process (PID=44) to work on /opt/airflow/dags/comptage_dag.py
[2026-09-25T14:16:38.572+0000] {processor.py:914} INFO - Processing file /opt/airflow/dags/comptage_dag.py for tasks to queue
[2026-09-25T14:16:38.575+0000] {logging_mixin.py:190} INFO - [2026-09-25T14:16:38.574+0000] {dagbag.py:588} INFO - Filling up the DagBag from /opt/airflow/dags/comptage_dag.py
[2026-09-25T14:16:38.587+0000] {processor.py:925} INFO - DAG(s) 'comptage_dag' retrieved from /opt/airflow/dags/comptage_dag.py
[2026-09-25T14:16:38.617+0000] {logging_mixin.py:190} INFO - [2026-09-25T14:16:38.617+0000] {dag.py:3239} INFO - Sync 1 DAGs
[2026-09-25T14:16:38.654+0000] {logging_mixin.py:190} INFO - [2026-09-25T14:16:38.653+0000] {dag.py:4180} INFO - Setting next_dagrun for comptage_dag to 2026-09-24 00:00:00+00:00, run_after=2026-09-25 00:00:00+00:00
[2026-09-25T14:16:38.672+0000] {processor.py:208} INFO - Processing /opt/airflow/dags/comptage_dag.py took 0.109 seconds
[2026-09-25T14:17:08.737+0000] {processor.py:186} INFO - Started process (PID=66) to work on /opt/airflow/dags/comptage_dag.py
[2026-09-25T14:17:08.738+0000] {processor.py:914} INFO - Processing file /opt/airflow/dags/comptage_dag.py for tasks to queue
[2026-09-25T14:17:08.739+0000] {logging_mixin.py:190} INFO - [2026-09-25T14:17:08.739+0000] {dagbag.py:588} INFO - Filling up the DagBag from /opt/airflow/dags/comptage_dag.py
[2026-09-25T14:17:08.745+0000] {processor.py:925} INFO - DAG(s) 'comptage_dag' retrieved from /opt/airflow/dags/comptage_dag.py
[2026-09-25T14:17:08.759+0000] {logging_mixin.py:190} INFO - [2026-09-25T14:17:08.759+0000] {dag.py:3239} INFO - Sync 1 DAGs
[2026-09-25T14:17:08.777+0000] {logging_mixin.py:190} INFO - [2026-09-25T14:17:08.776+0000] {dag.py:4180} INFO - Setting next_dagrun for comptage_dag to 2026-09-25 00:00:00+00:00, run_after=2026-09-26 00:00:00+00:00
[2026-09-25T14:17:08.902+0000] {processor.py:208} INFO - Processing /opt/airflow/dags/comptage_dag.py took 0.168 seconds
[2026-09-25T14:17:39.050+0000] {processor.py:186} INFO - Started process (PID=83) to work on /opt/airflow/dags/comptage_dag.py
[2026-09-25T14:17:39.059+0000] {processor.py:914} INFO - Processing file /opt/airflow/dags/comptage_dag.py for tasks to queue
[2026-09-25T14:17:39.071+0000] {logging_mixin.py:190} INFO - [2026-09-25T14:17:39.069+0000] {dagbag.py:588} INFO - Filling up the DagBag from /opt/airflow/dags/comptage_dag.py
[2026-09-25T14:17:39.116+0000] {processor.py:925} INFO - DAG(s) 'comptage_dag' retrieved from /opt/airflow/dags/comptage_dag.py
[2026-09-25T14:17:39.208+0000] {logging_mixin.py:190} INFO - [2026-09-25T14:17:39.207+0000] {dag.py:3239} INFO - Sync 1 DAGs
[2026-09-25T14:17:40.226+0000] {logging_mixin.py:190} INFO - [2026-09-25T14:17:40.226+0000] {dag.py:4180} INFO - Setting next_dagrun for comptage_dag to 2026-09-25 00:00:00+00:00, run_after=2026-09-26 00:00:00+00:00
[2026-09-25T14:17:40.247+0000] {processor.py:208} INFO - Processing /opt/airflow/dags/comptage_dag.py took 1.227 seconds
[2026-09-25T14:18:10.428+0000] {processor.py:186} INFO - Started process (PID=100) to work on /opt/airflow/dags/comptage_dag.py
[2026-09-25T14:18:10.430+0000] {processor.py:914} INFO - Processing file /opt/airflow/dags/comptage_dag.py for tasks to queue
[2026-09-25T14:18:10.439+0000] {logging_mixin.py:190} INFO - [2026-09-25T14:18:10.438+0000] {dagbag.py:588} INFO - Filling up the DagBag from /opt/airflow/dags/comptage_dag.py
[2026-09-25T14:18:10.474+0000] {processor.py:925} INFO - DAG(s) 'comptage_dag' retrieved from /opt/airflow/dags/comptage_dag.py
[2026-09-25T14:18:11.010+0000] {logging_mixin.py:190} INFO - [2026-09-25T14:18:11.010+0000] {dag.py:3239} INFO - Sync 1 DAGs
[2026-09-25T14:18:11.026+0000] {logging_mixin.py:190} INFO - [2026-09-25T14:18:11.026+0000] {dag.py:4180} INFO - Setting next_dagrun for comptage_dag to 2026-09-25 00:00:00+00:00, run_after=2026-09-26 00:00:00+00:00
[2026-09-25T14:18:11.042+0000] {processor.py:208} INFO - Processing /opt/airflow/dags/comptage_dag.py took 0.622 seconds
[2026-09-25T14:18:41.213+0000] {processor.py:186} INFO - Started process (PID=125) to work on /opt/airflow/dags/comptage_dag.py
[2026-09-25T14:18:41.214+0000] {processor.py:914} INFO - Processing file /opt/airflow/dags/comptage_dag.py for tasks to queue
[2026-09-25T14:18:41.216+0000] {logging_mixin.py:190} INFO - [2026-09-25T14:18:41.216+0000] {dagbag.py:588} INFO - Filling up the DagBag from /opt/airflow/dags/comptage_dag.py
[2026-09-25T14:18:41.378+0000] {processor.py:925} INFO - DAG(s) 'comptage_dag' retrieved from /opt/airflow/dags/comptage_dag.py
[2026-09-25T14:18:41.391+0000] {logging_mixin.py:190} INFO - [2026-09-25T14:18:41.390+0000] {dag.py:3239} INFO - Sync 1 DAGs
[2026-09-25T14:18:41.404+0000] {logging_mixin.py:190} INFO - [2026-09-25T14:18:41.404+0000] {dag.py:4180} INFO - Setting next_dagrun for comptage_dag to 2026-09-25 00:00:00+00:00, run_after=2026-09-26 00:00:00+00:00
[2026-09-25T14:18:41.422+0000] {processor.py:208} INFO - Processing /opt/airflow/dags/comptage_dag.py took 0.213 seconds
[2026-09-25T14:19:11.738+0000] {processor.py:186} INFO - Started process (PID=142) to work on /opt/airflow/dags/comptage_dag.py
[2026-09-25T14:19:11.739+0000] {processor.py:914} INFO - Processing file /opt/airflow/dags/comptage_dag.py for tasks to queue
[2026-09-25T14:19:11.741+0000] {logging_mixin.py:190} INFO - [2026-09-25T14:19:11.741+0000] {dagbag.py:588} INFO - Filling up the DagBag from /opt/airflow/dags/comptage_dag.py
[2026-09-25T14:19:11.749+0000] {processor.py:925} INFO - DAG(s) 'comptage_dag' retrieved from /opt/airflow/dags/comptage_dag.py
[2026-09-25T14:19:11.767+0000] {logging_mixin.py:190} INFO - [2026-09-25T14:19:11.767+0000] {dag.py:3239} INFO - Sync 1 DAGs
[2026-09-25T14:19:11.783+0000] {logging_mixin.py:190} INFO - [2026-09-25T14:19:11.783+0000] {dag.py:4180} INFO - Setting next_dagrun for comptage_dag to 2026-09-25 00:00:00+00:00, run_after=2026-09-26 00:00:00+00:00
[2026-09-25T14:19:11.797+0000] {processor.py:208} INFO - Processing /opt/airflow/dags/comptage_dag.py took 0.069 seconds
[2026-09-25T14:19:41.893+0000] {processor.py:186} INFO - Started process (PID=159) to work on /opt/airflow/dags/comptage_dag.py
[2026-09-25T14:19:41.894+0000] {processor.py:914} INFO - Processing file /opt/airflow/dags/comptage_dag.py for tasks to queue
[2026-09-25T14:19:41.896+0000] {logging_mixin.py:190} INFO - [2026-09-25T14:19:41.896+0000] {dagbag.py:588} INFO - Filling up the DagBag from /opt/airflow/dags/comptage_dag.py
[2026-09-25T14:19:41.912+0000] {processor.py:925} INFO - DAG(s) 'comptage_dag' retrieved from /opt/airflow/dags/comptage_dag.py
[2026-09-25T14:19:41.951+0000] {logging_mixin.py:190} INFO - [2026-09-25T14:19:41.950+0000] {dag.py:3239} INFO - Sync 1 DAGs
[2026-09-25T14:19:41.996+0000] {logging_mixin.py:190} INFO - [2026-09-25T14:19:41.996+0000] {dag.py:4180} INFO - Setting next_dagrun for comptage_dag to 2026-09-25 00:00:00+00:00, run_after=2026-09-26 00:00:00+00:00
[2026-09-25T14:19:42.018+0000] {processor.py:208} INFO - Processing /opt/airflow/dags/comptage_dag.py took 0.130 seconds
[2026-09-25T14:20:12.090+0000] {processor.py:186} INFO - Started process (PID=184) to work on /opt/airflow/dags/comptage_dag.py
[2026-09-25T14:20:12.090+0000] {processor.py:914} INFO - Processing file /opt/airflow/dags/comptage_dag.py for tasks to queue
[2026-09-25T14:20:12.092+0000] {logging_mixin.py:190} INFO - [2026-09-25T14:20:12.092+0000] {dagbag.py:588} INFO - Filling up the DagBag from /opt/airflow/dags/comptage_dag.py
[2026-09-25T14:20:12.101+0000] {processor.py:925} INFO - DAG(s) 'comptage_dag' retrieved from /opt/airflow/dags/comptage_dag.py
[2026-09-25T14:20:12.119+0000] {logging_mixin.py:190} INFO - [2026-09-25T14:20:12.119+0000] {dag.py:3239} INFO - Sync 1 DAGs
[2026-09-25T14:20:12.135+0000] {logging_mixin.py:190} INFO - [2026-09-25T14:20:12.135+0000] {dag.py:4180} INFO - Setting next_dagrun for comptage_dag to 2026-09-25 00:00:00+00:00, run_after=2026-09-26 00:00:00+00:00
[2026-09-25T14:20:12.146+0000] {processor.py:208} INFO - Processing /opt/airflow/dags/comptage_dag.py took 0.060 seconds
[2026-09-25T14:20:42.322+0000] {processor.py:186} INFO - Started process (PID=202) to work on /opt/airflow/dags/comptage_dag.py
[2026-09-25T14:20:42.328+0000] {processor.py:914} INFO - Processing file /opt/airflow/dags/comptage_dag.py for tasks to queue
[2026-09-25T14:20:42.329+0000] {logging_mixin.py:190} INFO - [2026-09-25T14:20:42.329+0000] {dagbag.py:588} INFO - Filling up the DagBag from /opt/airflow/dags/comptage_dag.py
[2026-09-25T14:20:42.335+0000] {processor.py:925} INFO - DAG(s) 'comptage_dag' retrieved from /opt/airflow/dags/comptage_dag.py
[2026-09-25T14:20:42.348+0000] {logging_mixin.py:190} INFO - [2026-09-25T14:20:42.348+0000] {dag.py:3239} INFO - Sync 1 DAGs
[2026-09-25T14:20:42.363+0000] {logging_mixin.py:190} INFO - [2026-09-25T14:20:42.363+0000] {dag.py:4180} INFO - Setting next_dagrun for comptage_dag to 2026-09-25 00:00:00+00:00, run_after=2026-09-26 00:00:00+00:00
[2026-09-25T14:20:42.374+0000] {processor.py:208} INFO - Processing /opt/airflow/dags/comptage_dag.py took 0.055 seconds
[2026-09-25T14:21:12.500+0000] {processor.py:186} INFO - Started process (PID=226) to work on /opt/airflow/dags/comptage_dag.py
[2026-09-25T14:21:12.501+0000] {processor.py:914} INFO - Processing file /opt/airflow/dags/comptage_dag.py for tasks to queue
[2026-09-25T14:21:12.502+0000] {logging_mixin.py:190} INFO - [2026-09-25T14:21:12.502+0000] {dagbag.py:588} INFO - Filling up the DagBag from /opt/airflow/dags/comptage_dag.py
[2026-09-25T14:21:12.508+0000] {processor.py:925} INFO - DAG(s) 'comptage_dag' retrieved from /opt/airflow/dags/comptage_dag.py
[2026-09-25T14:21:12.521+0000] {logging_mixin.py:190} INFO - [2026-09-25T14:21:12.521+0000] {dag.py:3239} INFO - Sync 1 DAGs
[2026-09-25T14:21:12.537+0000] {logging_mixin.py:190} INFO - [2026-09-25T14:21:12.537+0000] {dag.py:4180} INFO - Setting next_dagrun for comptage_dag to 2026-09-25 00:00:00+00:00, run_after=2026-09-26 00:00:00+00:00
[2026-09-25T14:21:12.547+0000] {processor.py:208} INFO - Processing /opt/airflow/dags/comptage_dag.py took 0.051 seconds
[2026-09-25T14:21:42.682+0000] {processor.py:186} INFO - Started process (PID=243) to work on /opt/airflow/dags/comptage_dag.py
[2026-09-25T14:21:42.688+0000] {processor.py:914} INFO - Processing file /opt/airflow/dags/comptage_dag.py for tasks to queue
[2026-09-25T14:21:42.689+0000] {logging_mixin.py:190} INFO - [2026-09-25T14:21:42.689+0000] {dagbag.py:588} INFO - Filling up the DagBag from /opt/airflow/dags/comptage_dag.py
[2026-09-25T14:21:42.694+0000] {processor.py:925} INFO - DAG(s) 'comptage_dag' retrieved from /opt/airflow/dags/comptage_dag.py
[2026-09-25T14:21:42.707+0000] {logging_mixin.py:190} INFO - [2026-09-25T14:21:42.707+0000] {dag.py:3239} INFO - Sync 1 DAGs
[2026-09-25T14:21:42.722+0000] {logging_mixin.py:190} INFO - [2026-09-25T14:21:42.722+0000] {dag.py:4180} INFO - Setting next_dagrun for comptage_dag to 2026-09-25 00:00:00+00:00, run_after=2026-09-26 00:00:00+00:00
[2026-09-25T14:21:42.732+0000] {processor.py:208} INFO - Processing /opt/airflow/dags/comptage_dag.py took 0.055 seconds
[2026-09-25T14:22:12.835+0000] {processor.py:186} INFO - Started process (PID=268) to work on /opt/airflow/dags/comptage_dag.py
[2026-09-25T14:22:12.835+0000] {processor.py:914} INFO - Processing file /opt/airflow/dags/comptage_dag.py for tasks to queue
[2026-09-25T14:22:12.836+0000] {logging_mixin.py:190} INFO - [2026-09-25T14:22:12.836+0000] {dagbag.py:588} INFO - Filling up the DagBag from /opt/airflow/dags/comptage_dag.py
[2026-09-25T14:22:12.842+0000] {processor.py:925} INFO - DAG(s) 'comptage_dag' retrieved from /opt/airflow/dags/comptage_dag.py
[2026-09-25T14:22:12.856+0000] {logging_mixin.py:190} INFO - [2026-09-25T14:22:12.855+0000] {dag.py:3239} INFO - Sync 1 DAGs
[2026-09-25T14:22:12.870+0000] {logging_mixin.py:190} INFO - [2026-09-25T14:22:12.870+0000] {dag.py:4180} INFO - Setting next_dagrun for comptage_dag to 2026-09-25 00:00:00+00:00, run_after=2026-09-26 00:00:00+00:00
[2026-09-25T14:22:12.881+0000] {processor.py:208} INFO - Processing /opt/airflow/dags/comptage_dag.py took 0.052 seconds
[2026-09-25T14:22:43.003+0000] {processor.py:186} INFO - Started process (PID=285) to work on /opt/airflow/dags/comptage_dag.py
[2026-09-25T14:22:43.009+0000] {processor.py:914} INFO - Processing file /opt/airflow/dags/comptage_dag.py for tasks to queue
[2026-09-25T14:22:43.011+0000] {logging_mixin.py:190} INFO - [2026-09-25T14:22:43.010+0000] {dagbag.py:588} INFO - Filling up the DagBag from /opt/airflow/dags/comptage_dag.py
[2026-09-25T14:22:43.017+0000] {processor.py:925} INFO - DAG(s) 'comptage_dag' retrieved from /opt/airflow/dags/comptage_dag.py
[2026-09-25T14:22:43.032+0000] {logging_mixin.py:190} INFO - [2026-09-25T14:22:43.032+0000] {dag.py:3239} INFO - Sync 1 DAGs
[2026-09-25T14:22:43.050+0000] {logging_mixin.py:190} INFO - [2026-09-25T14:22:43.050+0000] {dag.py:4180} INFO - Setting next_dagrun for comptage_dag to 2026-09-25 00:00:00+00:00, run_after=2026-09-26 00:00:00+00:00
[2026-09-25T14:22:43.060+0000] {processor.py:208} INFO - Processing /opt/airflow/dags/comptage_dag.py took 0.061 seconds
[2026-09-25T14:23:13.130+0000] {processor.py:186} INFO - Started process (PID=309) to work on /opt/airflow/dags/comptage_dag.py
[2026-09-25T14:23:13.130+0000] {processor.py:914} INFO - Processing file /opt/airflow/dags/comptage_dag.py for tasks to queue
[2026-09-25T14:23:13.132+0000] {logging_mixin.py:190} INFO - [2026-09-25T14:23:13.132+0000] {dagbag.py:588} INFO - Filling up the DagBag from /opt/airflow/dags/comptage_dag.py
[2026-09-25T14:23:13.139+0000] {processor.py:925} INFO - DAG(s) 'comptage_dag' retrieved from /opt/airflow/dags/comptage_dag.py
[2026-09-25T14:23:13.159+0000] {logging_mixin.py:190} INFO - [2026-09-25T14:23:13.158+0000] {dag.py:3239} INFO - Sync 1 DAGs
[2026-09-25T14:23:13.186+0000] {logging_mixin.py:190} INFO - [2026-09-25T14:23:13.186+0000] {dag.py:4180} INFO - Setting next_dagrun for comptage_dag to 2026-09-25 00:00:00+00:00, run_after=2026-09-26 00:00:00+00:00
[2026-09-25T14:23:13.200+0000] {processor.py:208} INFO - Processing /opt/airflow/dags/comptage_dag.py took 0.074 seconds
[2026-09-25T14:23:43.349+0000] {processor.py:186} INFO - Started process (PID=327) to work on /opt/airflow/dags/comptage_dag.py
[2026-09-25T14:23:43.352+0000] {processor.py:914} INFO - Processing file /opt/airflow/dags/comptage_dag.py for tasks to queue
[2026-09-25T14:23:43.355+0000] {logging_mixin.py:190} INFO - [2026-09-25T14:23:43.354+0000] {dagbag.py:588} INFO - Filling up the DagBag from /opt/airflow/dags/comptage_dag.py
[2026-09-25T14:23:43.371+0000] {processor.py:925} INFO - DAG(s) 'comptage_dag' retrieved from /opt/airflow/dags/comptage_dag.py
[2026-09-25T14:23:43.407+0000] {logging_mixin.py:190} INFO - [2026-09-25T14:23:43.406+0000] {dag.py:3239} INFO - Sync 1 DAGs
[2026-09-25T14:23:43.451+0000] {logging_mixin.py:190} INFO - [2026-09-25T14:23:43.451+0000] {dag.py:4180} INFO - Setting next_dagrun for comptage_dag to 2026-09-25 00:00:00+00:00, run_after=2026-09-26 00:00:00+00:00
[2026-09-25T14:23:43.477+0000] {processor.py:208} INFO - Processing /opt/airflow/dags/comptage_dag.py took 0.139 seconds
[2026-09-25T14:24:13.510+0000] {processor.py:186} INFO - Started process (PID=344) to work on /opt/airflow/dags/comptage_dag.py
[2026-09-25T14:24:13.510+0000] {processor.py:914} INFO - Processing file /opt/airflow/dags/comptage_dag.py for tasks to queue
[2026-09-25T14:24:13.512+0000] {logging_mixin.py:190} INFO - [2026-09-25T14:24:13.512+0000] {dagbag.py:588} INFO - Filling up the DagBag from /opt/airflow/dags/comptage_dag.py
[2026-09-25T14:24:13.519+0000] {processor.py:925} INFO - DAG(s) 'comptage_dag' retrieved from /opt/airflow/dags/comptage_dag.py
[2026-09-25T14:24:13.534+0000] {logging_mixin.py:190} INFO - [2026-09-25T14:24:13.534+0000] {dag.py:3239} INFO - Sync 1 DAGs
[2026-09-25T14:24:13.551+0000] {logging_mixin.py:190} INFO - [2026-09-25T14:24:13.551+0000] {dag.py:4180} INFO - Setting next_dagrun for comptage_dag to 2026-09-25 00:00:00+00:00, run_after=2026-09-26 00:00:00+00:00
[2026-09-25T14:24:13.563+0000] {processor.py:208} INFO - Processing /opt/airflow/dags/comptage_dag.py took 0.057 seconds
[2026-09-25T14:24:43.664+0000] {processor.py:186} INFO - Started process (PID=368) to work on /opt/airflow/dags/comptage_dag.py
[2026-09-25T14:24:43.671+0000] {processor.py:914} INFO - Processing file /opt/airflow/dags/comptage_dag.py for tasks to queue
[2026-09-25T14:24:43.675+0000] {logging_mixin.py:190} INFO - [2026-09-25T14:24:43.674+0000] {dagbag.py:588} INFO - Filling up the DagBag from /opt/airflow/dags/comptage_dag.py
[2026-09-25T14:24:43.688+0000] {processor.py:925} INFO - DAG(s) 'comptage_dag' retrieved from /opt/airflow/dags/comptage_dag.py
[2026-09-25T14:24:43.721+0000] {logging_mixin.py:190} INFO - [2026-09-25T14:24:43.721+0000] {dag.py:3239} INFO - Sync 1 DAGs
[2026-09-25T14:24:43.765+0000] {logging_mixin.py:190} INFO - [2026-09-25T14:24:43.765+0000] {dag.py:4180} INFO - Setting next_dagrun for comptage_dag to 2026-09-25 00:00:00+00:00, run_after=2026-09-26 00:00:00+00:00
[2026-09-25T14:24:43.794+0000] {processor.py:208} INFO - Processing /opt/airflow/dags/comptage_dag.py took 0.138 seconds
[2026-09-25T14:25:13.890+0000] {processor.py:186} INFO - Started process (PID=386) to work on /opt/airflow/dags/comptage_dag.py
[2026-09-25T14:25:13.891+0000] {processor.py:914} INFO - Processing file /opt/airflow/dags/comptage_dag.py for tasks to queue
[2026-09-25T14:25:13.894+0000] {logging_mixin.py:190} INFO - [2026-09-25T14:25:13.894+0000] {dagbag.py:588} INFO - Filling up the DagBag from /opt/airflow/dags/comptage_dag.py
[2026-09-25T14:25:13.910+0000] {processor.py:925} INFO - DAG(s) 'comptage_dag' retrieved from /opt/airflow/dags/comptage_dag.py
[2026-09-25T14:25:13.937+0000] {logging_mixin.py:190} INFO - [2026-09-25T14:25:13.937+0000] {dag.py:3239} INFO - Sync 1 DAGs
[2026-09-25T14:25:13.965+0000] {logging_mixin.py:190} INFO - [2026-09-25T14:25:13.964+0000] {dag.py:4180} INFO - Setting next_dagrun for comptage_dag to 2026-09-25 00:00:00+00:00, run_after=2026-09-26 00:00:00+00:00
[2026-09-25T14:25:13.988+0000] {processor.py:208} INFO - Processing /opt/airflow/dags/comptage_dag.py took 0.108 seconds
[2026-09-25T14:25:44.155+0000] {processor.py:186} INFO - Started process (PID=403) to work on /opt/airflow/dags/comptage_dag.py
[2026-09-25T14:25:44.158+0000] {processor.py:914} INFO - Processing file /opt/airflow/dags/comptage_dag.py for tasks to queue
[2026-09-25T14:25:44.165+0000] {logging_mixin.py:190} INFO - [2026-09-25T14:25:44.164+0000] {dagbag.py:588} INFO - Filling up the DagBag from /opt/airflow/dags/comptage_dag.py
[2026-09-25T14:25:44.180+0000] {processor.py:925} INFO - DAG(s) 'comptage_dag' retrieved from /opt/airflow/dags/comptage_dag.py
[2026-09-25T14:25:44.205+0000] {logging_mixin.py:190} INFO - [2026-09-25T14:25:44.204+0000] {dag.py:3239} INFO - Sync 1 DAGs
[2026-09-25T14:25:44.228+0000] {logging_mixin.py:190} INFO - [2026-09-25T14:25:44.228+0000] {dag.py:4180} INFO - Setting next_dagrun for comptage_dag to 2026-09-25 00:00:00+00:00, run_after=2026-09-26 00:00:00+00:00
[2026-09-25T14:25:44.242+0000] {processor.py:208} INFO - Processing /opt/airflow/dags/comptage_dag.py took 0.099 seconds
[2026-09-25T14:26:14.334+0000] {processor.py:186} INFO - Started process (PID=420) to work on /opt/airflow/dags/comptage_dag.py
[2026-09-25T14:26:14.335+0000] {processor.py:914} INFO - Processing file /opt/airflow/dags/comptage_dag.py for tasks to queue
[2026-09-25T14:26:14.337+0000] {logging_mixin.py:190} INFO - [2026-09-25T14:26:14.337+0000] {dagbag.py:588} INFO - Filling up the DagBag from /opt/airflow/dags/comptage_dag.py
[2026-09-25T14:26:14.348+0000] {processor.py:925} INFO - DAG(s) 'comptage_dag' retrieved from /opt/airflow/dags/comptage_dag.py
[2026-09-25T14:26:14.369+0000] {logging_mixin.py:190} INFO - [2026-09-25T14:26:14.369+0000] {dag.py:3239} INFO - Sync 1 DAGs
[2026-09-25T14:26:14.390+0000] {logging_mixin.py:190} INFO - [2026-09-25T14:26:14.389+0000] {dag.py:4180} INFO - Setting next_dagrun for comptage_dag to 2026-09-25 00:00:00+00:00, run_after=2026-09-26 00:00:00+00:00
[2026-09-25T14:26:14.405+0000] {processor.py:208} INFO - Processing /opt/airflow/dags/comptage_dag.py took 0.079 seconds
[2026-09-25T14:26:44.533+0000] {processor.py:186} INFO - Started process (PID=443) to work on /opt/airflow/dags/comptage_dag.py
[2026-09-25T14:26:44.534+0000] {processor.py:914} INFO - Processing file /opt/airflow/dags/comptage_dag.py for tasks to queue
[2026-09-25T14:26:44.535+0000] {logging_mixin.py:190} INFO - [2026-09-25T14:26:44.535+0000] {dagbag.py:588} INFO - Filling up the DagBag from /opt/airflow/dags/comptage_dag.py
[2026-09-25T14:26:44.546+0000] {processor.py:925} INFO - DAG(s) 'comptage_dag' retrieved from /opt/airflow/dags/comptage_dag.py
[2026-09-25T14:26:44.567+0000] {logging_mixin.py:190} INFO - [2026-09-25T14:26:44.567+0000] {dag.py:3239} INFO - Sync 1 DAGs
[2026-09-25T14:26:44.586+0000] {logging_mixin.py:190} INFO - [2026-09-25T14:26:44.585+0000] {dag.py:4180} INFO - Setting next_dagrun for comptage_dag to 2026-09-25 00:00:00+00:00, run_after=2026-09-26 00:00:00+00:00
[2026-09-25T14:26:44.598+0000] {processor.py:208} INFO - Processing /opt/airflow/dags/comptage_dag.py took 0.070 seconds
[2026-09-25T14:27:14.705+0000] {processor.py:186} INFO - Started process (PID=461) to work on /opt/airflow/dags/comptage_dag.py
[2026-09-25T14:27:14.705+0000] {processor.py:914} INFO - Processing file /opt/airflow/dags/comptage_dag.py for tasks to queue
[2026-09-25T14:27:14.707+0000] {logging_mixin.py:190} INFO - [2026-09-25T14:27:14.707+0000] {dagbag.py:588} INFO - Filling up the DagBag from /opt/airflow/dags/comptage_dag.py
[2026-09-25T14:27:14.717+0000] {processor.py:925} INFO - DAG(s) 'comptage_dag' retrieved from /opt/airflow/dags/comptage_dag.py
[2026-09-25T14:27:14.735+0000] {logging_mixin.py:190} INFO - [2026-09-25T14:27:14.734+0000] {dag.py:3239} INFO - Sync 1 DAGs
[2026-09-25T14:27:14.750+0000] {logging_mixin.py:190} INFO - [2026-09-25T14:27:14.750+0000] {dag.py:4180} INFO - Setting next_dagrun for comptage_dag to 2026-09-25 00:00:00+00:00, run_after=2026-09-26 00:00:00+00:00
[2026-09-25T14:27:14.761+0000] {processor.py:208} INFO - Processing /opt/airflow/dags/comptage_dag.py took 0.061 seconds
[2026-09-25T14:27:44.902+0000] {processor.py:186} INFO - Started process (PID=478) to work on /opt/airflow/dags/comptage_dag.py
[2026-09-25T14:27:44.908+0000] {processor.py:914} INFO - Processing file /opt/airflow/dags/comptage_dag.py for tasks to queue
[2026-09-25T14:27:44.909+0000] {logging_mixin.py:190} INFO - [2026-09-25T14:27:44.909+0000] {dagbag.py:588} INFO - Filling up the DagBag from /opt/airflow/dags/comptage_dag.py
[2026-09-25T14:27:44.915+0000] {processor.py:925} INFO - DAG(s) 'comptage_dag' retrieved from /opt/airflow/dags/comptage_dag.py
[2026-09-25T14:27:44.930+0000] {logging_mixin.py:190} INFO - [2026-09-25T14:27:44.930+0000] {dag.py:3239} INFO - Sync 1 DAGs
[2026-09-25T14:27:44.947+0000] {logging_mixin.py:190} INFO - [2026-09-25T14:27:44.946+0000] {dag.py:4180} INFO - Setting next_dagrun for comptage_dag to 2026-09-25 00:00:00+00:00, run_after=2026-09-26 00:00:00+00:00
[2026-09-25T14:27:44.958+0000] {processor.py:208} INFO - Processing /opt/airflow/dags/comptage_dag.py took 0.060 seconds
[2026-09-25T14:28:15.043+0000] {processor.py:186} INFO - Started process (PID=503) to work on /opt/airflow/dags/comptage_dag.py
[2026-09-25T14:28:15.043+0000] {processor.py:914} INFO - Processing file /opt/airflow/dags/comptage_dag.py for tasks to queue
[2026-09-25T14:28:15.045+0000] {logging_mixin.py:190} INFO - [2026-09-25T14:28:15.045+0000] {dagbag.py:588} INFO - Filling up the DagBag from /opt/airflow/dags/comptage_dag.py
[2026-09-25T14:28:15.053+0000] {processor.py:925} INFO - DAG(s) 'comptage_dag' retrieved from /opt/airflow/dags/comptage_dag.py
[2026-09-25T14:28:15.069+0000] {logging_mixin.py:190} INFO - [2026-09-25T14:28:15.068+0000] {dag.py:3239} INFO - Sync 1 DAGs
[2026-09-25T14:28:15.086+0000] {logging_mixin.py:190} INFO - [2026-09-25T14:28:15.086+0000] {dag.py:4180} INFO - Setting next_dagrun for comptage_dag to 2026-09-25 00:00:00+00:00, run_after=2026-09-26 00:00:00+00:00
[2026-09-25T14:28:15.098+0000] {processor.py:208} INFO - Processing /opt/airflow/dags/comptage_dag.py took 0.062 seconds
[2026-09-25T14:28:45.253+0000] {processor.py:186} INFO - Started process (PID=520) to work on /opt/airflow/dags/comptage_dag.py
[2026-09-25T14:28:45.255+0000] {processor.py:914} INFO - Processing file /opt/airflow/dags/comptage_dag.py for tasks to queue
[2026-09-25T14:28:45.261+0000] {logging_mixin.py:190} INFO - [2026-09-25T14:28:45.260+0000] {dagbag.py:588} INFO - Filling up the DagBag from /opt/airflow/dags/comptage_dag.py
[2026-09-25T14:28:45.277+0000] {processor.py:925} INFO - DAG(s) 'comptage_dag' retrieved from /opt/airflow/dags/comptage_dag.py
[2026-09-25T14:28:45.310+0000] {logging_mixin.py:190} INFO - [2026-09-25T14:28:45.309+0000] {dag.py:3239} INFO - Sync 1 DAGs
[2026-09-25T14:28:45.346+0000] {logging_mixin.py:190} INFO - [2026-09-25T14:28:45.346+0000] {dag.py:4180} INFO - Setting next_dagrun for comptage_dag to 2026-09-25 00:00:00+00:00, run_after=2026-09-26 00:00:00+00:00
[2026-09-25T14:28:45.375+0000] {processor.py:208} INFO - Processing /opt/airflow/dags/comptage_dag.py took 0.135 seconds
[2026-09-25T14:29:15.532+0000] {processor.py:186} INFO - Started process (PID=544) to work on /opt/airflow/dags/comptage_dag.py
[2026-09-25T14:29:15.533+0000] {processor.py:914} INFO - Processing file /opt/airflow/dags/comptage_dag.py for tasks to queue
[2026-09-25T14:29:15.537+0000] {logging_mixin.py:190} INFO - [2026-09-25T14:29:15.537+0000] {dagbag.py:588} INFO - Filling up the DagBag from /opt/airflow/dags/comptage_dag.py
[2026-09-25T14:29:15.552+0000] {processor.py:925} INFO - DAG(s) 'comptage_dag' retrieved from /opt/airflow/dags/comptage_dag.py
[2026-09-25T14:29:15.590+0000] {logging_mixin.py:190} INFO - [2026-09-25T14:29:15.590+0000] {dag.py:3239} INFO - Sync 1 DAGs
[2026-09-25T14:29:15.619+0000] {logging_mixin.py:190} INFO - [2026-09-25T14:29:15.618+0000] {dag.py:4180} INFO - Setting next_dagrun for comptage_dag to 2026-09-25 00:00:00+00:00, run_after=2026-09-26 00:00:00+00:00
[2026-09-25T14:29:15.634+0000] {processor.py:208} INFO - Processing /opt/airflow/dags/comptage_dag.py took 0.109 seconds
[2026-09-25T14:29:45.668+0000] {processor.py:186} INFO - Started process (PID=562) to work on /opt/airflow/dags/comptage_dag.py
[2026-09-25T14:29:45.669+0000] {processor.py:914} INFO - Processing file /opt/airflow/dags/comptage_dag.py for tasks to queue
[2026-09-25T14:29:45.671+0000] {logging_mixin.py:190} INFO - [2026-09-25T14:29:45.671+0000] {dagbag.py:588} INFO - Filling up the DagBag from /opt/airflow/dags/comptage_dag.py
[2026-09-25T14:29:45.682+0000] {processor.py:925} INFO - DAG(s) 'comptage_dag' retrieved from /opt/airflow/dags/comptage_dag.py
[2026-09-25T14:29:45.703+0000] {logging_mixin.py:190} INFO - [2026-09-25T14:29:45.702+0000] {dag.py:3239} INFO - Sync 1 DAGs
[2026-09-25T14:29:45.724+0000] {logging_mixin.py:190} INFO - [2026-09-25T14:29:45.723+0000] {dag.py:4180} INFO - Setting next_dagrun for comptage_dag to 2026-09-25 00:00:00+00:00, run_after=2026-09-26 00:00:00+00:00
[2026-09-25T14:29:45.739+0000] {processor.py:208} INFO - Processing /opt/airflow/dags/comptage_dag.py took 0.076 seconds
[2026-09-25T14:30:15.790+0000] {processor.py:186} INFO - Started process (PID=579) to work on /opt/airflow/dags/comptage_dag.py
[2026-09-25T14:30:15.796+0000] {processor.py:914} INFO - Processing file /opt/airflow/dags/comptage_dag.py for tasks to queue
[2026-09-25T14:30:15.798+0000] {logging_mixin.py:190} INFO - [2026-09-25T14:30:15.797+0000] {dagbag.py:588} INFO - Filling up the DagBag from /opt/airflow/dags/comptage_dag.py
[2026-09-25T14:30:15.804+0000] {processor.py:925} INFO - DAG(s) 'comptage_dag' retrieved from /opt/airflow/dags/comptage_dag.py
[2026-09-25T14:30:15.819+0000] {logging_mixin.py:190} INFO - [2026-09-25T14:30:15.818+0000] {dag.py:3239} INFO - Sync 1 DAGs
[2026-09-25T14:30:15.834+0000] {logging_mixin.py:190} INFO - [2026-09-25T14:30:15.834+0000] {dag.py:4180} INFO - Setting next_dagrun for comptage_dag to 2026-09-25 00:00:00+00:00, run_after=2026-09-26 00:00:00+00:00
[2026-09-25T14:30:15.844+0000] {processor.py:208} INFO - Processing /opt/airflow/dags/comptage_dag.py took 0.058 seconds
[2026-09-25T14:30:46.743+0000] {processor.py:186} INFO - Started process (PID=596) to work on /opt/airflow/dags/comptage_dag.py
[2026-09-25T14:30:46.746+0000] {processor.py:914} INFO - Processing file /opt/airflow/dags/comptage_dag.py for tasks to queue
[2026-09-25T14:30:46.751+0000] {logging_mixin.py:190} INFO - [2026-09-25T14:30:46.749+0000] {dagbag.py:588} INFO - Filling up the DagBag from /opt/airflow/dags/comptage_dag.py
[2026-09-25T14:30:46.799+0000] {processor.py:925} INFO - DAG(s) 'comptage_dag' retrieved from /opt/airflow/dags/comptage_dag.py
[2026-09-25T14:30:46.890+0000] {logging_mixin.py:190} INFO - [2026-09-25T14:30:46.890+0000] {dag.py:3239} INFO - Sync 1 DAGs
[2026-09-25T14:30:46.937+0000] {logging_mixin.py:190} INFO - [2026-09-25T14:30:46.937+0000] {dag.py:4180} INFO - Setting next_dagrun for comptage_dag to 2026-09-25 00:00:00+00:00, run_after=2026-09-26 00:00:00+00:00
[2026-09-25T14:30:46.967+0000] {processor.py:208} INFO - Processing /opt/airflow/dags/comptage_dag.py took 0.242 seconds
[2026-09-25T14:31:17.187+0000] {processor.py:186} INFO - Started process (PID=621) to work on /opt/airflow/dags/comptage_dag.py
[2026-09-25T14:31:17.191+0000] {processor.py:914} INFO - Processing file /opt/airflow/dags/comptage_dag.py for tasks to queue
[2026-09-25T14:31:17.196+0000] {logging_mixin.py:190} INFO - [2026-09-25T14:31:17.196+0000] {dagbag.py:588} INFO - Filling up the DagBag from /opt/airflow/dags/comptage_dag.py
[2026-09-25T14:31:17.224+0000] {processor.py:925} INFO - DAG(s) 'comptage_dag' retrieved from /opt/airflow/dags/comptage_dag.py
[2026-09-25T14:31:17.283+0000] {logging_mixin.py:190} INFO - [2026-09-25T14:31:17.282+0000] {dag.py:3239} INFO - Sync 1 DAGs
[2026-09-25T14:31:17.344+0000] {logging_mixin.py:190} INFO - [2026-09-25T14:31:17.344+0000] {dag.py:4180} INFO - Setting next_dagrun for comptage_dag to 2026-09-25 00:00:00+00:00, run_after=2026-09-26 00:00:00+00:00
[2026-09-25T14:31:17.381+0000] {processor.py:208} INFO - Processing /opt/airflow/dags/comptage_dag.py took 0.208 seconds
[2026-09-25T14:31:47.530+0000] {processor.py:186} INFO - Started process (PID=637) to work on /opt/airflow/dags/comptage_dag.py
[2026-09-25T14:31:47.533+0000] {processor.py:914} INFO - Processing file /opt/airflow/dags/comptage_dag.py for tasks to queue
[2026-09-25T14:31:47.550+0000] {logging_mixin.py:190} INFO - [2026-09-25T14:31:47.546+0000] {dagbag.py:588} INFO - Filling up the DagBag from /opt/airflow/dags/comptage_dag.py
[2026-09-25T14:31:47.654+0000] {processor.py:925} INFO - DAG(s) 'comptage_dag' retrieved from /opt/airflow/dags/comptage_dag.py
[2026-09-25T14:31:47.966+0000] {logging_mixin.py:190} INFO - [2026-09-25T14:31:47.963+0000] {dag.py:3239} INFO - Sync 1 DAGs
[2026-09-25T14:31:48.099+0000] {logging_mixin.py:190} INFO - [2026-09-25T14:31:48.098+0000] {dag.py:4180} INFO - Setting next_dagrun for comptage_dag to 2026-09-25 00:00:00+00:00, run_after=2026-09-26 00:00:00+00:00
[2026-09-25T14:31:48.162+0000] {processor.py:208} INFO - Processing /opt/airflow/dags/comptage_dag.py took 0.676 seconds
[2026-09-25T14:32:18.386+0000] {processor.py:186} INFO - Started process (PID=655) to work on /opt/airflow/dags/comptage_dag.py
[2026-09-25T14:32:18.386+0000] {processor.py:914} INFO - Processing file /opt/airflow/dags/comptage_dag.py for tasks to queue
[2026-09-25T14:32:18.388+0000] {logging_mixin.py:190} INFO - [2026-09-25T14:32:18.388+0000] {dagbag.py:588} INFO - Filling up the DagBag from /opt/airflow/dags/comptage_dag.py
[2026-09-25T14:32:18.397+0000] {processor.py:925} INFO - DAG(s) 'comptage_dag' retrieved from /opt/airflow/dags/comptage_dag.py
[2026-09-25T14:32:18.417+0000] {logging_mixin.py:190} INFO - [2026-09-25T14:32:18.417+0000] {dag.py:3239} INFO - Sync 1 DAGs
[2026-09-25T14:32:18.448+0000] {logging_mixin.py:190} INFO - [2026-09-25T14:32:18.448+0000] {dag.py:4180} INFO - Setting next_dagrun for comptage_dag to 2026-09-25 00:00:00+00:00, run_after=2026-09-26 00:00:00+00:00
[2026-09-25T14:32:18.467+0000] {processor.py:208} INFO - Processing /opt/airflow/dags/comptage_dag.py took 0.086 seconds
[2026-09-25T14:32:48.554+0000] {processor.py:186} INFO - Started process (PID=672) to work on /opt/airflow/dags/comptage_dag.py
[2026-09-25T14:32:48.555+0000] {processor.py:914} INFO - Processing file /opt/airflow/dags/comptage_dag.py for tasks to queue
[2026-09-25T14:32:48.558+0000] {logging_mixin.py:190} INFO - [2026-09-25T14:32:48.558+0000] {dagbag.py:588} INFO - Filling up the DagBag from /opt/airflow/dags/comptage_dag.py
[2026-09-25T14:32:48.571+0000] {processor.py:925} INFO - DAG(s) 'comptage_dag' retrieved from /opt/airflow/dags/comptage_dag.py
[2026-09-25T14:32:48.598+0000] {logging_mixin.py:190} INFO - [2026-09-25T14:32:48.597+0000] {dag.py:3239} INFO - Sync 1 DAGs
[2026-09-25T14:32:48.618+0000] {logging_mixin.py:190} INFO - [2026-09-25T14:32:48.617+0000] {dag.py:4180} INFO - Setting next_dagrun for comptage_dag to 2026-09-25 00:00:00+00:00, run_after=2026-09-26 00:00:00+00:00
[2026-09-25T14:32:48.629+0000] {processor.py:208} INFO - Processing /opt/airflow/dags/comptage_dag.py took 0.083 seconds
[2026-09-25T14:33:18.788+0000] {processor.py:186} INFO - Started process (PID=696) to work on /opt/airflow/dags/comptage_dag.py
[2026-09-25T14:33:18.793+0000] {processor.py:914} INFO - Processing file /opt/airflow/dags/comptage_dag.py for tasks to queue
[2026-09-25T14:33:18.795+0000] {logging_mixin.py:190} INFO - [2026-09-25T14:33:18.795+0000] {dagbag.py:588} INFO - Filling up the DagBag from /opt/airflow/dags/comptage_dag.py
[2026-09-25T14:33:18.802+0000] {processor.py:925} INFO - DAG(s) 'comptage_dag' retrieved from /opt/airflow/dags/comptage_dag.py
[2026-09-25T14:33:18.817+0000] {logging_mixin.py:190} INFO - [2026-09-25T14:33:18.817+0000] {dag.py:3239} INFO - Sync 1 DAGs
[2026-09-25T14:33:18.835+0000] {logging_mixin.py:190} INFO - [2026-09-25T14:33:18.835+0000] {dag.py:4180} INFO - Setting next_dagrun for comptage_dag to 2026-09-25 00:00:00+00:00, run_after=2026-09-26 00:00:00+00:00
[2026-09-25T14:33:18.846+0000] {processor.py:208} INFO - Processing /opt/airflow/dags/comptage_dag.py took 0.062 seconds
[2026-09-25T14:33:48.968+0000] {processor.py:186} INFO - Started process (PID=713) to work on /opt/airflow/dags/comptage_dag.py
[2026-09-25T14:33:48.968+0000] {processor.py:914} INFO - Processing file /opt/airflow/dags/comptage_dag.py for tasks to queue
[2026-09-25T14:33:48.970+0000] {logging_mixin.py:190} INFO - [2026-09-25T14:33:48.970+0000] {dagbag.py:588} INFO - Filling up the DagBag from /opt/airflow/dags/comptage_dag.py
[2026-09-25T14:33:48.976+0000] {processor.py:925} INFO - DAG(s) 'comptage_dag' retrieved from /opt/airflow/dags/comptage_dag.py
[2026-09-25T14:33:48.990+0000] {logging_mixin.py:190} INFO - [2026-09-25T14:33:48.990+0000] {dag.py:3239} INFO - Sync 1 DAGs
[2026-09-25T14:33:49.007+0000] {logging_mixin.py:190} INFO - [2026-09-25T14:33:49.007+0000] {dag.py:4180} INFO - Setting next_dagrun for comptage_dag to 2026-09-25 00:00:00+00:00, run_after=2026-09-26 00:00:00+00:00
[2026-09-25T14:33:49.018+0000] {processor.py:208} INFO - Processing /opt/airflow/dags/comptage_dag.py took 0.056 seconds
[2026-09-25T14:34:19.123+0000] {processor.py:186} INFO - Started process (PID=738) to work on /opt/airflow/dags/comptage_dag.py
[2026-09-25T14:34:19.124+0000] {processor.py:914} INFO - Processing file /opt/airflow/dags/comptage_dag.py for tasks to queue
[2026-09-25T14:34:19.127+0000] {logging_mixin.py:190} INFO - [2026-09-25T14:34:19.126+0000] {dagbag.py:588} INFO - Filling up the DagBag from /opt/airflow/dags/comptage_dag.py
[2026-09-25T14:34:19.136+0000] {processor.py:925} INFO - DAG(s) 'comptage_dag' retrieved from /opt/airflow/dags/comptage_dag.py
[2026-09-25T14:34:19.153+0000] {logging_mixin.py:190} INFO - [2026-09-25T14:34:19.153+0000] {dag.py:3239} INFO - Sync 1 DAGs
[2026-09-25T14:34:19.173+0000] {logging_mixin.py:190} INFO - [2026-09-25T14:34:19.173+0000] {dag.py:4180} INFO - Setting next_dagrun for comptage_dag to 2026-09-25 00:00:00+00:00, run_after=2026-09-26 00:00:00+00:00
[2026-09-25T14:34:19.186+0000] {processor.py:208} INFO - Processing /opt/airflow/dags/comptage_dag.py took 0.067 seconds
[2026-09-25T14:34:49.300+0000] {processor.py:186} INFO - Started process (PID=756) to work on /opt/airflow/dags/comptage_dag.py
[2026-09-25T14:34:49.300+0000] {processor.py:914} INFO - Processing file /opt/airflow/dags/comptage_dag.py for tasks to queue
[2026-09-25T14:34:49.302+0000] {logging_mixin.py:190} INFO - [2026-09-25T14:34:49.302+0000] {dagbag.py:588} INFO - Filling up the DagBag from /opt/airflow/dags/comptage_dag.py
[2026-09-25T14:34:49.308+0000] {processor.py:925} INFO - DAG(s) 'comptage_dag' retrieved from /opt/airflow/dags/comptage_dag.py
[2026-09-25T14:34:49.322+0000] {logging_mixin.py:190} INFO - [2026-09-25T14:34:49.321+0000] {dag.py:3239} INFO - Sync 1 DAGs
[2026-09-25T14:34:49.337+0000] {logging_mixin.py:190} INFO - [2026-09-25T14:34:49.337+0000] {dag.py:4180} INFO - Setting next_dagrun for comptage_dag to 2026-09-25 00:00:00+00:00, run_after=2026-09-26 00:00:00+00:00
[2026-09-25T14:34:49.348+0000] {processor.py:208} INFO - Processing /opt/airflow/dags/comptage_dag.py took 0.052 seconds
[2026-09-25T14:35:19.489+0000] {processor.py:186} INFO - Started process (PID=781) to work on /opt/airflow/dags/comptage_dag.py
[2026-09-25T14:35:19.489+0000] {processor.py:914} INFO - Processing file /opt/airflow/dags/comptage_dag.py for tasks to queue
[2026-09-25T14:35:19.491+0000] {logging_mixin.py:190} INFO - [2026-09-25T14:35:19.490+0000] {dagbag.py:588} INFO - Filling up the DagBag from /opt/airflow/dags/comptage_dag.py
[2026-09-25T14:35:19.498+0000] {processor.py:925} INFO - DAG(s) 'comptage_dag' retrieved from /opt/airflow/dags/comptage_dag.py
[2026-09-25T14:35:19.514+0000] {logging_mixin.py:190} INFO - [2026-09-25T14:35:19.513+0000] {dag.py:3239} INFO - Sync 1 DAGs
[2026-09-25T14:35:19.531+0000] {logging_mixin.py:190} INFO - [2026-09-25T14:35:19.530+0000] {dag.py:4180} INFO - Setting next_dagrun for comptage_dag to 2026-09-25 00:00:00+00:00, run_after=2026-09-26 00:00:00+00:00
[2026-09-25T14:35:19.542+0000] {processor.py:208} INFO - Processing /opt/airflow/dags/comptage_dag.py took 0.059 seconds
[2026-09-25T14:35:49.710+0000] {processor.py:186} INFO - Started process (PID=799) to work on /opt/airflow/dags/comptage_dag.py
[2026-09-25T14:35:49.716+0000] {processor.py:914} INFO - Processing file /opt/airflow/dags/comptage_dag.py for tasks to queue
[2026-09-25T14:35:49.717+0000] {logging_mixin.py:190} INFO - [2026-09-25T14:35:49.717+0000] {dagbag.py:588} INFO - Filling up the DagBag from /opt/airflow/dags/comptage_dag.py
[2026-09-25T14:35:49.724+0000] {processor.py:925} INFO - DAG(s) 'comptage_dag' retrieved from /opt/airflow/dags/comptage_dag.py
[2026-09-25T14:35:49.741+0000] {logging_mixin.py:190} INFO - [2026-09-25T14:35:49.741+0000] {dag.py:3239} INFO - Sync 1 DAGs
[2026-09-25T14:35:49.760+0000] {logging_mixin.py:190} INFO - [2026-09-25T14:35:49.759+0000] {dag.py:4180} INFO - Setting next_dagrun for comptage_dag to 2026-09-25 00:00:00+00:00, run_after=2026-09-26 00:00:00+00:00
[2026-09-25T14:35:49.770+0000] {processor.py:208} INFO - Processing /opt/airflow/dags/comptage_dag.py took 0.066 seconds
[2026-09-25T14:36:19.899+0000] {processor.py:186} INFO - Started process (PID=816) to work on /opt/airflow/dags/comptage_dag.py
[2026-09-25T14:36:19.899+0000] {processor.py:914} INFO - Processing file /opt/airflow/dags/comptage_dag.py for tasks to queue
[2026-09-25T14:36:19.901+0000] {logging_mixin.py:190} INFO - [2026-09-25T14:36:19.901+0000] {dagbag.py:588} INFO - Filling up the DagBag from /opt/airflow/dags/comptage_dag.py
[2026-09-25T14:36:19.907+0000] {processor.py:925} INFO - DAG(s) 'comptage_dag' retrieved from /opt/airflow/dags/comptage_dag.py
[2026-09-25T14:36:19.922+0000] {logging_mixin.py:190} INFO - [2026-09-25T14:36:19.922+0000] {dag.py:3239} INFO - Sync 1 DAGs
[2026-09-25T14:36:19.937+0000] {logging_mixin.py:190} INFO - [2026-09-25T14:36:19.937+0000] {dag.py:4180} INFO - Setting next_dagrun for comptage_dag to 2026-09-25 00:00:00+00:00, run_after=2026-09-26 00:00:00+00:00
[2026-09-25T14:36:19.948+0000] {processor.py:208} INFO - Processing /opt/airflow/dags/comptage_dag.py took 0.055 seconds
[2026-09-25T14:36:50.083+0000] {processor.py:186} INFO - Started process (PID=841) to work on /opt/airflow/dags/comptage_dag.py
[2026-09-25T14:36:50.084+0000] {processor.py:914} INFO - Processing file /opt/airflow/dags/comptage_dag.py for tasks to queue
[2026-09-25T14:36:50.086+0000] {logging_mixin.py:190} INFO - [2026-09-25T14:36:50.085+0000] {dagbag.py:588} INFO - Filling up the DagBag from /opt/airflow/dags/comptage_dag.py
[2026-09-25T14:36:50.094+0000] {processor.py:925} INFO - DAG(s) 'comptage_dag' retrieved from /opt/airflow/dags/comptage_dag.py
[2026-09-25T14:36:50.110+0000] {logging_mixin.py:190} INFO - [2026-09-25T14:36:50.110+0000] {dag.py:3239} INFO - Sync 1 DAGs
[2026-09-25T14:36:50.132+0000] {logging_mixin.py:190} INFO - [2026-09-25T14:36:50.131+0000] {dag.py:4180} INFO - Setting next_dagrun for comptage_dag to 2026-09-25 00:00:00+00:00, run_after=2026-09-26 00:00:00+00:00
[2026-09-25T14:36:50.143+0000] {processor.py:208} INFO - Processing /opt/airflow/dags/comptage_dag.py took 0.065 seconds
[2026-09-25T14:37:20.279+0000] {processor.py:186} INFO - Started process (PID=858) to work on /opt/airflow/dags/comptage_dag.py
[2026-09-25T14:37:20.279+0000] {processor.py:914} INFO - Processing file /opt/airflow/dags/comptage_dag.py for tasks to queue
[2026-09-25T14:37:20.281+0000] {logging_mixin.py:190} INFO - [2026-09-25T14:37:20.281+0000] {dagbag.py:588} INFO - Filling up the DagBag from /opt/airflow/dags/comptage_dag.py
[2026-09-25T14:37:20.287+0000] {processor.py:925} INFO - DAG(s) 'comptage_dag' retrieved from /opt/airflow/dags/comptage_dag.py
[2026-09-25T14:37:20.301+0000] {logging_mixin.py:190} INFO - [2026-09-25T14:37:20.301+0000] {dag.py:3239} INFO - Sync 1 DAGs
[2026-09-25T14:37:20.316+0000] {logging_mixin.py:190} INFO - [2026-09-25T14:37:20.316+0000] {dag.py:4180} INFO - Setting next_dagrun for comptage_dag to 2026-09-25 00:00:00+00:00, run_after=2026-09-26 00:00:00+00:00
[2026-09-25T14:37:20.327+0000] {processor.py:208} INFO - Processing /opt/airflow/dags/comptage_dag.py took 0.054 seconds
[2026-09-25T14:37:50.470+0000] {processor.py:186} INFO - Started process (PID=883) to work on /opt/airflow/dags/comptage_dag.py
[2026-09-25T14:37:50.476+0000] {processor.py:914} INFO - Processing file /opt/airflow/dags/comptage_dag.py for tasks to queue
[2026-09-25T14:37:50.480+0000] {logging_mixin.py:190} INFO - [2026-09-25T14:37:50.480+0000] {dagbag.py:588} INFO - Filling up the DagBag from /opt/airflow/dags/comptage_dag.py
[2026-09-25T14:37:50.490+0000] {processor.py:925} INFO - DAG(s) 'comptage_dag' retrieved from /opt/airflow/dags/comptage_dag.py
[2026-09-25T14:37:50.503+0000] {logging_mixin.py:190} INFO - [2026-09-25T14:37:50.503+0000] {dag.py:3239} INFO - Sync 1 DAGs
[2026-09-25T14:37:50.519+0000] {logging_mixin.py:190} INFO - [2026-09-25T14:37:50.519+0000] {dag.py:4180} INFO - Setting next_dagrun for comptage_dag to 2026-09-25 00:00:00+00:00, run_after=2026-09-26 00:00:00+00:00
[2026-09-25T14:37:50.530+0000] {processor.py:208} INFO - Processing /opt/airflow/dags/comptage_dag.py took 0.068 seconds
[2026-09-25T14:38:20.642+0000] {processor.py:186} INFO - Started process (PID=900) to work on /opt/airflow/dags/comptage_dag.py
[2026-09-25T14:38:20.643+0000] {processor.py:914} INFO - Processing file /opt/airflow/dags/comptage_dag.py for tasks to queue
[2026-09-25T14:38:20.645+0000] {logging_mixin.py:190} INFO - [2026-09-25T14:38:20.644+0000] {dagbag.py:588} INFO - Filling up the DagBag from /opt/airflow/dags/comptage_dag.py
[2026-09-25T14:38:20.650+0000] {processor.py:925} INFO - DAG(s) 'comptage_dag' retrieved from /opt/airflow/dags/comptage_dag.py
[2026-09-25T14:38:20.667+0000] {logging_mixin.py:190} INFO - [2026-09-25T14:38:20.667+0000] {dag.py:3239} INFO - Sync 1 DAGs
[2026-09-25T14:38:20.683+0000] {logging_mixin.py:190} INFO - [2026-09-25T14:38:20.683+0000] {dag.py:4180} INFO - Setting next_dagrun for comptage_dag to 2026-09-25 00:00:00+00:00, run_after=2026-09-26 00:00:00+00:00
[2026-09-25T14:38:20.693+0000] {processor.py:208} INFO - Processing /opt/airflow/dags/comptage_dag.py took 0.056 seconds
[2026-09-25T14:38:50.870+0000] {processor.py:186} INFO - Started process (PID=925) to work on /opt/airflow/dags/comptage_dag.py
[2026-09-25T14:38:50.870+0000] {processor.py:914} INFO - Processing file /opt/airflow/dags/comptage_dag.py for tasks to queue
[2026-09-25T14:38:50.872+0000] {logging_mixin.py:190} INFO - [2026-09-25T14:38:50.872+0000] {dagbag.py:588} INFO - Filling up the DagBag from /opt/airflow/dags/comptage_dag.py
[2026-09-25T14:38:50.878+0000] {processor.py:925} INFO - DAG(s) 'comptage_dag' retrieved from /opt/airflow/dags/comptage_dag.py
[2026-09-25T14:38:50.893+0000] {logging_mixin.py:190} INFO - [2026-09-25T14:38:50.892+0000] {dag.py:3239} INFO - Sync 1 DAGs
[2026-09-25T14:38:50.908+0000] {logging_mixin.py:190} INFO - [2026-09-25T14:38:50.908+0000] {dag.py:4180} INFO - Setting next_dagrun for comptage_dag to 2026-09-25 00:00:00+00:00, run_after=2026-09-26 00:00:00+00:00
[2026-09-25T14:38:50.919+0000] {processor.py:208} INFO - Processing /opt/airflow/dags/comptage_dag.py took 0.054 seconds
[2026-09-25T14:39:21.052+0000] {processor.py:186} INFO - Started process (PID=942) to work on /opt/airflow/dags/comptage_dag.py
[2026-09-25T14:39:21.052+0000] {processor.py:914} INFO - Processing file /opt/airflow/dags/comptage_dag.py for tasks to queue
[2026-09-25T14:39:21.053+0000] {logging_mixin.py:190} INFO - [2026-09-25T14:39:21.053+0000] {dagbag.py:588} INFO - Filling up the DagBag from /opt/airflow/dags/comptage_dag.py
[2026-09-25T14:39:21.062+0000] {processor.py:925} INFO - DAG(s) 'comptage_dag' retrieved from /opt/airflow/dags/comptage_dag.py
[2026-09-25T14:39:21.078+0000] {logging_mixin.py:190} INFO - [2026-09-25T14:39:21.078+0000] {dag.py:3239} INFO - Sync 1 DAGs
[2026-09-25T14:39:21.093+0000] {logging_mixin.py:190} INFO - [2026-09-25T14:39:21.093+0000] {dag.py:4180} INFO - Setting next_dagrun for comptage_dag to 2026-09-25 00:00:00+00:00, run_after=2026-09-26 00:00:00+00:00
[2026-09-25T14:39:21.103+0000] {processor.py:208} INFO - Processing /opt/airflow/dags/comptage_dag.py took 0.059 seconds
[2026-09-25T14:39:51.283+0000] {processor.py:186} INFO - Started process (PID=967) to work on /opt/airflow/dags/comptage_dag.py
[2026-09-25T14:39:51.283+0000] {processor.py:914} INFO - Processing file /opt/airflow/dags/comptage_dag.py for tasks to queue
[2026-09-25T14:39:51.285+0000] {logging_mixin.py:190} INFO - [2026-09-25T14:39:51.285+0000] {dagbag.py:588} INFO - Filling up the DagBag from /opt/airflow/dags/comptage_dag.py
[2026-09-25T14:39:51.292+0000] {processor.py:925} INFO - DAG(s) 'comptage_dag' retrieved from /opt/airflow/dags/comptage_dag.py
[2026-09-25T14:39:51.308+0000] {logging_mixin.py:190} INFO - [2026-09-25T14:39:51.308+0000] {dag.py:3239} INFO - Sync 1 DAGs
[2026-09-25T14:39:51.323+0000] {logging_mixin.py:190} INFO - [2026-09-25T14:39:51.323+0000] {dag.py:4180} INFO - Setting next_dagrun for comptage_dag to 2026-09-25 00:00:00+00:00, run_after=2026-09-26 00:00:00+00:00
[2026-09-25T14:39:51.334+0000] {processor.py:208} INFO - Processing /opt/airflow/dags/comptage_dag.py took 0.060 seconds
[2026-09-25T14:40:21.516+0000] {processor.py:186} INFO - Started process (PID=985) to work on /opt/airflow/dags/comptage_dag.py
[2026-09-25T14:40:21.517+0000] {processor.py:914} INFO - Processing file /opt/airflow/dags/comptage_dag.py for tasks to queue
[2026-09-25T14:40:21.518+0000] {logging_mixin.py:190} INFO - [2026-09-25T14:40:21.518+0000] {dagbag.py:588} INFO - Filling up the DagBag from /opt/airflow/dags/comptage_dag.py
[2026-09-25T14:40:21.525+0000] {processor.py:925} INFO - DAG(s) 'comptage_dag' retrieved from /opt/airflow/dags/comptage_dag.py
[2026-09-25T14:40:21.541+0000] {logging_mixin.py:190} INFO - [2026-09-25T14:40:21.541+0000] {dag.py:3239} INFO - Sync 1 DAGs
[2026-09-25T14:40:21.557+0000] {logging_mixin.py:190} INFO - [2026-09-25T14:40:21.556+0000] {dag.py:4180} INFO - Setting next_dagrun for comptage_dag to 2026-09-25 00:00:00+00:00, run_after=2026-09-26 00:00:00+00:00
[2026-09-25T14:40:21.567+0000] {processor.py:208} INFO - Processing /opt/airflow/dags/comptage_dag.py took 0.057 seconds
[2026-09-25T14:40:51.725+0000] {processor.py:186} INFO - Started process (PID=1010) to work on /opt/airflow/dags/comptage_dag.py
[2026-09-25T14:40:51.731+0000] {processor.py:914} INFO - Processing file /opt/airflow/dags/comptage_dag.py for tasks to queue
[2026-09-25T14:40:51.733+0000] {logging_mixin.py:190} INFO - [2026-09-25T14:40:51.732+0000] {dagbag.py:588} INFO - Filling up the DagBag from /opt/airflow/dags/comptage_dag.py
[2026-09-25T14:40:51.739+0000] {processor.py:925} INFO - DAG(s) 'comptage_dag' retrieved from /opt/airflow/dags/comptage_dag.py
[2026-09-25T14:40:51.754+0000] {logging_mixin.py:190} INFO - [2026-09-25T14:40:51.754+0000] {dag.py:3239} INFO - Sync 1 DAGs
[2026-09-25T14:40:51.770+0000] {logging_mixin.py:190} INFO - [2026-09-25T14:40:51.770+0000] {dag.py:4180} INFO - Setting next_dagrun for comptage_dag to 2026-09-25 00:00:00+00:00, run_after=2026-09-26 00:00:00+00:00
[2026-09-25T14:40:51.780+0000] {processor.py:208} INFO - Processing /opt/airflow/dags/comptage_dag.py took 0.059 seconds
[2026-09-25T14:41:21.938+0000] {processor.py:186} INFO - Started process (PID=1028) to work on /opt/airflow/dags/comptage_dag.py
[2026-09-25T14:41:21.939+0000] {processor.py:914} INFO - Processing file /opt/airflow/dags/comptage_dag.py for tasks to queue
[2026-09-25T14:41:21.942+0000] {logging_mixin.py:190} INFO - [2026-09-25T14:41:21.941+0000] {dagbag.py:588} INFO - Filling up the DagBag from /opt/airflow/dags/comptage_dag.py
[2026-09-25T14:41:21.950+0000] {processor.py:925} INFO - DAG(s) 'comptage_dag' retrieved from /opt/airflow/dags/comptage_dag.py
[2026-09-25T14:41:21.964+0000] {logging_mixin.py:190} INFO - [2026-09-25T14:41:21.964+0000] {dag.py:3239} INFO - Sync 1 DAGs
[2026-09-25T14:41:21.979+0000] {logging_mixin.py:190} INFO - [2026-09-25T14:41:21.979+0000] {dag.py:4180} INFO - Setting next_dagrun for comptage_dag to 2026-09-25 00:00:00+00:00, run_after=2026-09-26 00:00:00+00:00
[2026-09-25T14:41:21.989+0000] {processor.py:208} INFO - Processing /opt/airflow/dags/comptage_dag.py took 0.059 seconds
[2026-09-25T14:41:52.122+0000] {processor.py:186} INFO - Started process (PID=1053) to work on /opt/airflow/dags/comptage_dag.py
[2026-09-25T14:41:52.123+0000] {processor.py:914} INFO - Processing file /opt/airflow/dags/comptage_dag.py for tasks to queue
[2026-09-25T14:41:52.127+0000] {logging_mixin.py:190} INFO - [2026-09-25T14:41:52.126+0000] {dagbag.py:588} INFO - Filling up the DagBag from /opt/airflow/dags/comptage_dag.py
[2026-09-25T14:41:52.137+0000] {processor.py:925} INFO - DAG(s) 'comptage_dag' retrieved from /opt/airflow/dags/comptage_dag.py
[2026-09-25T14:41:52.165+0000] {logging_mixin.py:190} INFO - [2026-09-25T14:41:52.164+0000] {dag.py:3239} INFO - Sync 1 DAGs
[2026-09-25T14:41:52.199+0000] {logging_mixin.py:190} INFO - [2026-09-25T14:41:52.199+0000] {dag.py:4180} INFO - Setting next_dagrun for comptage_dag to 2026-09-25 00:00:00+00:00, run_after=2026-09-26 00:00:00+00:00
[2026-09-25T14:41:52.229+0000] {processor.py:208} INFO - Processing /opt/airflow/dags/comptage_dag.py took 0.113 seconds
[2026-09-25T14:42:22.331+0000] {processor.py:186} INFO - Started process (PID=1071) to work on /opt/airflow/dags/comptage_dag.py
[2026-09-25T14:42:22.337+0000] {processor.py:914} INFO - Processing file /opt/airflow/dags/comptage_dag.py for tasks to queue
[2026-09-25T14:42:22.341+0000] {logging_mixin.py:190} INFO - [2026-09-25T14:42:22.341+0000] {dagbag.py:588} INFO - Filling up the DagBag from /opt/airflow/dags/comptage_dag.py
[2026-09-25T14:42:22.350+0000] {processor.py:925} INFO - DAG(s) 'comptage_dag' retrieved from /opt/airflow/dags/comptage_dag.py
[2026-09-25T14:42:22.367+0000] {logging_mixin.py:190} INFO - [2026-09-25T14:42:22.366+0000] {dag.py:3239} INFO - Sync 1 DAGs
[2026-09-25T14:42:22.383+0000] {logging_mixin.py:190} INFO - [2026-09-25T14:42:22.383+0000] {dag.py:4180} INFO - Setting next_dagrun for comptage_dag to 2026-09-25 00:00:00+00:00, run_after=2026-09-26 00:00:00+00:00
[2026-09-25T14:42:22.393+0000] {processor.py:208} INFO - Processing /opt/airflow/dags/comptage_dag.py took 0.074 seconds
[2026-09-25T14:42:52.575+0000] {processor.py:186} INFO - Started process (PID=1088) to work on /opt/airflow/dags/comptage_dag.py
[2026-09-25T14:42:52.576+0000] {processor.py:914} INFO - Processing file /opt/airflow/dags/comptage_dag.py for tasks to queue
[2026-09-25T14:42:52.578+0000] {logging_mixin.py:190} INFO - [2026-09-25T14:42:52.578+0000] {dagbag.py:588} INFO - Filling up the DagBag from /opt/airflow/dags/comptage_dag.py
[2026-09-25T14:42:52.585+0000] {processor.py:925} INFO - DAG(s) 'comptage_dag' retrieved from /opt/airflow/dags/comptage_dag.py
[2026-09-25T14:42:52.608+0000] {logging_mixin.py:190} INFO - [2026-09-25T14:42:52.608+0000] {dag.py:3239} INFO - Sync 1 DAGs
[2026-09-25T14:42:52.634+0000] {logging_mixin.py:190} INFO - [2026-09-25T14:42:52.633+0000] {dag.py:4180} INFO - Setting next_dagrun for comptage_dag to 2026-09-25 00:00:00+00:00, run_after=2026-09-26 00:00:00+00:00
[2026-09-25T14:42:52.654+0000] {processor.py:208} INFO - Processing /opt/airflow/dags/comptage_dag.py took 0.086 seconds
[2026-09-25T14:43:22.721+0000] {processor.py:186} INFO - Started process (PID=1114) to work on /opt/airflow/dags/comptage_dag.py
[2026-09-25T14:43:22.727+0000] {processor.py:914} INFO - Processing file /opt/airflow/dags/comptage_dag.py for tasks to queue
[2026-09-25T14:43:22.729+0000] {logging_mixin.py:190} INFO - [2026-09-25T14:43:22.728+0000] {dagbag.py:588} INFO - Filling up the DagBag from /opt/airflow/dags/comptage_dag.py
[2026-09-25T14:43:22.736+0000] {processor.py:925} INFO - DAG(s) 'comptage_dag' retrieved from /opt/airflow/dags/comptage_dag.py
[2026-09-25T14:43:22.752+0000] {logging_mixin.py:190} INFO - [2026-09-25T14:43:22.752+0000] {dag.py:3239} INFO - Sync 1 DAGs
[2026-09-25T14:43:22.770+0000] {logging_mixin.py:190} INFO - [2026-09-25T14:43:22.770+0000] {dag.py:4180} INFO - Setting next_dagrun for comptage_dag to 2026-09-25 00:00:00+00:00, run_after=2026-09-26 00:00:00+00:00
[2026-09-25T14:43:22.782+0000] {processor.py:208} INFO - Processing /opt/airflow/dags/comptage_dag.py took 0.066 seconds
[2026-09-25T14:43:52.924+0000] {processor.py:186} INFO - Started process (PID=1131) to work on /opt/airflow/dags/comptage_dag.py
[2026-09-25T14:43:52.925+0000] {processor.py:914} INFO - Processing file /opt/airflow/dags/comptage_dag.py for tasks to queue
[2026-09-25T14:43:52.926+0000] {logging_mixin.py:190} INFO - [2026-09-25T14:43:52.926+0000] {dagbag.py:588} INFO - Filling up the DagBag from /opt/airflow/dags/comptage_dag.py
[2026-09-25T14:43:52.935+0000] {processor.py:925} INFO - DAG(s) 'comptage_dag' retrieved from /opt/airflow/dags/comptage_dag.py
[2026-09-25T14:43:52.949+0000] {logging_mixin.py:190} INFO - [2026-09-25T14:43:52.949+0000] {dag.py:3239} INFO - Sync 1 DAGs
[2026-09-25T14:43:52.964+0000] {logging_mixin.py:190} INFO - [2026-09-25T14:43:52.964+0000] {dag.py:4180} INFO - Setting next_dagrun for comptage_dag to 2026-09-25 00:00:00+00:00, run_after=2026-09-26 00:00:00+00:00
[2026-09-25T14:43:52.975+0000] {processor.py:208} INFO - Processing /opt/airflow/dags/comptage_dag.py took 0.056 seconds
[2026-09-25T14:44:23.081+0000] {processor.py:186} INFO - Started process (PID=1148) to work on /opt/airflow/dags/comptage_dag.py
[2026-09-25T14:44:23.082+0000] {processor.py:914} INFO - Processing file /opt/airflow/dags/comptage_dag.py for tasks to queue
[2026-09-25T14:44:23.084+0000] {logging_mixin.py:190} INFO - [2026-09-25T14:44:23.084+0000] {dagbag.py:588} INFO - Filling up the DagBag from /opt/airflow/dags/comptage_dag.py
[2026-09-25T14:44:23.092+0000] {processor.py:925} INFO - DAG(s) 'comptage_dag' retrieved from /opt/airflow/dags/comptage_dag.py
[2026-09-25T14:44:23.110+0000] {logging_mixin.py:190} INFO - [2026-09-25T14:44:23.110+0000] {dag.py:3239} INFO - Sync 1 DAGs
[2026-09-25T14:44:23.129+0000] {logging_mixin.py:190} INFO - [2026-09-25T14:44:23.129+0000] {dag.py:4180} INFO - Setting next_dagrun for comptage_dag to 2026-09-25 00:00:00+00:00, run_after=2026-09-26 00:00:00+00:00
[2026-09-25T14:44:23.144+0000] {processor.py:208} INFO - Processing /opt/airflow/dags/comptage_dag.py took 0.067 seconds
[2026-09-25T14:44:53.245+0000] {processor.py:186} INFO - Started process (PID=1173) to work on /opt/airflow/dags/comptage_dag.py
[2026-09-25T14:44:53.246+0000] {processor.py:914} INFO - Processing file /opt/airflow/dags/comptage_dag.py for tasks to queue
[2026-09-25T14:44:53.247+0000] {logging_mixin.py:190} INFO - [2026-09-25T14:44:53.247+0000] {dagbag.py:588} INFO - Filling up the DagBag from /opt/airflow/dags/comptage_dag.py
[2026-09-25T14:44:53.258+0000] {processor.py:925} INFO - DAG(s) 'comptage_dag' retrieved from /opt/airflow/dags/comptage_dag.py
[2026-09-25T14:44:53.276+0000] {logging_mixin.py:190} INFO - [2026-09-25T14:44:53.276+0000] {dag.py:3239} INFO - Sync 1 DAGs
[2026-09-25T14:44:53.295+0000] {logging_mixin.py:190} INFO - [2026-09-25T14:44:53.295+0000] {dag.py:4180} INFO - Setting next_dagrun for comptage_dag to 2026-09-25 00:00:00+00:00, run_after=2026-09-26 00:00:00+00:00
[2026-09-25T14:44:53.306+0000] {processor.py:208} INFO - Processing /opt/airflow/dags/comptage_dag.py took 0.067 seconds
[2026-09-25T14:45:23.417+0000] {processor.py:186} INFO - Started process (PID=1190) to work on /opt/airflow/dags/comptage_dag.py
[2026-09-25T14:45:23.423+0000] {processor.py:914} INFO - Processing file /opt/airflow/dags/comptage_dag.py for tasks to queue
[2026-09-25T14:45:23.425+0000] {logging_mixin.py:190} INFO - [2026-09-25T14:45:23.424+0000] {dagbag.py:588} INFO - Filling up the DagBag from /opt/airflow/dags/comptage_dag.py
[2026-09-25T14:45:23.431+0000] {processor.py:925} INFO - DAG(s) 'comptage_dag' retrieved from /opt/airflow/dags/comptage_dag.py
[2026-09-25T14:45:23.447+0000] {logging_mixin.py:190} INFO - [2026-09-25T14:45:23.447+0000] {dag.py:3239} INFO - Sync 1 DAGs
[2026-09-25T14:45:23.464+0000] {logging_mixin.py:190} INFO - [2026-09-25T14:45:23.464+0000] {dag.py:4180} INFO - Setting next_dagrun for comptage_dag to 2026-09-25 00:00:00+00:00, run_after=2026-09-26 00:00:00+00:00
[2026-09-25T14:45:23.476+0000] {processor.py:208} INFO - Processing /opt/airflow/dags/comptage_dag.py took 0.063 seconds
[2026-09-25T14:45:53.586+0000] {processor.py:186} INFO - Started process (PID=1214) to work on /opt/airflow/dags/comptage_dag.py
[2026-09-25T14:45:53.587+0000] {processor.py:914} INFO - Processing file /opt/airflow/dags/comptage_dag.py for tasks to queue
[2026-09-25T14:45:53.589+0000] {logging_mixin.py:190} INFO - [2026-09-25T14:45:53.589+0000] {dagbag.py:588} INFO - Filling up the DagBag from /opt/airflow/dags/comptage_dag.py
[2026-09-25T14:45:53.597+0000] {processor.py:925} INFO - DAG(s) 'comptage_dag' retrieved from /opt/airflow/dags/comptage_dag.py
[2026-09-25T14:45:53.614+0000] {logging_mixin.py:190} INFO - [2026-09-25T14:45:53.613+0000] {dag.py:3239} INFO - Sync 1 DAGs
[2026-09-25T14:45:53.632+0000] {logging_mixin.py:190} INFO - [2026-09-25T14:45:53.631+0000] {dag.py:4180} INFO - Setting next_dagrun for comptage_dag to 2026-09-25 00:00:00+00:00, run_after=2026-09-26 00:00:00+00:00
[2026-09-25T14:45:53.644+0000] {processor.py:208} INFO - Processing /opt/airflow/dags/comptage_dag.py took 0.061 seconds
[2026-09-25T14:46:23.804+0000] {processor.py:186} INFO - Started process (PID=1232) to work on /opt/airflow/dags/comptage_dag.py
[2026-09-25T14:46:23.805+0000] {processor.py:914} INFO - Processing file /opt/airflow/dags/comptage_dag.py for tasks to queue
[2026-09-25T14:46:23.806+0000] {logging_mixin.py:190} INFO - [2026-09-25T14:46:23.806+0000] {dagbag.py:588} INFO - Filling up the DagBag from /opt/airflow/dags/comptage_dag.py
[2026-09-25T14:46:23.816+0000] {processor.py:925} INFO - DAG(s) 'comptage_dag' retrieved from /opt/airflow/dags/comptage_dag.py
[2026-09-25T14:46:23.834+0000] {logging_mixin.py:190} INFO - [2026-09-25T14:46:23.834+0000] {dag.py:3239} INFO - Sync 1 DAGs
[2026-09-25T14:46:23.850+0000] {logging_mixin.py:190} INFO - [2026-09-25T14:46:23.850+0000] {dag.py:4180} INFO - Setting next_dagrun for comptage_dag to 2026-09-25 00:00:00+00:00, run_after=2026-09-26 00:00:00+00:00
[2026-09-25T14:46:23.861+0000] {processor.py:208} INFO - Processing /opt/airflow/dags/comptage_dag.py took 0.063 seconds
[2026-09-25T14:46:54.064+0000] {processor.py:186} INFO - Started process (PID=1249) to work on /opt/airflow/dags/comptage_dag.py
[2026-09-25T14:46:54.064+0000] {processor.py:914} INFO - Processing file /opt/airflow/dags/comptage_dag.py for tasks to queue
[2026-09-25T14:46:54.066+0000] {logging_mixin.py:190} INFO - [2026-09-25T14:46:54.065+0000] {dagbag.py:588} INFO - Filling up the DagBag from /opt/airflow/dags/comptage_dag.py
[2026-09-25T14:46:54.072+0000] {processor.py:925} INFO - DAG(s) 'comptage_dag' retrieved from /opt/airflow/dags/comptage_dag.py
[2026-09-25T14:46:54.088+0000] {logging_mixin.py:190} INFO - [2026-09-25T14:46:54.088+0000] {dag.py:3239} INFO - Sync 1 DAGs
[2026-09-25T14:46:54.103+0000] {logging_mixin.py:190} INFO - [2026-09-25T14:46:54.103+0000] {dag.py:4180} INFO - Setting next_dagrun for comptage_dag to 2026-09-25 00:00:00+00:00, run_after=2026-09-26 00:00:00+00:00
[2026-09-25T14:46:54.113+0000] {processor.py:208} INFO - Processing /opt/airflow/dags/comptage_dag.py took 0.054 seconds
[2026-09-25T14:47:24.280+0000] {processor.py:186} INFO - Started process (PID=1274) to work on /opt/airflow/dags/comptage_dag.py
[2026-09-25T14:47:24.281+0000] {processor.py:914} INFO - Processing file /opt/airflow/dags/comptage_dag.py for tasks to queue
[2026-09-25T14:47:24.282+0000] {logging_mixin.py:190} INFO - [2026-09-25T14:47:24.282+0000] {dagbag.py:588} INFO - Filling up the DagBag from /opt/airflow/dags/comptage_dag.py
[2026-09-25T14:47:24.289+0000] {processor.py:925} INFO - DAG(s) 'comptage_dag' retrieved from /opt/airflow/dags/comptage_dag.py
[2026-09-25T14:47:24.303+0000] {logging_mixin.py:190} INFO - [2026-09-25T14:47:24.303+0000] {dag.py:3239} INFO - Sync 1 DAGs
[2026-09-25T14:47:24.318+0000] {logging_mixin.py:190} INFO - [2026-09-25T14:47:24.317+0000] {dag.py:4180} INFO - Setting next_dagrun for comptage_dag to 2026-09-25 00:00:00+00:00, run_after=2026-09-26 00:00:00+00:00
[2026-09-25T14:47:24.328+0000] {processor.py:208} INFO - Processing /opt/airflow/dags/comptage_dag.py took 0.052 seconds
[2026-09-25T14:47:54.503+0000] {processor.py:186} INFO - Started process (PID=1291) to work on /opt/airflow/dags/comptage_dag.py
[2026-09-25T14:47:54.503+0000] {processor.py:914} INFO - Processing file /opt/airflow/dags/comptage_dag.py for tasks to queue
[2026-09-25T14:47:54.505+0000] {logging_mixin.py:190} INFO - [2026-09-25T14:47:54.505+0000] {dagbag.py:588} INFO - Filling up the DagBag from /opt/airflow/dags/comptage_dag.py
[2026-09-25T14:47:54.511+0000] {processor.py:925} INFO - DAG(s) 'comptage_dag' retrieved from /opt/airflow/dags/comptage_dag.py
[2026-09-25T14:47:54.525+0000] {logging_mixin.py:190} INFO - [2026-09-25T14:47:54.525+0000] {dag.py:3239} INFO - Sync 1 DAGs
[2026-09-25T14:47:54.541+0000] {logging_mixin.py:190} INFO - [2026-09-25T14:47:54.541+0000] {dag.py:4180} INFO - Setting next_dagrun for comptage_dag to 2026-09-25 00:00:00+00:00, run_after=2026-09-26 00:00:00+00:00
[2026-09-25T14:47:54.551+0000] {processor.py:208} INFO - Processing /opt/airflow/dags/comptage_dag.py took 0.053 seconds
[2026-09-25T14:48:24.744+0000] {processor.py:186} INFO - Started process (PID=1316) to work on /opt/airflow/dags/comptage_dag.py
[2026-09-25T14:48:24.750+0000] {processor.py:914} INFO - Processing file /opt/airflow/dags/comptage_dag.py for tasks to queue
[2026-09-25T14:48:24.754+0000] {logging_mixin.py:190} INFO - [2026-09-25T14:48:24.753+0000] {dagbag.py:588} INFO - Filling up the DagBag from /opt/airflow/dags/comptage_dag.py
[2026-09-25T14:48:24.764+0000] {processor.py:925} INFO - DAG(s) 'comptage_dag' retrieved from /opt/airflow/dags/comptage_dag.py
[2026-09-25T14:48:24.778+0000] {logging_mixin.py:190} INFO - [2026-09-25T14:48:24.778+0000] {dag.py:3239} INFO - Sync 1 DAGs
[2026-09-25T14:48:24.794+0000] {logging_mixin.py:190} INFO - [2026-09-25T14:48:24.793+0000] {dag.py:4180} INFO - Setting next_dagrun for comptage_dag to 2026-09-25 00:00:00+00:00, run_after=2026-09-26 00:00:00+00:00
[2026-09-25T14:48:24.804+0000] {processor.py:208} INFO - Processing /opt/airflow/dags/comptage_dag.py took 0.064 seconds
[2026-09-25T14:48:54.988+0000] {processor.py:186} INFO - Started process (PID=1333) to work on /opt/airflow/dags/comptage_dag.py
[2026-09-25T14:48:54.988+0000] {processor.py:914} INFO - Processing file /opt/airflow/dags/comptage_dag.py for tasks to queue
[2026-09-25T14:48:54.990+0000] {logging_mixin.py:190} INFO - [2026-09-25T14:48:54.989+0000] {dagbag.py:588} INFO - Filling up the DagBag from /opt/airflow/dags/comptage_dag.py
[2026-09-25T14:48:54.998+0000] {processor.py:925} INFO - DAG(s) 'comptage_dag' retrieved from /opt/airflow/dags/comptage_dag.py
[2026-09-25T14:48:55.011+0000] {logging_mixin.py:190} INFO - [2026-09-25T14:48:55.011+0000] {dag.py:3239} INFO - Sync 1 DAGs
[2026-09-25T14:48:55.027+0000] {logging_mixin.py:190} INFO - [2026-09-25T14:48:55.026+0000] {dag.py:4180} INFO - Setting next_dagrun for comptage_dag to 2026-09-25 00:00:00+00:00, run_after=2026-09-26 00:00:00+00:00
[2026-09-25T14:48:55.037+0000] {processor.py:208} INFO - Processing /opt/airflow/dags/comptage_dag.py took 0.055 seconds
[2026-09-25T14:49:25.219+0000] {processor.py:186} INFO - Started process (PID=1358) to work on /opt/airflow/dags/comptage_dag.py
[2026-09-25T14:49:25.225+0000] {processor.py:914} INFO - Processing file /opt/airflow/dags/comptage_dag.py for tasks to queue
[2026-09-25T14:49:25.226+0000] {logging_mixin.py:190} INFO - [2026-09-25T14:49:25.226+0000] {dagbag.py:588} INFO - Filling up the DagBag from /opt/airflow/dags/comptage_dag.py
[2026-09-25T14:49:25.236+0000] {processor.py:925} INFO - DAG(s) 'comptage_dag' retrieved from /opt/airflow/dags/comptage_dag.py
[2026-09-25T14:49:25.250+0000] {logging_mixin.py:190} INFO - [2026-09-25T14:49:25.250+0000] {dag.py:3239} INFO - Sync 1 DAGs
[2026-09-25T14:49:25.265+0000] {logging_mixin.py:190} INFO - [2026-09-25T14:49:25.265+0000] {dag.py:4180} INFO - Setting next_dagrun for comptage_dag to 2026-09-25 00:00:00+00:00, run_after=2026-09-26 00:00:00+00:00
[2026-09-25T14:49:25.276+0000] {processor.py:208} INFO - Processing /opt/airflow/dags/comptage_dag.py took 0.061 seconds
[2026-09-25T14:49:55.431+0000] {processor.py:186} INFO - Started process (PID=1375) to work on /opt/airflow/dags/comptage_dag.py
[2026-09-25T14:49:55.432+0000] {processor.py:914} INFO - Processing file /opt/airflow/dags/comptage_dag.py for tasks to queue
[2026-09-25T14:49:55.433+0000] {logging_mixin.py:190} INFO - [2026-09-25T14:49:55.433+0000] {dagbag.py:588} INFO - Filling up the DagBag from /opt/airflow/dags/comptage_dag.py
[2026-09-25T14:49:55.439+0000] {processor.py:925} INFO - DAG(s) 'comptage_dag' retrieved from /opt/airflow/dags/comptage_dag.py
[2026-09-25T14:49:55.454+0000] {logging_mixin.py:190} INFO - [2026-09-25T14:49:55.454+0000] {dag.py:3239} INFO - Sync 1 DAGs
[2026-09-25T14:49:55.470+0000] {logging_mixin.py:190} INFO - [2026-09-25T14:49:55.470+0000] {dag.py:4180} INFO - Setting next_dagrun for comptage_dag to 2026-09-25 00:00:00+00:00, run_after=2026-09-26 00:00:00+00:00
[2026-09-25T14:49:55.481+0000] {processor.py:208} INFO - Processing /opt/airflow/dags/comptage_dag.py took 0.053 seconds
[2026-09-25T14:50:25.660+0000] {processor.py:186} INFO - Started process (PID=1400) to work on /opt/airflow/dags/comptage_dag.py
[2026-09-25T14:50:25.661+0000] {processor.py:914} INFO - Processing file /opt/airflow/dags/comptage_dag.py for tasks to queue
[2026-09-25T14:50:25.662+0000] {logging_mixin.py:190} INFO - [2026-09-25T14:50:25.662+0000] {dagbag.py:588} INFO - Filling up the DagBag from /opt/airflow/dags/comptage_dag.py
[2026-09-25T14:50:25.668+0000] {processor.py:925} INFO - DAG(s) 'comptage_dag' retrieved from /opt/airflow/dags/comptage_dag.py
[2026-09-25T14:50:25.682+0000] {logging_mixin.py:190} INFO - [2026-09-25T14:50:25.681+0000] {dag.py:3239} INFO - Sync 1 DAGs
[2026-09-25T14:50:25.696+0000] {logging_mixin.py:190} INFO - [2026-09-25T14:50:25.696+0000] {dag.py:4180} INFO - Setting next_dagrun for comptage_dag to 2026-09-25 00:00:00+00:00, run_after=2026-09-26 00:00:00+00:00
[2026-09-25T14:50:25.706+0000] {processor.py:208} INFO - Processing /opt/airflow/dags/comptage_dag.py took 0.050 seconds
[2026-09-25T14:50:55.876+0000] {processor.py:186} INFO - Started process (PID=1417) to work on /opt/airflow/dags/comptage_dag.py
[2026-09-25T14:50:55.877+0000] {processor.py:914} INFO - Processing file /opt/airflow/dags/comptage_dag.py for tasks to queue
[2026-09-25T14:50:55.881+0000] {logging_mixin.py:190} INFO - [2026-09-25T14:50:55.880+0000] {dagbag.py:588} INFO - Filling up the DagBag from /opt/airflow/dags/comptage_dag.py
[2026-09-25T14:50:55.888+0000] {processor.py:925} INFO - DAG(s) 'comptage_dag' retrieved from /opt/airflow/dags/comptage_dag.py
[2026-09-25T14:50:55.902+0000] {logging_mixin.py:190} INFO - [2026-09-25T14:50:55.902+0000] {dag.py:3239} INFO - Sync 1 DAGs
[2026-09-25T14:50:55.917+0000] {logging_mixin.py:190} INFO - [2026-09-25T14:50:55.916+0000] {dag.py:4180} INFO - Setting next_dagrun for comptage_dag to 2026-09-25 00:00:00+00:00, run_after=2026-09-26 00:00:00+00:00
[2026-09-25T14:50:55.928+0000] {processor.py:208} INFO - Processing /opt/airflow/dags/comptage_dag.py took 0.061 seconds
[2026-09-25T14:51:26.094+0000] {processor.py:186} INFO - Started process (PID=1442) to work on /opt/airflow/dags/comptage_dag.py
[2026-09-25T14:51:26.100+0000] {processor.py:914} INFO - Processing file /opt/airflow/dags/comptage_dag.py for tasks to queue
[2026-09-25T14:51:26.103+0000] {logging_mixin.py:190} INFO - [2026-09-25T14:51:26.103+0000] {dagbag.py:588} INFO - Filling up the DagBag from /opt/airflow/dags/comptage_dag.py
[2026-09-25T14:51:26.113+0000] {processor.py:925} INFO - DAG(s) 'comptage_dag' retrieved from /opt/airflow/dags/comptage_dag.py
[2026-09-25T14:51:26.131+0000] {logging_mixin.py:190} INFO - [2026-09-25T14:51:26.131+0000] {dag.py:3239} INFO - Sync 1 DAGs
[2026-09-25T14:51:26.146+0000] {logging_mixin.py:190} INFO - [2026-09-25T14:51:26.146+0000] {dag.py:4180} INFO - Setting next_dagrun for comptage_dag to 2026-09-25 00:00:00+00:00, run_after=2026-09-26 00:00:00+00:00
[2026-09-25T14:51:26.157+0000] {processor.py:208} INFO - Processing /opt/airflow/dags/comptage_dag.py took 0.068 seconds
[2026-09-25T14:51:56.329+0000] {processor.py:186} INFO - Started process (PID=1459) to work on /opt/airflow/dags/comptage_dag.py
[2026-09-25T14:51:56.330+0000] {processor.py:914} INFO - Processing file /opt/airflow/dags/comptage_dag.py for tasks to queue
[2026-09-25T14:51:56.331+0000] {logging_mixin.py:190} INFO - [2026-09-25T14:51:56.331+0000] {dagbag.py:588} INFO - Filling up the DagBag from /opt/airflow/dags/comptage_dag.py
[2026-09-25T14:51:56.339+0000] {processor.py:925} INFO - DAG(s) 'comptage_dag' retrieved from /opt/airflow/dags/comptage_dag.py
[2026-09-25T14:51:56.353+0000] {logging_mixin.py:190} INFO - [2026-09-25T14:51:56.353+0000] {dag.py:3239} INFO - Sync 1 DAGs
[2026-09-25T14:51:56.368+0000] {logging_mixin.py:190} INFO - [2026-09-25T14:51:56.368+0000] {dag.py:4180} INFO - Setting next_dagrun for comptage_dag to 2026-09-25 00:00:00+00:00, run_after=2026-09-26 00:00:00+00:00
[2026-09-25T14:51:56.380+0000] {processor.py:208} INFO - Processing /opt/airflow/dags/comptage_dag.py took 0.054 seconds
[2026-09-25T14:52:26.506+0000] {processor.py:186} INFO - Started process (PID=1483) to work on /opt/airflow/dags/comptage_dag.py
[2026-09-25T14:52:26.512+0000] {processor.py:914} INFO - Processing file /opt/airflow/dags/comptage_dag.py for tasks to queue
[2026-09-25T14:52:26.516+0000] {logging_mixin.py:190} INFO - [2026-09-25T14:52:26.515+0000] {dagbag.py:588} INFO - Filling up the DagBag from /opt/airflow/dags/comptage_dag.py
[2026-09-25T14:52:26.527+0000] {processor.py:925} INFO - DAG(s) 'comptage_dag' retrieved from /opt/airflow/dags/comptage_dag.py
[2026-09-25T14:52:26.542+0000] {logging_mixin.py:190} INFO - [2026-09-25T14:52:26.542+0000] {dag.py:3239} INFO - Sync 1 DAGs
[2026-09-25T14:52:26.557+0000] {logging_mixin.py:190} INFO - [2026-09-25T14:52:26.556+0000] {dag.py:4180} INFO - Setting next_dagrun for comptage_dag to 2026-09-25 00:00:00+00:00, run_after=2026-09-26 00:00:00+00:00
[2026-09-25T14:52:26.567+0000] {processor.py:208} INFO - Processing /opt/airflow/dags/comptage_dag.py took 0.064 seconds
[2026-09-25T14:52:56.712+0000] {processor.py:186} INFO - Started process (PID=1500) to work on /opt/airflow/dags/comptage_dag.py
[2026-09-25T14:52:56.712+0000] {processor.py:914} INFO - Processing file /opt/airflow/dags/comptage_dag.py for tasks to queue
[2026-09-25T14:52:56.714+0000] {logging_mixin.py:190} INFO - [2026-09-25T14:52:56.714+0000] {dagbag.py:588} INFO - Filling up the DagBag from /opt/airflow/dags/comptage_dag.py
[2026-09-25T14:52:56.722+0000] {processor.py:925} INFO - DAG(s) 'comptage_dag' retrieved from /opt/airflow/dags/comptage_dag.py
[2026-09-25T14:52:56.735+0000] {logging_mixin.py:190} INFO - [2026-09-25T14:52:56.735+0000] {dag.py:3239} INFO - Sync 1 DAGs
[2026-09-25T14:52:56.750+0000] {logging_mixin.py:190} INFO - [2026-09-25T14:52:56.750+0000] {dag.py:4180} INFO - Setting next_dagrun for comptage_dag to 2026-09-25 00:00:00+00:00, run_after=2026-09-26 00:00:00+00:00
[2026-09-25T14:52:56.762+0000] {processor.py:208} INFO - Processing /opt/airflow/dags/comptage_dag.py took 0.055 seconds
[2026-09-25T14:53:26.897+0000] {processor.py:186} INFO - Started process (PID=1525) to work on /opt/airflow/dags/comptage_dag.py
[2026-09-25T14:53:26.903+0000] {processor.py:914} INFO - Processing file /opt/airflow/dags/comptage_dag.py for tasks to queue
[2026-09-25T14:53:26.904+0000] {logging_mixin.py:190} INFO - [2026-09-25T14:53:26.904+0000] {dagbag.py:588} INFO - Filling up the DagBag from /opt/airflow/dags/comptage_dag.py
[2026-09-25T14:53:26.910+0000] {processor.py:925} INFO - DAG(s) 'comptage_dag' retrieved from /opt/airflow/dags/comptage_dag.py
[2026-09-25T14:53:26.930+0000] {logging_mixin.py:190} INFO - [2026-09-25T14:53:26.929+0000] {dag.py:3239} INFO - Sync 1 DAGs
[2026-09-25T14:53:26.953+0000] {logging_mixin.py:190} INFO - [2026-09-25T14:53:26.952+0000] {dag.py:4180} INFO - Setting next_dagrun for comptage_dag to 2026-09-25 00:00:00+00:00, run_after=2026-09-26 00:00:00+00:00
[2026-09-25T14:53:26.964+0000] {processor.py:208} INFO - Processing /opt/airflow/dags/comptage_dag.py took 0.071 seconds
[2026-09-25T14:53:57.132+0000] {processor.py:186} INFO - Started process (PID=1542) to work on /opt/airflow/dags/comptage_dag.py
[2026-09-25T14:53:57.133+0000] {processor.py:914} INFO - Processing file /opt/airflow/dags/comptage_dag.py for tasks to queue
[2026-09-25T14:53:57.134+0000] {logging_mixin.py:190} INFO - [2026-09-25T14:53:57.134+0000] {dagbag.py:588} INFO - Filling up the DagBag from /opt/airflow/dags/comptage_dag.py
[2026-09-25T14:53:57.140+0000] {processor.py:925} INFO - DAG(s) 'comptage_dag' retrieved from /opt/airflow/dags/comptage_dag.py
[2026-09-25T14:53:57.154+0000] {logging_mixin.py:190} INFO - [2026-09-25T14:53:57.154+0000] {dag.py:3239} INFO - Sync 1 DAGs
[2026-09-25T14:53:57.169+0000] {logging_mixin.py:190} INFO - [2026-09-25T14:53:57.169+0000] {dag.py:4180} INFO - Setting next_dagrun for comptage_dag to 2026-09-25 00:00:00+00:00, run_after=2026-09-26 00:00:00+00:00
[2026-09-25T14:53:57.181+0000] {processor.py:208} INFO - Processing /opt/airflow/dags/comptage_dag.py took 0.052 seconds
[2026-09-25T14:54:27.341+0000] {processor.py:186} INFO - Started process (PID=1567) to work on /opt/airflow/dags/comptage_dag.py
[2026-09-25T14:54:27.347+0000] {processor.py:914} INFO - Processing file /opt/airflow/dags/comptage_dag.py for tasks to queue
[2026-09-25T14:54:27.352+0000] {logging_mixin.py:190} INFO - [2026-09-25T14:54:27.351+0000] {dagbag.py:588} INFO - Filling up the DagBag from /opt/airflow/dags/comptage_dag.py
[2026-09-25T14:54:27.361+0000] {processor.py:925} INFO - DAG(s) 'comptage_dag' retrieved from /opt/airflow/dags/comptage_dag.py
[2026-09-25T14:54:27.376+0000] {logging_mixin.py:190} INFO - [2026-09-25T14:54:27.375+0000] {dag.py:3239} INFO - Sync 1 DAGs
[2026-09-25T14:54:27.392+0000] {logging_mixin.py:190} INFO - [2026-09-25T14:54:27.391+0000] {dag.py:4180} INFO - Setting next_dagrun for comptage_dag to 2026-09-25 00:00:00+00:00, run_after=2026-09-26 00:00:00+00:00
[2026-09-25T14:54:27.402+0000] {processor.py:208} INFO - Processing /opt/airflow/dags/comptage_dag.py took 0.069 seconds
[2026-09-25T14:54:57.579+0000] {processor.py:186} INFO - Started process (PID=1585) to work on /opt/airflow/dags/comptage_dag.py
[2026-09-25T14:54:57.580+0000] {processor.py:914} INFO - Processing file /opt/airflow/dags/comptage_dag.py for tasks to queue
[2026-09-25T14:54:57.582+0000] {logging_mixin.py:190} INFO - [2026-09-25T14:54:57.581+0000] {dagbag.py:588} INFO - Filling up the DagBag from /opt/airflow/dags/comptage_dag.py
[2026-09-25T14:54:57.587+0000] {processor.py:925} INFO - DAG(s) 'comptage_dag' retrieved from /opt/airflow/dags/comptage_dag.py
[2026-09-25T14:54:57.601+0000] {logging_mixin.py:190} INFO - [2026-09-25T14:54:57.601+0000] {dag.py:3239} INFO - Sync 1 DAGs
[2026-09-25T14:54:57.616+0000] {logging_mixin.py:190} INFO - [2026-09-25T14:54:57.616+0000] {dag.py:4180} INFO - Setting next_dagrun for comptage_dag to 2026-09-25 00:00:00+00:00, run_after=2026-09-26 00:00:00+00:00
[2026-09-25T14:54:57.627+0000] {processor.py:208} INFO - Processing /opt/airflow/dags/comptage_dag.py took 0.053 seconds
[2026-09-25T14:55:27.794+0000] {processor.py:186} INFO - Started process (PID=1610) to work on /opt/airflow/dags/comptage_dag.py
[2026-09-25T14:55:27.800+0000] {processor.py:914} INFO - Processing file /opt/airflow/dags/comptage_dag.py for tasks to queue
[2026-09-25T14:55:27.802+0000] {logging_mixin.py:190} INFO - [2026-09-25T14:55:27.801+0000] {dagbag.py:588} INFO - Filling up the DagBag from /opt/airflow/dags/comptage_dag.py
[2026-09-25T14:55:27.812+0000] {processor.py:925} INFO - DAG(s) 'comptage_dag' retrieved from /opt/airflow/dags/comptage_dag.py
[2026-09-25T14:55:27.825+0000] {logging_mixin.py:190} INFO - [2026-09-25T14:55:27.825+0000] {dag.py:3239} INFO - Sync 1 DAGs
[2026-09-25T14:55:27.841+0000] {logging_mixin.py:190} INFO - [2026-09-25T14:55:27.840+0000] {dag.py:4180} INFO - Setting next_dagrun for comptage_dag to 2026-09-25 00:00:00+00:00, run_after=2026-09-26 00:00:00+00:00
[2026-09-25T14:55:27.851+0000] {processor.py:208} INFO - Processing /opt/airflow/dags/comptage_dag.py took 0.061 seconds
[2026-09-25T14:55:58.049+0000] {processor.py:186} INFO - Started process (PID=1627) to work on /opt/airflow/dags/comptage_dag.py
[2026-09-25T14:55:58.050+0000] {processor.py:914} INFO - Processing file /opt/airflow/dags/comptage_dag.py for tasks to queue
[2026-09-25T14:55:58.052+0000] {logging_mixin.py:190} INFO - [2026-09-25T14:55:58.052+0000] {dagbag.py:588} INFO - Filling up the DagBag from /opt/airflow/dags/comptage_dag.py
[2026-09-25T14:55:58.064+0000] {processor.py:925} INFO - DAG(s) 'comptage_dag' retrieved from /opt/airflow/dags/comptage_dag.py
[2026-09-25T14:55:58.079+0000] {logging_mixin.py:190} INFO - [2026-09-25T14:55:58.079+0000] {dag.py:3239} INFO - Sync 1 DAGs
[2026-09-25T14:55:58.097+0000] {logging_mixin.py:190} INFO - [2026-09-25T14:55:58.097+0000] {dag.py:4180} INFO - Setting next_dagrun for comptage_dag to 2026-09-25 00:00:00+00:00, run_after=2026-09-26 00:00:00+00:00
[2026-09-25T14:55:58.108+0000] {processor.py:208} INFO - Processing /opt/airflow/dags/comptage_dag.py took 0.074 seconds
[2026-09-25T14:56:28.287+0000] {processor.py:186} INFO - Started process (PID=1651) to work on /opt/airflow/dags/comptage_dag.py
[2026-09-25T14:56:28.287+0000] {processor.py:914} INFO - Processing file /opt/airflow/dags/comptage_dag.py for tasks to queue
[2026-09-25T14:56:28.289+0000] {logging_mixin.py:190} INFO - [2026-09-25T14:56:28.288+0000] {dagbag.py:588} INFO - Filling up the DagBag from /opt/airflow/dags/comptage_dag.py
[2026-09-25T14:56:28.296+0000] {processor.py:925} INFO - DAG(s) 'comptage_dag' retrieved from /opt/airflow/dags/comptage_dag.py
[2026-09-25T14:56:28.310+0000] {logging_mixin.py:190} INFO - [2026-09-25T14:56:28.310+0000] {dag.py:3239} INFO - Sync 1 DAGs
[2026-09-25T14:56:28.325+0000] {logging_mixin.py:190} INFO - [2026-09-25T14:56:28.325+0000] {dag.py:4180} INFO - Setting next_dagrun for comptage_dag to 2026-09-25 00:00:00+00:00, run_after=2026-09-26 00:00:00+00:00
[2026-09-25T14:56:28.335+0000] {processor.py:208} INFO - Processing /opt/airflow/dags/comptage_dag.py took 0.054 seconds
[2026-09-25T14:56:58.550+0000] {processor.py:186} INFO - Started process (PID=1668) to work on /opt/airflow/dags/comptage_dag.py
[2026-09-25T14:56:58.550+0000] {processor.py:914} INFO - Processing file /opt/airflow/dags/comptage_dag.py for tasks to queue
[2026-09-25T14:56:58.552+0000] {logging_mixin.py:190} INFO - [2026-09-25T14:56:58.552+0000] {dagbag.py:588} INFO - Filling up the DagBag from /opt/airflow/dags/comptage_dag.py
[2026-09-25T14:56:58.558+0000] {processor.py:925} INFO - DAG(s) 'comptage_dag' retrieved from /opt/airflow/dags/comptage_dag.py
[2026-09-25T14:56:58.572+0000] {logging_mixin.py:190} INFO - [2026-09-25T14:56:58.571+0000] {dag.py:3239} INFO - Sync 1 DAGs
[2026-09-25T14:56:58.587+0000] {logging_mixin.py:190} INFO - [2026-09-25T14:56:58.587+0000] {dag.py:4180} INFO - Setting next_dagrun for comptage_dag to 2026-09-25 00:00:00+00:00, run_after=2026-09-26 00:00:00+00:00
[2026-09-25T14:56:58.597+0000] {processor.py:208} INFO - Processing /opt/airflow/dags/comptage_dag.py took 0.052 seconds
[2026-09-25T14:57:28.757+0000] {processor.py:186} INFO - Started process (PID=1693) to work on /opt/airflow/dags/comptage_dag.py
[2026-09-25T14:57:28.757+0000] {processor.py:914} INFO - Processing file /opt/airflow/dags/comptage_dag.py for tasks to queue
[2026-09-25T14:57:28.759+0000] {logging_mixin.py:190} INFO - [2026-09-25T14:57:28.759+0000] {dagbag.py:588} INFO - Filling up the DagBag from /opt/airflow/dags/comptage_dag.py
[2026-09-25T14:57:28.769+0000] {processor.py:925} INFO - DAG(s) 'comptage_dag' retrieved from /opt/airflow/dags/comptage_dag.py
[2026-09-25T14:57:28.791+0000] {logging_mixin.py:190} INFO - [2026-09-25T14:57:28.790+0000] {dag.py:3239} INFO - Sync 1 DAGs
[2026-09-25T14:57:28.810+0000] {logging_mixin.py:190} INFO - [2026-09-25T14:57:28.810+0000] {dag.py:4180} INFO - Setting next_dagrun for comptage_dag to 2026-09-25 00:00:00+00:00, run_after=2026-09-26 00:00:00+00:00
[2026-09-25T14:57:28.822+0000] {processor.py:208} INFO - Processing /opt/airflow/dags/comptage_dag.py took 0.070 seconds
[2026-09-25T14:57:58.988+0000] {processor.py:186} INFO - Started process (PID=1710) to work on /opt/airflow/dags/comptage_dag.py
[2026-09-25T14:57:58.995+0000] {processor.py:914} INFO - Processing file /opt/airflow/dags/comptage_dag.py for tasks to queue
[2026-09-25T14:57:58.999+0000] {logging_mixin.py:190} INFO - [2026-09-25T14:57:58.999+0000] {dagbag.py:588} INFO - Filling up the DagBag from /opt/airflow/dags/comptage_dag.py
[2026-09-25T14:57:59.009+0000] {processor.py:925} INFO - DAG(s) 'comptage_dag' retrieved from /opt/airflow/dags/comptage_dag.py
[2026-09-25T14:57:59.023+0000] {logging_mixin.py:190} INFO - [2026-09-25T14:57:59.023+0000] {dag.py:3239} INFO - Sync 1 DAGs
[2026-09-25T14:57:59.038+0000] {logging_mixin.py:190} INFO - [2026-09-25T14:57:59.038+0000] {dag.py:4180} INFO - Setting next_dagrun for comptage_dag to 2026-09-25 00:00:00+00:00, run_after=2026-09-26 00:00:00+00:00
[2026-09-25T14:57:59.049+0000] {processor.py:208} INFO - Processing /opt/airflow/dags/comptage_dag.py took 0.065 seconds
[2026-09-25T14:58:29.208+0000] {processor.py:186} INFO - Started process (PID=1735) to work on /opt/airflow/dags/comptage_dag.py
[2026-09-25T14:58:29.209+0000] {processor.py:914} INFO - Processing file /opt/airflow/dags/comptage_dag.py for tasks to queue
[2026-09-25T14:58:29.212+0000] {logging_mixin.py:190} INFO - [2026-09-25T14:58:29.212+0000] {dagbag.py:588} INFO - Filling up the DagBag from /opt/airflow/dags/comptage_dag.py
[2026-09-25T14:58:29.221+0000] {processor.py:925} INFO - DAG(s) 'comptage_dag' retrieved from /opt/airflow/dags/comptage_dag.py
[2026-09-25T14:58:29.240+0000] {logging_mixin.py:190} INFO - [2026-09-25T14:58:29.240+0000] {dag.py:3239} INFO - Sync 1 DAGs
[2026-09-25T14:58:29.263+0000] {logging_mixin.py:190} INFO - [2026-09-25T14:58:29.263+0000] {dag.py:4180} INFO - Setting next_dagrun for comptage_dag to 2026-09-25 00:00:00+00:00, run_after=2026-09-26 00:00:00+00:00
[2026-09-25T14:58:29.277+0000] {processor.py:208} INFO - Processing /opt/airflow/dags/comptage_dag.py took 0.075 seconds
[2026-09-25T14:58:59.440+0000] {processor.py:186} INFO - Started process (PID=1753) to work on /opt/airflow/dags/comptage_dag.py
[2026-09-25T14:58:59.446+0000] {processor.py:914} INFO - Processing file /opt/airflow/dags/comptage_dag.py for tasks to queue
[2026-09-25T14:58:59.450+0000] {logging_mixin.py:190} INFO - [2026-09-25T14:58:59.450+0000] {dagbag.py:588} INFO - Filling up the DagBag from /opt/airflow/dags/comptage_dag.py
[2026-09-25T14:58:59.459+0000] {processor.py:925} INFO - DAG(s) 'comptage_dag' retrieved from /opt/airflow/dags/comptage_dag.py
[2026-09-25T14:58:59.475+0000] {logging_mixin.py:190} INFO - [2026-09-25T14:58:59.475+0000] {dag.py:3239} INFO - Sync 1 DAGs
[2026-09-25T14:58:59.491+0000] {logging_mixin.py:190} INFO - [2026-09-25T14:58:59.491+0000] {dag.py:4180} INFO - Setting next_dagrun for comptage_dag to 2026-09-25 00:00:00+00:00, run_after=2026-09-26 00:00:00+00:00
[2026-09-25T14:58:59.502+0000] {processor.py:208} INFO - Processing /opt/airflow/dags/comptage_dag.py took 0.065 seconds
[2026-09-25T14:59:29.697+0000] {processor.py:186} INFO - Started process (PID=1778) to work on /opt/airflow/dags/comptage_dag.py
[2026-09-25T14:59:29.698+0000] {processor.py:914} INFO - Processing file /opt/airflow/dags/comptage_dag.py for tasks to queue
[2026-09-25T14:59:29.700+0000] {logging_mixin.py:190} INFO - [2026-09-25T14:59:29.699+0000] {dagbag.py:588} INFO - Filling up the DagBag from /opt/airflow/dags/comptage_dag.py
[2026-09-25T14:59:29.706+0000] {processor.py:925} INFO - DAG(s) 'comptage_dag' retrieved from /opt/airflow/dags/comptage_dag.py
[2026-09-25T14:59:29.728+0000] {logging_mixin.py:190} INFO - [2026-09-25T14:59:29.728+0000] {dag.py:3239} INFO - Sync 1 DAGs
[2026-09-25T14:59:29.748+0000] {logging_mixin.py:190} INFO - [2026-09-25T14:59:29.748+0000] {dag.py:4180} INFO - Setting next_dagrun for comptage_dag to 2026-09-25 00:00:00+00:00, run_after=2026-09-26 00:00:00+00:00
[2026-09-25T14:59:29.762+0000] {processor.py:208} INFO - Processing /opt/airflow/dags/comptage_dag.py took 0.071 seconds
[2026-09-25T14:59:59.910+0000] {processor.py:186} INFO - Started process (PID=1795) to work on /opt/airflow/dags/comptage_dag.py
[2026-09-25T14:59:59.911+0000] {processor.py:914} INFO - Processing file /opt/airflow/dags/comptage_dag.py for tasks to queue
[2026-09-25T14:59:59.913+0000] {logging_mixin.py:190} INFO - [2026-09-25T14:59:59.912+0000] {dagbag.py:588} INFO - Filling up the DagBag from /opt/airflow/dags/comptage_dag.py
[2026-09-25T14:59:59.919+0000] {processor.py:925} INFO - DAG(s) 'comptage_dag' retrieved from /opt/airflow/dags/comptage_dag.py
[2026-09-25T14:59:59.934+0000] {logging_mixin.py:190} INFO - [2026-09-25T14:59:59.934+0000] {dag.py:3239} INFO - Sync 1 DAGs
[2026-09-25T14:59:59.950+0000] {logging_mixin.py:190} INFO - [2026-09-25T14:59:59.950+0000] {dag.py:4180} INFO - Setting next_dagrun for comptage_dag to 2026-09-25 00:00:00+00:00, run_after=2026-09-26 00:00:00+00:00
[2026-09-25T14:59:59.963+0000] {processor.py:208} INFO - Processing /opt/airflow/dags/comptage_dag.py took 0.057 seconds
[2026-09-25T15:00:30.103+0000] {processor.py:186} INFO - Started process (PID=1812) to work on /opt/airflow/dags/comptage_dag.py
[2026-09-25T15:00:30.105+0000] {processor.py:914} INFO - Processing file /opt/airflow/dags/comptage_dag.py for tasks to queue
[2026-09-25T15:00:30.107+0000] {logging_mixin.py:190} INFO - [2026-09-25T15:00:30.106+0000] {dagbag.py:588} INFO - Filling up the DagBag from /opt/airflow/dags/comptage_dag.py
[2026-09-25T15:00:30.122+0000] {processor.py:925} INFO - DAG(s) 'comptage_dag' retrieved from /opt/airflow/dags/comptage_dag.py
[2026-09-25T15:00:30.144+0000] {logging_mixin.py:190} INFO - [2026-09-25T15:00:30.143+0000] {dag.py:3239} INFO - Sync 1 DAGs
[2026-09-25T15:00:30.166+0000] {logging_mixin.py:190} INFO - [2026-09-25T15:00:30.166+0000] {dag.py:4180} INFO - Setting next_dagrun for comptage_dag to 2026-09-25 00:00:00+00:00, run_after=2026-09-26 00:00:00+00:00
[2026-09-25T15:00:30.180+0000] {processor.py:208} INFO - Processing /opt/airflow/dags/comptage_dag.py took 0.084 seconds
[2026-09-25T15:01:00.278+0000] {processor.py:186} INFO - Started process (PID=1837) to work on /opt/airflow/dags/comptage_dag.py
[2026-09-25T15:01:00.279+0000] {processor.py:914} INFO - Processing file /opt/airflow/dags/comptage_dag.py for tasks to queue
[2026-09-25T15:01:00.283+0000] {logging_mixin.py:190} INFO - [2026-09-25T15:01:00.283+0000] {dagbag.py:588} INFO - Filling up the DagBag from /opt/airflow/dags/comptage_dag.py
[2026-09-25T15:01:00.296+0000] {processor.py:925} INFO - DAG(s) 'comptage_dag' retrieved from /opt/airflow/dags/comptage_dag.py
[2026-09-25T15:01:00.320+0000] {logging_mixin.py:190} INFO - [2026-09-25T15:01:00.320+0000] {dag.py:3239} INFO - Sync 1 DAGs
[2026-09-25T15:01:00.352+0000] {logging_mixin.py:190} INFO - [2026-09-25T15:01:00.352+0000] {dag.py:4180} INFO - Setting next_dagrun for comptage_dag to 2026-09-25 00:00:00+00:00, run_after=2026-09-26 00:00:00+00:00
[2026-09-25T15:01:00.376+0000] {processor.py:208} INFO - Processing /opt/airflow/dags/comptage_dag.py took 0.104 seconds
[2026-09-25T15:01:30.488+0000] {processor.py:186} INFO - Started process (PID=1854) to work on /opt/airflow/dags/comptage_dag.py
[2026-09-25T15:01:30.494+0000] {processor.py:914} INFO - Processing file /opt/airflow/dags/comptage_dag.py for tasks to queue
[2026-09-25T15:01:30.496+0000] {logging_mixin.py:190} INFO - [2026-09-25T15:01:30.496+0000] {dagbag.py:588} INFO - Filling up the DagBag from /opt/airflow/dags/comptage_dag.py
[2026-09-25T15:01:30.505+0000] {processor.py:925} INFO - DAG(s) 'comptage_dag' retrieved from /opt/airflow/dags/comptage_dag.py
[2026-09-25T15:01:30.521+0000] {logging_mixin.py:190} INFO - [2026-09-25T15:01:30.521+0000] {dag.py:3239} INFO - Sync 1 DAGs
[2026-09-25T15:01:30.538+0000] {logging_mixin.py:190} INFO - [2026-09-25T15:01:30.538+0000] {dag.py:4180} INFO - Setting next_dagrun for comptage_dag to 2026-09-25 00:00:00+00:00, run_after=2026-09-26 00:00:00+00:00
[2026-09-25T15:01:30.553+0000] {processor.py:208} INFO - Processing /opt/airflow/dags/comptage_dag.py took 0.073 seconds
[2026-09-25T15:02:00.701+0000] {processor.py:186} INFO - Started process (PID=1871) to work on /opt/airflow/dags/comptage_dag.py
[2026-09-25T15:02:00.702+0000] {processor.py:914} INFO - Processing file /opt/airflow/dags/comptage_dag.py for tasks to queue
[2026-09-25T15:02:00.704+0000] {logging_mixin.py:190} INFO - [2026-09-25T15:02:00.704+0000] {dagbag.py:588} INFO - Filling up the DagBag from /opt/airflow/dags/comptage_dag.py
[2026-09-25T15:02:00.713+0000] {processor.py:925} INFO - DAG(s) 'comptage_dag' retrieved from /opt/airflow/dags/comptage_dag.py
[2026-09-25T15:02:00.731+0000] {logging_mixin.py:190} INFO - [2026-09-25T15:02:00.731+0000] {dag.py:3239} INFO - Sync 1 DAGs
[2026-09-25T15:02:00.750+0000] {logging_mixin.py:190} INFO - [2026-09-25T15:02:00.750+0000] {dag.py:4180} INFO - Setting next_dagrun for comptage_dag to 2026-09-25 00:00:00+00:00, run_after=2026-09-26 00:00:00+00:00
[2026-09-25T15:02:00.763+0000] {processor.py:208} INFO - Processing /opt/airflow/dags/comptage_dag.py took 0.067 seconds
[2026-09-25T15:02:30.887+0000] {processor.py:186} INFO - Started process (PID=1896) to work on /opt/airflow/dags/comptage_dag.py
[2026-09-25T15:02:30.890+0000] {processor.py:914} INFO - Processing file /opt/airflow/dags/comptage_dag.py for tasks to queue
[2026-09-25T15:02:30.896+0000] {logging_mixin.py:190} INFO - [2026-09-25T15:02:30.896+0000] {dagbag.py:588} INFO - Filling up the DagBag from /opt/airflow/dags/comptage_dag.py
[2026-09-25T15:02:30.913+0000] {processor.py:925} INFO - DAG(s) 'comptage_dag' retrieved from /opt/airflow/dags/comptage_dag.py
[2026-09-25T15:02:30.954+0000] {logging_mixin.py:190} INFO - [2026-09-25T15:02:30.954+0000] {dag.py:3239} INFO - Sync 1 DAGs
[2026-09-25T15:02:30.980+0000] {logging_mixin.py:190} INFO - [2026-09-25T15:02:30.980+0000] {dag.py:4180} INFO - Setting next_dagrun for comptage_dag to 2026-09-25 00:00:00+00:00, run_after=2026-09-26 00:00:00+00:00
[2026-09-25T15:02:31.007+0000] {processor.py:208} INFO - Processing /opt/airflow/dags/comptage_dag.py took 0.130 seconds
[2026-09-25T15:03:01.081+0000] {processor.py:186} INFO - Started process (PID=1913) to work on /opt/airflow/dags/comptage_dag.py
[2026-09-25T15:03:01.082+0000] {processor.py:914} INFO - Processing file /opt/airflow/dags/comptage_dag.py for tasks to queue
[2026-09-25T15:03:01.086+0000] {logging_mixin.py:190} INFO - [2026-09-25T15:03:01.086+0000] {dagbag.py:588} INFO - Filling up the DagBag from /opt/airflow/dags/comptage_dag.py
[2026-09-25T15:03:01.094+0000] {processor.py:925} INFO - DAG(s) 'comptage_dag' retrieved from /opt/airflow/dags/comptage_dag.py
[2026-09-25T15:03:01.113+0000] {logging_mixin.py:190} INFO - [2026-09-25T15:03:01.113+0000] {dag.py:3239} INFO - Sync 1 DAGs
[2026-09-25T15:03:01.131+0000] {logging_mixin.py:190} INFO - [2026-09-25T15:03:01.131+0000] {dag.py:4180} INFO - Setting next_dagrun for comptage_dag to 2026-09-25 00:00:00+00:00, run_after=2026-09-26 00:00:00+00:00
[2026-09-25T15:03:01.144+0000] {processor.py:208} INFO - Processing /opt/airflow/dags/comptage_dag.py took 0.066 seconds
[2026-09-25T15:03:31.250+0000] {processor.py:186} INFO - Started process (PID=1930) to work on /opt/airflow/dags/comptage_dag.py
[2026-09-25T15:03:31.251+0000] {processor.py:914} INFO - Processing file /opt/airflow/dags/comptage_dag.py for tasks to queue
[2026-09-25T15:03:31.253+0000] {logging_mixin.py:190} INFO - [2026-09-25T15:03:31.253+0000] {dagbag.py:588} INFO - Filling up the DagBag from /opt/airflow/dags/comptage_dag.py
[2026-09-25T15:03:31.262+0000] {processor.py:925} INFO - DAG(s) 'comptage_dag' retrieved from /opt/airflow/dags/comptage_dag.py
[2026-09-25T15:03:31.279+0000] {logging_mixin.py:190} INFO - [2026-09-25T15:03:31.279+0000] {dag.py:3239} INFO - Sync 1 DAGs
[2026-09-25T15:03:31.298+0000] {logging_mixin.py:190} INFO - [2026-09-25T15:03:31.298+0000] {dag.py:4180} INFO - Setting next_dagrun for comptage_dag to 2026-09-25 00:00:00+00:00, run_after=2026-09-26 00:00:00+00:00
[2026-09-25T15:03:31.312+0000] {processor.py:208} INFO - Processing /opt/airflow/dags/comptage_dag.py took 0.067 seconds
[2026-09-25T15:04:01.456+0000] {processor.py:186} INFO - Started process (PID=1954) to work on /opt/airflow/dags/comptage_dag.py
[2026-09-25T15:04:01.458+0000] {processor.py:914} INFO - Processing file /opt/airflow/dags/comptage_dag.py for tasks to queue
[2026-09-25T15:04:01.460+0000] {logging_mixin.py:190} INFO - [2026-09-25T15:04:01.460+0000] {dagbag.py:588} INFO - Filling up the DagBag from /opt/airflow/dags/comptage_dag.py
[2026-09-25T15:04:01.477+0000] {processor.py:925} INFO - DAG(s) 'comptage_dag' retrieved from /opt/airflow/dags/comptage_dag.py
[2026-09-25T15:04:01.519+0000] {logging_mixin.py:190} INFO - [2026-09-25T15:04:01.518+0000] {dag.py:3239} INFO - Sync 1 DAGs
[2026-09-25T15:04:01.566+0000] {logging_mixin.py:190} INFO - [2026-09-25T15:04:01.566+0000] {dag.py:4180} INFO - Setting next_dagrun for comptage_dag to 2026-09-25 00:00:00+00:00, run_after=2026-09-26 00:00:00+00:00
[2026-09-25T15:04:01.592+0000] {processor.py:208} INFO - Processing /opt/airflow/dags/comptage_dag.py took 0.149 seconds
[2026-09-25T15:04:31.743+0000] {processor.py:186} INFO - Started process (PID=1973) to work on /opt/airflow/dags/comptage_dag.py
[2026-09-25T15:04:31.744+0000] {processor.py:914} INFO - Processing file /opt/airflow/dags/comptage_dag.py for tasks to queue
[2026-09-25T15:04:31.746+0000] {logging_mixin.py:190} INFO - [2026-09-25T15:04:31.746+0000] {dagbag.py:588} INFO - Filling up the DagBag from /opt/airflow/dags/comptage_dag.py
[2026-09-25T15:04:31.755+0000] {processor.py:925} INFO - DAG(s) 'comptage_dag' retrieved from /opt/airflow/dags/comptage_dag.py
[2026-09-25T15:04:31.777+0000] {logging_mixin.py:190} INFO - [2026-09-25T15:04:31.777+0000] {dag.py:3239} INFO - Sync 1 DAGs
[2026-09-25T15:04:31.796+0000] {logging_mixin.py:190} INFO - [2026-09-25T15:04:31.796+0000] {dag.py:4180} INFO - Setting next_dagrun for comptage_dag to 2026-09-25 00:00:00+00:00, run_after=2026-09-26 00:00:00+00:00
[2026-09-25T15:04:31.811+0000] {processor.py:208} INFO - Processing /opt/airflow/dags/comptage_dag.py took 0.074 seconds
[2026-09-25T15:05:01.895+0000] {processor.py:186} INFO - Started process (PID=1990) to work on /opt/airflow/dags/comptage_dag.py
[2026-09-25T15:05:01.900+0000] {processor.py:914} INFO - Processing file /opt/airflow/dags/comptage_dag.py for tasks to queue
[2026-09-25T15:05:01.902+0000] {logging_mixin.py:190} INFO - [2026-09-25T15:05:01.902+0000] {dagbag.py:588} INFO - Filling up the DagBag from /opt/airflow/dags/comptage_dag.py
[2026-09-25T15:05:01.908+0000] {processor.py:925} INFO - DAG(s) 'comptage_dag' retrieved from /opt/airflow/dags/comptage_dag.py
[2026-09-25T15:05:01.922+0000] {logging_mixin.py:190} INFO - [2026-09-25T15:05:01.922+0000] {dag.py:3239} INFO - Sync 1 DAGs
[2026-09-25T15:05:01.939+0000] {logging_mixin.py:190} INFO - [2026-09-25T15:05:01.939+0000] {dag.py:4180} INFO - Setting next_dagrun for comptage_dag to 2026-09-25 00:00:00+00:00, run_after=2026-09-26 00:00:00+00:00
[2026-09-25T15:05:01.950+0000] {processor.py:208} INFO - Processing /opt/airflow/dags/comptage_dag.py took 0.060 seconds
[2026-09-25T15:05:32.080+0000] {processor.py:186} INFO - Started process (PID=2015) to work on /opt/airflow/dags/comptage_dag.py
[2026-09-25T15:05:32.081+0000] {processor.py:914} INFO - Processing file /opt/airflow/dags/comptage_dag.py for tasks to queue
[2026-09-25T15:05:32.083+0000] {logging_mixin.py:190} INFO - [2026-09-25T15:05:32.082+0000] {dagbag.py:588} INFO - Filling up the DagBag from /opt/airflow/dags/comptage_dag.py
[2026-09-25T15:05:32.092+0000] {processor.py:925} INFO - DAG(s) 'comptage_dag' retrieved from /opt/airflow/dags/comptage_dag.py
[2026-09-25T15:05:32.116+0000] {logging_mixin.py:190} INFO - [2026-09-25T15:05:32.115+0000] {dag.py:3239} INFO - Sync 1 DAGs
[2026-09-25T15:05:32.140+0000] {logging_mixin.py:190} INFO - [2026-09-25T15:05:32.139+0000] {dag.py:4180} INFO - Setting next_dagrun for comptage_dag to 2026-09-25 00:00:00+00:00, run_after=2026-09-26 00:00:00+00:00
[2026-09-25T15:05:32.157+0000] {processor.py:208} INFO - Processing /opt/airflow/dags/comptage_dag.py took 0.081 seconds
[2026-09-25T15:06:02.266+0000] {processor.py:186} INFO - Started process (PID=2032) to work on /opt/airflow/dags/comptage_dag.py
[2026-09-25T15:06:02.267+0000] {processor.py:914} INFO - Processing file /opt/airflow/dags/comptage_dag.py for tasks to queue
[2026-09-25T15:06:02.269+0000] {logging_mixin.py:190} INFO - [2026-09-25T15:06:02.268+0000] {dagbag.py:588} INFO - Filling up the DagBag from /opt/airflow/dags/comptage_dag.py
[2026-09-25T15:06:02.282+0000] {processor.py:925} INFO - DAG(s) 'comptage_dag' retrieved from /opt/airflow/dags/comptage_dag.py
[2026-09-25T15:06:02.312+0000] {logging_mixin.py:190} INFO - [2026-09-25T15:06:02.312+0000] {dag.py:3239} INFO - Sync 1 DAGs
[2026-09-25T15:06:02.346+0000] {logging_mixin.py:190} INFO - [2026-09-25T15:06:02.346+0000] {dag.py:4180} INFO - Setting next_dagrun for comptage_dag to 2026-09-25 00:00:00+00:00, run_after=2026-09-26 00:00:00+00:00
[2026-09-25T15:06:02.374+0000] {processor.py:208} INFO - Processing /opt/airflow/dags/comptage_dag.py took 0.118 seconds
[2026-09-25T15:06:32.505+0000] {processor.py:186} INFO - Started process (PID=2049) to work on /opt/airflow/dags/comptage_dag.py
[2026-09-25T15:06:32.511+0000] {processor.py:914} INFO - Processing file /opt/airflow/dags/comptage_dag.py for tasks to queue
[2026-09-25T15:06:32.513+0000] {logging_mixin.py:190} INFO - [2026-09-25T15:06:32.512+0000] {dagbag.py:588} INFO - Filling up the DagBag from /opt/airflow/dags/comptage_dag.py
[2026-09-25T15:06:32.520+0000] {processor.py:925} INFO - DAG(s) 'comptage_dag' retrieved from /opt/airflow/dags/comptage_dag.py
[2026-09-25T15:06:32.537+0000] {logging_mixin.py:190} INFO - [2026-09-25T15:06:32.537+0000] {dag.py:3239} INFO - Sync 1 DAGs
[2026-09-25T15:06:32.555+0000] {logging_mixin.py:190} INFO - [2026-09-25T15:06:32.555+0000] {dag.py:4180} INFO - Setting next_dagrun for comptage_dag to 2026-09-25 00:00:00+00:00, run_after=2026-09-26 00:00:00+00:00
[2026-09-25T15:06:32.567+0000] {processor.py:208} INFO - Processing /opt/airflow/dags/comptage_dag.py took 0.067 seconds
[2026-09-25T15:07:02.716+0000] {processor.py:186} INFO - Started process (PID=2066) to work on /opt/airflow/dags/comptage_dag.py
[2026-09-25T15:07:02.717+0000] {processor.py:914} INFO - Processing file /opt/airflow/dags/comptage_dag.py for tasks to queue
[2026-09-25T15:07:02.720+0000] {logging_mixin.py:190} INFO - [2026-09-25T15:07:02.719+0000] {dagbag.py:588} INFO - Filling up the DagBag from /opt/airflow/dags/comptage_dag.py
[2026-09-25T15:07:02.729+0000] {processor.py:925} INFO - DAG(s) 'comptage_dag' retrieved from /opt/airflow/dags/comptage_dag.py
[2026-09-25T15:07:02.746+0000] {logging_mixin.py:190} INFO - [2026-09-25T15:07:02.746+0000] {dag.py:3239} INFO - Sync 1 DAGs
[2026-09-25T15:07:02.763+0000] {logging_mixin.py:190} INFO - [2026-09-25T15:07:02.763+0000] {dag.py:4180} INFO - Setting next_dagrun for comptage_dag to 2026-09-25 00:00:00+00:00, run_after=2026-09-26 00:00:00+00:00
[2026-09-25T15:07:02.775+0000] {processor.py:208} INFO - Processing /opt/airflow/dags/comptage_dag.py took 0.066 seconds
[2026-09-25T15:07:32.853+0000] {processor.py:186} INFO - Started process (PID=2091) to work on /opt/airflow/dags/comptage_dag.py
[2026-09-25T15:07:32.854+0000] {processor.py:914} INFO - Processing file /opt/airflow/dags/comptage_dag.py for tasks to queue
[2026-09-25T15:07:32.856+0000] {logging_mixin.py:190} INFO - [2026-09-25T15:07:32.856+0000] {dagbag.py:588} INFO - Filling up the DagBag from /opt/airflow/dags/comptage_dag.py
[2026-09-25T15:07:32.866+0000] {processor.py:925} INFO - DAG(s) 'comptage_dag' retrieved from /opt/airflow/dags/comptage_dag.py
[2026-09-25T15:07:32.892+0000] {logging_mixin.py:190} INFO - [2026-09-25T15:07:32.891+0000] {dag.py:3239} INFO - Sync 1 DAGs
[2026-09-25T15:07:32.910+0000] {logging_mixin.py:190} INFO - [2026-09-25T15:07:32.910+0000] {dag.py:4180} INFO - Setting next_dagrun for comptage_dag to 2026-09-25 00:00:00+00:00, run_after=2026-09-26 00:00:00+00:00
[2026-09-25T15:07:32.922+0000] {processor.py:208} INFO - Processing /opt/airflow/dags/comptage_dag.py took 0.075 seconds
[2026-09-25T15:08:03.014+0000] {processor.py:186} INFO - Started process (PID=2108) to work on /opt/airflow/dags/comptage_dag.py
[2026-09-25T15:08:03.020+0000] {processor.py:914} INFO - Processing file /opt/airflow/dags/comptage_dag.py for tasks to queue
[2026-09-25T15:08:03.022+0000] {logging_mixin.py:190} INFO - [2026-09-25T15:08:03.022+0000] {dagbag.py:588} INFO - Filling up the DagBag from /opt/airflow/dags/comptage_dag.py
[2026-09-25T15:08:03.030+0000] {processor.py:925} INFO - DAG(s) 'comptage_dag' retrieved from /opt/airflow/dags/comptage_dag.py
[2026-09-25T15:08:03.054+0000] {logging_mixin.py:190} INFO - [2026-09-25T15:08:03.053+0000] {dag.py:3239} INFO - Sync 1 DAGs
[2026-09-25T15:08:03.077+0000] {logging_mixin.py:190} INFO - [2026-09-25T15:08:03.076+0000] {dag.py:4180} INFO - Setting next_dagrun for comptage_dag to 2026-09-25 00:00:00+00:00, run_after=2026-09-26 00:00:00+00:00
[2026-09-25T15:08:03.096+0000] {processor.py:208} INFO - Processing /opt/airflow/dags/comptage_dag.py took 0.088 seconds
[2026-09-25T15:08:33.194+0000] {processor.py:186} INFO - Started process (PID=2134) to work on /opt/airflow/dags/comptage_dag.py
[2026-09-25T15:08:33.196+0000] {processor.py:914} INFO - Processing file /opt/airflow/dags/comptage_dag.py for tasks to queue
[2026-09-25T15:08:33.198+0000] {logging_mixin.py:190} INFO - [2026-09-25T15:08:33.197+0000] {dagbag.py:588} INFO - Filling up the DagBag from /opt/airflow/dags/comptage_dag.py
[2026-09-25T15:08:33.207+0000] {processor.py:925} INFO - DAG(s) 'comptage_dag' retrieved from /opt/airflow/dags/comptage_dag.py
[2026-09-25T15:08:33.224+0000] {logging_mixin.py:190} INFO - [2026-09-25T15:08:33.224+0000] {dag.py:3239} INFO - Sync 1 DAGs
[2026-09-25T15:08:33.242+0000] {logging_mixin.py:190} INFO - [2026-09-25T15:08:33.242+0000] {dag.py:4180} INFO - Setting next_dagrun for comptage_dag to 2026-09-25 00:00:00+00:00, run_after=2026-09-26 00:00:00+00:00
[2026-09-25T15:08:33.255+0000] {processor.py:208} INFO - Processing /opt/airflow/dags/comptage_dag.py took 0.072 seconds
[2026-09-25T15:09:03.429+0000] {processor.py:186} INFO - Started process (PID=2151) to work on /opt/airflow/dags/comptage_dag.py
[2026-09-25T15:09:03.429+0000] {processor.py:914} INFO - Processing file /opt/airflow/dags/comptage_dag.py for tasks to queue
[2026-09-25T15:09:03.431+0000] {logging_mixin.py:190} INFO - [2026-09-25T15:09:03.430+0000] {dagbag.py:588} INFO - Filling up the DagBag from /opt/airflow/dags/comptage_dag.py
[2026-09-25T15:09:03.438+0000] {processor.py:925} INFO - DAG(s) 'comptage_dag' retrieved from /opt/airflow/dags/comptage_dag.py
[2026-09-25T15:09:03.453+0000] {logging_mixin.py:190} INFO - [2026-09-25T15:09:03.452+0000] {dag.py:3239} INFO - Sync 1 DAGs
[2026-09-25T15:09:03.469+0000] {logging_mixin.py:190} INFO - [2026-09-25T15:09:03.469+0000] {dag.py:4180} INFO - Setting next_dagrun for comptage_dag to 2026-09-25 00:00:00+00:00, run_after=2026-09-26 00:00:00+00:00
[2026-09-25T15:09:03.480+0000] {processor.py:208} INFO - Processing /opt/airflow/dags/comptage_dag.py took 0.055 seconds
[2026-09-25T15:09:33.596+0000] {processor.py:186} INFO - Started process (PID=2176) to work on /opt/airflow/dags/comptage_dag.py
[2026-09-25T15:09:33.597+0000] {processor.py:914} INFO - Processing file /opt/airflow/dags/comptage_dag.py for tasks to queue
[2026-09-25T15:09:33.598+0000] {logging_mixin.py:190} INFO - [2026-09-25T15:09:33.598+0000] {dagbag.py:588} INFO - Filling up the DagBag from /opt/airflow/dags/comptage_dag.py
[2026-09-25T15:09:33.610+0000] {processor.py:925} INFO - DAG(s) 'comptage_dag' retrieved from /opt/airflow/dags/comptage_dag.py
[2026-09-25T15:09:33.635+0000] {logging_mixin.py:190} INFO - [2026-09-25T15:09:33.634+0000] {dag.py:3239} INFO - Sync 1 DAGs
[2026-09-25T15:09:33.657+0000] {logging_mixin.py:190} INFO - [2026-09-25T15:09:33.657+0000] {dag.py:4180} INFO - Setting next_dagrun for comptage_dag to 2026-09-25 00:00:00+00:00, run_after=2026-09-26 00:00:00+00:00
[2026-09-25T15:09:33.672+0000] {processor.py:208} INFO - Processing /opt/airflow/dags/comptage_dag.py took 0.081 seconds
[2026-09-25T15:10:03.756+0000] {processor.py:186} INFO - Started process (PID=2193) to work on /opt/airflow/dags/comptage_dag.py
[2026-09-25T15:10:03.757+0000] {processor.py:914} INFO - Processing file /opt/airflow/dags/comptage_dag.py for tasks to queue
[2026-09-25T15:10:03.759+0000] {logging_mixin.py:190} INFO - [2026-09-25T15:10:03.758+0000] {dagbag.py:588} INFO - Filling up the DagBag from /opt/airflow/dags/comptage_dag.py
[2026-09-25T15:10:03.767+0000] {processor.py:925} INFO - DAG(s) 'comptage_dag' retrieved from /opt/airflow/dags/comptage_dag.py
[2026-09-25T15:10:03.785+0000] {logging_mixin.py:190} INFO - [2026-09-25T15:10:03.784+0000] {dag.py:3239} INFO - Sync 1 DAGs
[2026-09-25T15:10:03.803+0000] {logging_mixin.py:190} INFO - [2026-09-25T15:10:03.803+0000] {dag.py:4180} INFO - Setting next_dagrun for comptage_dag to 2026-09-25 00:00:00+00:00, run_after=2026-09-26 00:00:00+00:00
[2026-09-25T15:10:03.816+0000] {processor.py:208} INFO - Processing /opt/airflow/dags/comptage_dag.py took 0.065 seconds
[2026-09-25T15:10:33.930+0000] {processor.py:186} INFO - Started process (PID=2218) to work on /opt/airflow/dags/comptage_dag.py
[2026-09-25T15:10:33.931+0000] {processor.py:914} INFO - Processing file /opt/airflow/dags/comptage_dag.py for tasks to queue
[2026-09-25T15:10:33.933+0000] {logging_mixin.py:190} INFO - [2026-09-25T15:10:33.932+0000] {dagbag.py:588} INFO - Filling up the DagBag from /opt/airflow/dags/comptage_dag.py
[2026-09-25T15:10:33.947+0000] {processor.py:925} INFO - DAG(s) 'comptage_dag' retrieved from /opt/airflow/dags/comptage_dag.py
[2026-09-25T15:10:33.974+0000] {logging_mixin.py:190} INFO - [2026-09-25T15:10:33.973+0000] {dag.py:3239} INFO - Sync 1 DAGs
[2026-09-25T15:10:34.007+0000] {logging_mixin.py:190} INFO - [2026-09-25T15:10:34.007+0000] {dag.py:4180} INFO - Setting next_dagrun for comptage_dag to 2026-09-25 00:00:00+00:00, run_after=2026-09-26 00:00:00+00:00
[2026-09-25T15:10:34.030+0000] {processor.py:208} INFO - Processing /opt/airflow/dags/comptage_dag.py took 0.109 seconds
[2026-09-25T15:11:04.069+0000] {processor.py:186} INFO - Started process (PID=2236) to work on /opt/airflow/dags/comptage_dag.py
[2026-09-25T15:11:04.071+0000] {processor.py:914} INFO - Processing file /opt/airflow/dags/comptage_dag.py for tasks to queue
[2026-09-25T15:11:04.075+0000] {logging_mixin.py:190} INFO - [2026-09-25T15:11:04.075+0000] {dagbag.py:588} INFO - Filling up the DagBag from /opt/airflow/dags/comptage_dag.py
[2026-09-25T15:11:04.092+0000] {processor.py:925} INFO - DAG(s) 'comptage_dag' retrieved from /opt/airflow/dags/comptage_dag.py
[2026-09-25T15:11:04.129+0000] {logging_mixin.py:190} INFO - [2026-09-25T15:11:04.128+0000] {dag.py:3239} INFO - Sync 1 DAGs
[2026-09-25T15:11:04.160+0000] {logging_mixin.py:190} INFO - [2026-09-25T15:11:04.160+0000] {dag.py:4180} INFO - Setting next_dagrun for comptage_dag to 2026-09-25 00:00:00+00:00, run_after=2026-09-26 00:00:00+00:00
[2026-09-25T15:11:04.188+0000] {processor.py:208} INFO - Processing /opt/airflow/dags/comptage_dag.py took 0.125 seconds
[2026-09-25T15:11:34.324+0000] {processor.py:186} INFO - Started process (PID=2253) to work on /opt/airflow/dags/comptage_dag.py
[2026-09-25T15:11:34.325+0000] {processor.py:914} INFO - Processing file /opt/airflow/dags/comptage_dag.py for tasks to queue
[2026-09-25T15:11:34.330+0000] {logging_mixin.py:190} INFO - [2026-09-25T15:11:34.329+0000] {dagbag.py:588} INFO - Filling up the DagBag from /opt/airflow/dags/comptage_dag.py
[2026-09-25T15:11:34.347+0000] {processor.py:925} INFO - DAG(s) 'comptage_dag' retrieved from /opt/airflow/dags/comptage_dag.py
[2026-09-25T15:11:34.381+0000] {logging_mixin.py:190} INFO - [2026-09-25T15:11:34.381+0000] {dag.py:3239} INFO - Sync 1 DAGs
[2026-09-25T15:11:34.411+0000] {logging_mixin.py:190} INFO - [2026-09-25T15:11:34.411+0000] {dag.py:4180} INFO - Setting next_dagrun for comptage_dag to 2026-09-25 00:00:00+00:00, run_after=2026-09-26 00:00:00+00:00
[2026-09-25T15:11:34.436+0000] {processor.py:208} INFO - Processing /opt/airflow/dags/comptage_dag.py took 0.121 seconds
[2026-09-25T15:12:04.537+0000] {processor.py:186} INFO - Started process (PID=2276) to work on /opt/airflow/dags/comptage_dag.py
[2026-09-25T15:12:04.538+0000] {processor.py:914} INFO - Processing file /opt/airflow/dags/comptage_dag.py for tasks to queue
[2026-09-25T15:12:04.540+0000] {logging_mixin.py:190} INFO - [2026-09-25T15:12:04.539+0000] {dagbag.py:588} INFO - Filling up the DagBag from /opt/airflow/dags/comptage_dag.py
[2026-09-25T15:12:04.549+0000] {processor.py:925} INFO - DAG(s) 'comptage_dag' retrieved from /opt/airflow/dags/comptage_dag.py
[2026-09-25T15:12:04.568+0000] {logging_mixin.py:190} INFO - [2026-09-25T15:12:04.568+0000] {dag.py:3239} INFO - Sync 1 DAGs
[2026-09-25T15:12:04.588+0000] {logging_mixin.py:190} INFO - [2026-09-25T15:12:04.587+0000] {dag.py:4180} INFO - Setting next_dagrun for comptage_dag to 2026-09-25 00:00:00+00:00, run_after=2026-09-26 00:00:00+00:00
[2026-09-25T15:12:04.600+0000] {processor.py:208} INFO - Processing /opt/airflow/dags/comptage_dag.py took 0.068 seconds
[2026-09-25T15:12:34.726+0000] {processor.py:186} INFO - Started process (PID=2294) to work on /opt/airflow/dags/comptage_dag.py
[2026-09-25T15:12:34.726+0000] {processor.py:914} INFO - Processing file /opt/airflow/dags/comptage_dag.py for tasks to queue
[2026-09-25T15:12:34.728+0000] {logging_mixin.py:190} INFO - [2026-09-25T15:12:34.728+0000] {dagbag.py:588} INFO - Filling up the DagBag from /opt/airflow/dags/comptage_dag.py
[2026-09-25T15:12:34.735+0000] {processor.py:925} INFO - DAG(s) 'comptage_dag' retrieved from /opt/airflow/dags/comptage_dag.py
[2026-09-25T15:12:34.750+0000] {logging_mixin.py:190} INFO - [2026-09-25T15:12:34.750+0000] {dag.py:3239} INFO - Sync 1 DAGs
[2026-09-25T15:12:34.765+0000] {logging_mixin.py:190} INFO - [2026-09-25T15:12:34.765+0000] {dag.py:4180} INFO - Setting next_dagrun for comptage_dag to 2026-09-25 00:00:00+00:00, run_after=2026-09-26 00:00:00+00:00
[2026-09-25T15:12:34.776+0000] {processor.py:208} INFO - Processing /opt/airflow/dags/comptage_dag.py took 0.056 seconds
[2026-09-25T15:13:05.001+0000] {processor.py:186} INFO - Started process (PID=2311) to work on /opt/airflow/dags/comptage_dag.py
[2026-09-25T15:13:05.001+0000] {processor.py:914} INFO - Processing file /opt/airflow/dags/comptage_dag.py for tasks to queue
[2026-09-25T15:13:05.003+0000] {logging_mixin.py:190} INFO - [2026-09-25T15:13:05.003+0000] {dagbag.py:588} INFO - Filling up the DagBag from /opt/airflow/dags/comptage_dag.py
[2026-09-25T15:13:05.009+0000] {processor.py:925} INFO - DAG(s) 'comptage_dag' retrieved from /opt/airflow/dags/comptage_dag.py
[2026-09-25T15:13:05.028+0000] {logging_mixin.py:190} INFO - [2026-09-25T15:13:05.028+0000] {dag.py:3239} INFO - Sync 1 DAGs
[2026-09-25T15:13:05.051+0000] {logging_mixin.py:190} INFO - [2026-09-25T15:13:05.051+0000] {dag.py:4180} INFO - Setting next_dagrun for comptage_dag to 2026-09-25 00:00:00+00:00, run_after=2026-09-26 00:00:00+00:00
[2026-09-25T15:13:05.065+0000] {processor.py:208} INFO - Processing /opt/airflow/dags/comptage_dag.py took 0.068 seconds
[2026-09-25T15:13:35.217+0000] {processor.py:186} INFO - Started process (PID=2336) to work on /opt/airflow/dags/comptage_dag.py
[2026-09-25T15:13:35.223+0000] {processor.py:914} INFO - Processing file /opt/airflow/dags/comptage_dag.py for tasks to queue
[2026-09-25T15:13:35.224+0000] {logging_mixin.py:190} INFO - [2026-09-25T15:13:35.224+0000] {dagbag.py:588} INFO - Filling up the DagBag from /opt/airflow/dags/comptage_dag.py
[2026-09-25T15:13:35.234+0000] {processor.py:925} INFO - DAG(s) 'comptage_dag' retrieved from /opt/airflow/dags/comptage_dag.py
[2026-09-25T15:13:35.251+0000] {logging_mixin.py:190} INFO - [2026-09-25T15:13:35.251+0000] {dag.py:3239} INFO - Sync 1 DAGs
[2026-09-25T15:13:35.266+0000] {logging_mixin.py:190} INFO - [2026-09-25T15:13:35.266+0000] {dag.py:4180} INFO - Setting next_dagrun for comptage_dag to 2026-09-25 00:00:00+00:00, run_after=2026-09-26 00:00:00+00:00
[2026-09-25T15:13:35.276+0000] {processor.py:208} INFO - Processing /opt/airflow/dags/comptage_dag.py took 0.063 seconds
[2026-09-25T15:14:05.424+0000] {processor.py:186} INFO - Started process (PID=2360) to work on /opt/airflow/dags/comptage_dag.py
[2026-09-25T15:14:05.425+0000] {processor.py:914} INFO - Processing file /opt/airflow/dags/comptage_dag.py for tasks to queue
[2026-09-25T15:14:05.426+0000] {logging_mixin.py:190} INFO - [2026-09-25T15:14:05.426+0000] {dagbag.py:588} INFO - Filling up the DagBag from /opt/airflow/dags/comptage_dag.py
[2026-09-25T15:14:05.433+0000] {processor.py:925} INFO - DAG(s) 'comptage_dag' retrieved from /opt/airflow/dags/comptage_dag.py
[2026-09-25T15:14:05.449+0000] {logging_mixin.py:190} INFO - [2026-09-25T15:14:05.448+0000] {dag.py:3239} INFO - Sync 1 DAGs
[2026-09-25T15:14:05.466+0000] {logging_mixin.py:190} INFO - [2026-09-25T15:14:05.466+0000] {dag.py:4180} INFO - Setting next_dagrun for comptage_dag to 2026-09-25 00:00:00+00:00, run_after=2026-09-26 00:00:00+00:00
[2026-09-25T15:14:05.478+0000] {processor.py:208} INFO - Processing /opt/airflow/dags/comptage_dag.py took 0.058 seconds
[2026-09-25T15:14:35.601+0000] {processor.py:186} INFO - Started process (PID=2378) to work on /opt/airflow/dags/comptage_dag.py
[2026-09-25T15:14:35.602+0000] {processor.py:914} INFO - Processing file /opt/airflow/dags/comptage_dag.py for tasks to queue
[2026-09-25T15:14:35.603+0000] {logging_mixin.py:190} INFO - [2026-09-25T15:14:35.603+0000] {dagbag.py:588} INFO - Filling up the DagBag from /opt/airflow/dags/comptage_dag.py
[2026-09-25T15:14:35.610+0000] {processor.py:925} INFO - DAG(s) 'comptage_dag' retrieved from /opt/airflow/dags/comptage_dag.py
[2026-09-25T15:14:35.626+0000] {logging_mixin.py:190} INFO - [2026-09-25T15:14:35.626+0000] {dag.py:3239} INFO - Sync 1 DAGs
[2026-09-25T15:14:35.642+0000] {logging_mixin.py:190} INFO - [2026-09-25T15:14:35.642+0000] {dag.py:4180} INFO - Setting next_dagrun for comptage_dag to 2026-09-25 00:00:00+00:00, run_after=2026-09-26 00:00:00+00:00
[2026-09-25T15:14:35.655+0000] {processor.py:208} INFO - Processing /opt/airflow/dags/comptage_dag.py took 0.060 seconds
[2026-09-25T15:15:05.827+0000] {processor.py:186} INFO - Started process (PID=2401) to work on /opt/airflow/dags/comptage_dag.py
[2026-09-25T15:15:05.827+0000] {processor.py:914} INFO - Processing file /opt/airflow/dags/comptage_dag.py for tasks to queue
[2026-09-25T15:15:05.829+0000] {logging_mixin.py:190} INFO - [2026-09-25T15:15:05.828+0000] {dagbag.py:588} INFO - Filling up the DagBag from /opt/airflow/dags/comptage_dag.py
[2026-09-25T15:15:05.835+0000] {processor.py:925} INFO - DAG(s) 'comptage_dag' retrieved from /opt/airflow/dags/comptage_dag.py
[2026-09-25T15:15:05.850+0000] {logging_mixin.py:190} INFO - [2026-09-25T15:15:05.850+0000] {dag.py:3239} INFO - Sync 1 DAGs
[2026-09-25T15:15:05.866+0000] {logging_mixin.py:190} INFO - [2026-09-25T15:15:05.866+0000] {dag.py:4180} INFO - Setting next_dagrun for comptage_dag to 2026-09-25 00:00:00+00:00, run_after=2026-09-26 00:00:00+00:00
[2026-09-25T15:15:05.877+0000] {processor.py:208} INFO - Processing /opt/airflow/dags/comptage_dag.py took 0.054 seconds
[2026-09-25T15:15:36.021+0000] {processor.py:186} INFO - Started process (PID=2419) to work on /opt/airflow/dags/comptage_dag.py
[2026-09-25T15:15:36.027+0000] {processor.py:914} INFO - Processing file /opt/airflow/dags/comptage_dag.py for tasks to queue
[2026-09-25T15:15:36.031+0000] {logging_mixin.py:190} INFO - [2026-09-25T15:15:36.031+0000] {dagbag.py:588} INFO - Filling up the DagBag from /opt/airflow/dags/comptage_dag.py
[2026-09-25T15:15:36.042+0000] {processor.py:925} INFO - DAG(s) 'comptage_dag' retrieved from /opt/airflow/dags/comptage_dag.py
[2026-09-25T15:15:36.056+0000] {logging_mixin.py:190} INFO - [2026-09-25T15:15:36.056+0000] {dag.py:3239} INFO - Sync 1 DAGs
[2026-09-25T15:15:36.071+0000] {logging_mixin.py:190} INFO - [2026-09-25T15:15:36.071+0000] {dag.py:4180} INFO - Setting next_dagrun for comptage_dag to 2026-09-25 00:00:00+00:00, run_after=2026-09-26 00:00:00+00:00
[2026-09-25T15:15:36.082+0000] {processor.py:208} INFO - Processing /opt/airflow/dags/comptage_dag.py took 0.066 seconds
[2026-09-25T15:16:06.237+0000] {processor.py:186} INFO - Started process (PID=2444) to work on /opt/airflow/dags/comptage_dag.py
[2026-09-25T15:16:06.237+0000] {processor.py:914} INFO - Processing file /opt/airflow/dags/comptage_dag.py for tasks to queue
[2026-09-25T15:16:06.239+0000] {logging_mixin.py:190} INFO - [2026-09-25T15:16:06.239+0000] {dagbag.py:588} INFO - Filling up the DagBag from /opt/airflow/dags/comptage_dag.py
[2026-09-25T15:16:06.245+0000] {processor.py:925} INFO - DAG(s) 'comptage_dag' retrieved from /opt/airflow/dags/comptage_dag.py
[2026-09-25T15:16:06.259+0000] {logging_mixin.py:190} INFO - [2026-09-25T15:16:06.259+0000] {dag.py:3239} INFO - Sync 1 DAGs
[2026-09-25T15:16:06.277+0000] {logging_mixin.py:190} INFO - [2026-09-25T15:16:06.276+0000] {dag.py:4180} INFO - Setting next_dagrun for comptage_dag to 2026-09-25 00:00:00+00:00, run_after=2026-09-26 00:00:00+00:00
[2026-09-25T15:16:06.288+0000] {processor.py:208} INFO - Processing /opt/airflow/dags/comptage_dag.py took 0.055 seconds
[2026-09-25T15:16:36.432+0000] {processor.py:186} INFO - Started process (PID=2462) to work on /opt/airflow/dags/comptage_dag.py
[2026-09-25T15:16:36.432+0000] {processor.py:914} INFO - Processing file /opt/airflow/dags/comptage_dag.py for tasks to queue
[2026-09-25T15:16:36.434+0000] {logging_mixin.py:190} INFO - [2026-09-25T15:16:36.434+0000] {dagbag.py:588} INFO - Filling up the DagBag from /opt/airflow/dags/comptage_dag.py
[2026-09-25T15:16:36.443+0000] {processor.py:925} INFO - DAG(s) 'comptage_dag' retrieved from /opt/airflow/dags/comptage_dag.py
[2026-09-25T15:16:36.459+0000] {logging_mixin.py:190} INFO - [2026-09-25T15:16:36.458+0000] {dag.py:3239} INFO - Sync 1 DAGs
[2026-09-25T15:16:36.473+0000] {logging_mixin.py:190} INFO - [2026-09-25T15:16:36.473+0000] {dag.py:4180} INFO - Setting next_dagrun for comptage_dag to 2026-09-25 00:00:00+00:00, run_after=2026-09-26 00:00:00+00:00
[2026-09-25T15:16:36.485+0000] {processor.py:208} INFO - Processing /opt/airflow/dags/comptage_dag.py took 0.059 seconds
[2026-09-25T15:17:06.630+0000] {processor.py:186} INFO - Started process (PID=2486) to work on /opt/airflow/dags/comptage_dag.py
[2026-09-25T15:17:06.631+0000] {processor.py:914} INFO - Processing file /opt/airflow/dags/comptage_dag.py for tasks to queue
[2026-09-25T15:17:06.632+0000] {logging_mixin.py:190} INFO - [2026-09-25T15:17:06.632+0000] {dagbag.py:588} INFO - Filling up the DagBag from /opt/airflow/dags/comptage_dag.py
[2026-09-25T15:17:06.639+0000] {processor.py:925} INFO - DAG(s) 'comptage_dag' retrieved from /opt/airflow/dags/comptage_dag.py
[2026-09-25T15:17:06.653+0000] {logging_mixin.py:190} INFO - [2026-09-25T15:17:06.653+0000] {dag.py:3239} INFO - Sync 1 DAGs
[2026-09-25T15:17:06.670+0000] {logging_mixin.py:190} INFO - [2026-09-25T15:17:06.670+0000] {dag.py:4180} INFO - Setting next_dagrun for comptage_dag to 2026-09-25 00:00:00+00:00, run_after=2026-09-26 00:00:00+00:00
[2026-09-25T15:17:06.681+0000] {processor.py:208} INFO - Processing /opt/airflow/dags/comptage_dag.py took 0.055 seconds
[2026-09-25T15:17:36.879+0000] {processor.py:186} INFO - Started process (PID=2505) to work on /opt/airflow/dags/comptage_dag.py
[2026-09-25T15:17:36.880+0000] {processor.py:914} INFO - Processing file /opt/airflow/dags/comptage_dag.py for tasks to queue
[2026-09-25T15:17:36.883+0000] {logging_mixin.py:190} INFO - [2026-09-25T15:17:36.883+0000] {dagbag.py:588} INFO - Filling up the DagBag from /opt/airflow/dags/comptage_dag.py
[2026-09-25T15:17:36.892+0000] {processor.py:925} INFO - DAG(s) 'comptage_dag' retrieved from /opt/airflow/dags/comptage_dag.py
[2026-09-25T15:17:36.909+0000] {logging_mixin.py:190} INFO - [2026-09-25T15:17:36.908+0000] {dag.py:3239} INFO - Sync 1 DAGs
[2026-09-25T15:17:36.926+0000] {logging_mixin.py:190} INFO - [2026-09-25T15:17:36.926+0000] {dag.py:4180} INFO - Setting next_dagrun for comptage_dag to 2026-09-25 00:00:00+00:00, run_after=2026-09-26 00:00:00+00:00
[2026-09-25T15:17:36.936+0000] {processor.py:208} INFO - Processing /opt/airflow/dags/comptage_dag.py took 0.064 seconds
[2026-09-25T15:18:07.081+0000] {processor.py:186} INFO - Started process (PID=2529) to work on /opt/airflow/dags/comptage_dag.py
[2026-09-25T15:18:07.082+0000] {processor.py:914} INFO - Processing file /opt/airflow/dags/comptage_dag.py for tasks to queue
[2026-09-25T15:18:07.084+0000] {logging_mixin.py:190} INFO - [2026-09-25T15:18:07.083+0000] {dagbag.py:588} INFO - Filling up the DagBag from /opt/airflow/dags/comptage_dag.py
[2026-09-25T15:18:07.091+0000] {processor.py:925} INFO - DAG(s) 'comptage_dag' retrieved from /opt/airflow/dags/comptage_dag.py
[2026-09-25T15:18:07.110+0000] {logging_mixin.py:190} INFO - [2026-09-25T15:18:07.109+0000] {dag.py:3239} INFO - Sync 1 DAGs
[2026-09-25T15:18:07.128+0000] {logging_mixin.py:190} INFO - [2026-09-25T15:18:07.127+0000] {dag.py:4180} INFO - Setting next_dagrun for comptage_dag to 2026-09-25 00:00:00+00:00, run_after=2026-09-26 00:00:00+00:00
[2026-09-25T15:18:07.140+0000] {processor.py:208} INFO - Processing /opt/airflow/dags/comptage_dag.py took 0.062 seconds
[2026-09-25T15:18:37.306+0000] {processor.py:186} INFO - Started process (PID=2547) to work on /opt/airflow/dags/comptage_dag.py
[2026-09-25T15:18:37.312+0000] {processor.py:914} INFO - Processing file /opt/airflow/dags/comptage_dag.py for tasks to queue
[2026-09-25T15:18:37.313+0000] {logging_mixin.py:190} INFO - [2026-09-25T15:18:37.313+0000] {dagbag.py:588} INFO - Filling up the DagBag from /opt/airflow/dags/comptage_dag.py
[2026-09-25T15:18:37.320+0000] {processor.py:925} INFO - DAG(s) 'comptage_dag' retrieved from /opt/airflow/dags/comptage_dag.py
[2026-09-25T15:18:37.334+0000] {logging_mixin.py:190} INFO - [2026-09-25T15:18:37.334+0000] {dag.py:3239} INFO - Sync 1 DAGs
[2026-09-25T15:18:37.349+0000] {logging_mixin.py:190} INFO - [2026-09-25T15:18:37.349+0000] {dag.py:4180} INFO - Setting next_dagrun for comptage_dag to 2026-09-25 00:00:00+00:00, run_after=2026-09-26 00:00:00+00:00
[2026-09-25T15:18:37.360+0000] {processor.py:208} INFO - Processing /opt/airflow/dags/comptage_dag.py took 0.057 seconds
[2026-09-25T15:19:07.532+0000] {processor.py:186} INFO - Started process (PID=2572) to work on /opt/airflow/dags/comptage_dag.py
[2026-09-25T15:19:07.533+0000] {processor.py:914} INFO - Processing file /opt/airflow/dags/comptage_dag.py for tasks to queue
[2026-09-25T15:19:07.535+0000] {logging_mixin.py:190} INFO - [2026-09-25T15:19:07.535+0000] {dagbag.py:588} INFO - Filling up the DagBag from /opt/airflow/dags/comptage_dag.py
[2026-09-25T15:19:07.543+0000] {processor.py:925} INFO - DAG(s) 'comptage_dag' retrieved from /opt/airflow/dags/comptage_dag.py
[2026-09-25T15:19:07.562+0000] {logging_mixin.py:190} INFO - [2026-09-25T15:19:07.562+0000] {dag.py:3239} INFO - Sync 1 DAGs
[2026-09-25T15:19:07.581+0000] {logging_mixin.py:190} INFO - [2026-09-25T15:19:07.581+0000] {dag.py:4180} INFO - Setting next_dagrun for comptage_dag to 2026-09-25 00:00:00+00:00, run_after=2026-09-26 00:00:00+00:00
[2026-09-25T15:19:07.594+0000] {processor.py:208} INFO - Processing /opt/airflow/dags/comptage_dag.py took 0.065 seconds
[2026-09-25T15:19:37.720+0000] {processor.py:186} INFO - Started process (PID=2589) to work on /opt/airflow/dags/comptage_dag.py
[2026-09-25T15:19:37.726+0000] {processor.py:914} INFO - Processing file /opt/airflow/dags/comptage_dag.py for tasks to queue
[2026-09-25T15:19:37.728+0000] {logging_mixin.py:190} INFO - [2026-09-25T15:19:37.728+0000] {dagbag.py:588} INFO - Filling up the DagBag from /opt/airflow/dags/comptage_dag.py
[2026-09-25T15:19:37.737+0000] {processor.py:925} INFO - DAG(s) 'comptage_dag' retrieved from /opt/airflow/dags/comptage_dag.py
[2026-09-25T15:19:37.751+0000] {logging_mixin.py:190} INFO - [2026-09-25T15:19:37.751+0000] {dag.py:3239} INFO - Sync 1 DAGs
[2026-09-25T15:19:37.767+0000] {logging_mixin.py:190} INFO - [2026-09-25T15:19:37.766+0000] {dag.py:4180} INFO - Setting next_dagrun for comptage_dag to 2026-09-25 00:00:00+00:00, run_after=2026-09-26 00:00:00+00:00
[2026-09-25T15:19:37.777+0000] {processor.py:208} INFO - Processing /opt/airflow/dags/comptage_dag.py took 0.063 seconds
[2026-09-25T15:20:07.929+0000] {processor.py:186} INFO - Started process (PID=2615) to work on /opt/airflow/dags/comptage_dag.py
[2026-09-25T15:20:07.929+0000] {processor.py:914} INFO - Processing file /opt/airflow/dags/comptage_dag.py for tasks to queue
[2026-09-25T15:20:07.931+0000] {logging_mixin.py:190} INFO - [2026-09-25T15:20:07.931+0000] {dagbag.py:588} INFO - Filling up the DagBag from /opt/airflow/dags/comptage_dag.py
[2026-09-25T15:20:07.938+0000] {processor.py:925} INFO - DAG(s) 'comptage_dag' retrieved from /opt/airflow/dags/comptage_dag.py
[2026-09-25T15:20:07.954+0000] {logging_mixin.py:190} INFO - [2026-09-25T15:20:07.954+0000] {dag.py:3239} INFO - Sync 1 DAGs
[2026-09-25T15:20:07.973+0000] {logging_mixin.py:190} INFO - [2026-09-25T15:20:07.973+0000] {dag.py:4180} INFO - Setting next_dagrun for comptage_dag to 2026-09-25 00:00:00+00:00, run_after=2026-09-26 00:00:00+00:00
[2026-09-25T15:20:07.985+0000] {processor.py:208} INFO - Processing /opt/airflow/dags/comptage_dag.py took 0.060 seconds
[2026-09-25T15:20:38.123+0000] {processor.py:186} INFO - Started process (PID=2632) to work on /opt/airflow/dags/comptage_dag.py
[2026-09-25T15:20:38.129+0000] {processor.py:914} INFO - Processing file /opt/airflow/dags/comptage_dag.py for tasks to queue
[2026-09-25T15:20:38.131+0000] {logging_mixin.py:190} INFO - [2026-09-25T15:20:38.130+0000] {dagbag.py:588} INFO - Filling up the DagBag from /opt/airflow/dags/comptage_dag.py
[2026-09-25T15:20:38.141+0000] {processor.py:925} INFO - DAG(s) 'comptage_dag' retrieved from /opt/airflow/dags/comptage_dag.py
[2026-09-25T15:20:38.158+0000] {logging_mixin.py:190} INFO - [2026-09-25T15:20:38.158+0000] {dag.py:3239} INFO - Sync 1 DAGs
[2026-09-25T15:20:38.174+0000] {logging_mixin.py:190} INFO - [2026-09-25T15:20:38.174+0000] {dag.py:4180} INFO - Setting next_dagrun for comptage_dag to 2026-09-25 00:00:00+00:00, run_after=2026-09-26 00:00:00+00:00
[2026-09-25T15:20:38.186+0000] {processor.py:208} INFO - Processing /opt/airflow/dags/comptage_dag.py took 0.068 seconds
[2026-09-25T15:21:08.346+0000] {processor.py:186} INFO - Started process (PID=2658) to work on /opt/airflow/dags/comptage_dag.py
[2026-09-25T15:21:08.346+0000] {processor.py:914} INFO - Processing file /opt/airflow/dags/comptage_dag.py for tasks to queue
[2026-09-25T15:21:08.348+0000] {logging_mixin.py:190} INFO - [2026-09-25T15:21:08.347+0000] {dagbag.py:588} INFO - Filling up the DagBag from /opt/airflow/dags/comptage_dag.py
[2026-09-25T15:21:08.354+0000] {processor.py:925} INFO - DAG(s) 'comptage_dag' retrieved from /opt/airflow/dags/comptage_dag.py
[2026-09-25T15:21:08.369+0000] {logging_mixin.py:190} INFO - [2026-09-25T15:21:08.368+0000] {dag.py:3239} INFO - Sync 1 DAGs
[2026-09-25T15:21:08.384+0000] {logging_mixin.py:190} INFO - [2026-09-25T15:21:08.384+0000] {dag.py:4180} INFO - Setting next_dagrun for comptage_dag to 2026-09-25 00:00:00+00:00, run_after=2026-09-26 00:00:00+00:00
[2026-09-25T15:21:08.396+0000] {processor.py:208} INFO - Processing /opt/airflow/dags/comptage_dag.py took 0.055 seconds
[2026-09-25T15:21:38.557+0000] {processor.py:186} INFO - Started process (PID=2675) to work on /opt/airflow/dags/comptage_dag.py
[2026-09-25T15:21:38.558+0000] {processor.py:914} INFO - Processing file /opt/airflow/dags/comptage_dag.py for tasks to queue
[2026-09-25T15:21:38.560+0000] {logging_mixin.py:190} INFO - [2026-09-25T15:21:38.559+0000] {dagbag.py:588} INFO - Filling up the DagBag from /opt/airflow/dags/comptage_dag.py
[2026-09-25T15:21:38.567+0000] {processor.py:925} INFO - DAG(s) 'comptage_dag' retrieved from /opt/airflow/dags/comptage_dag.py
[2026-09-25T15:21:38.581+0000] {logging_mixin.py:190} INFO - [2026-09-25T15:21:38.581+0000] {dag.py:3239} INFO - Sync 1 DAGs
[2026-09-25T15:21:38.596+0000] {logging_mixin.py:190} INFO - [2026-09-25T15:21:38.596+0000] {dag.py:4180} INFO - Setting next_dagrun for comptage_dag to 2026-09-25 00:00:00+00:00, run_after=2026-09-26 00:00:00+00:00
[2026-09-25T15:21:38.606+0000] {processor.py:208} INFO - Processing /opt/airflow/dags/comptage_dag.py took 0.054 seconds
[2026-09-25T15:22:08.763+0000] {processor.py:186} INFO - Started process (PID=2700) to work on /opt/airflow/dags/comptage_dag.py
[2026-09-25T15:22:08.764+0000] {processor.py:914} INFO - Processing file /opt/airflow/dags/comptage_dag.py for tasks to queue
[2026-09-25T15:22:08.765+0000] {logging_mixin.py:190} INFO - [2026-09-25T15:22:08.765+0000] {dagbag.py:588} INFO - Filling up the DagBag from /opt/airflow/dags/comptage_dag.py
[2026-09-25T15:22:08.771+0000] {processor.py:925} INFO - DAG(s) 'comptage_dag' retrieved from /opt/airflow/dags/comptage_dag.py
[2026-09-25T15:22:08.786+0000] {logging_mixin.py:190} INFO - [2026-09-25T15:22:08.786+0000] {dag.py:3239} INFO - Sync 1 DAGs
[2026-09-25T15:22:08.802+0000] {logging_mixin.py:190} INFO - [2026-09-25T15:22:08.802+0000] {dag.py:4180} INFO - Setting next_dagrun for comptage_dag to 2026-09-25 00:00:00+00:00, run_after=2026-09-26 00:00:00+00:00
[2026-09-25T15:22:08.815+0000] {processor.py:208} INFO - Processing /opt/airflow/dags/comptage_dag.py took 0.055 seconds
[2026-09-25T15:22:38.975+0000] {processor.py:186} INFO - Started process (PID=2717) to work on /opt/airflow/dags/comptage_dag.py
[2026-09-25T15:22:38.982+0000] {processor.py:914} INFO - Processing file /opt/airflow/dags/comptage_dag.py for tasks to queue
[2026-09-25T15:22:38.986+0000] {logging_mixin.py:190} INFO - [2026-09-25T15:22:38.985+0000] {dagbag.py:588} INFO - Filling up the DagBag from /opt/airflow/dags/comptage_dag.py
[2026-09-25T15:22:38.995+0000] {processor.py:925} INFO - DAG(s) 'comptage_dag' retrieved from /opt/airflow/dags/comptage_dag.py
[2026-09-25T15:22:39.008+0000] {logging_mixin.py:190} INFO - [2026-09-25T15:22:39.008+0000] {dag.py:3239} INFO - Sync 1 DAGs
[2026-09-25T15:22:39.024+0000] {logging_mixin.py:190} INFO - [2026-09-25T15:22:39.024+0000] {dag.py:4180} INFO - Setting next_dagrun for comptage_dag to 2026-09-25 00:00:00+00:00, run_after=2026-09-26 00:00:00+00:00
[2026-09-25T15:22:39.035+0000] {processor.py:208} INFO - Processing /opt/airflow/dags/comptage_dag.py took 0.065 seconds
[2026-09-25T15:23:09.199+0000] {processor.py:186} INFO - Started process (PID=2742) to work on /opt/airflow/dags/comptage_dag.py
[2026-09-25T15:23:09.200+0000] {processor.py:914} INFO - Processing file /opt/airflow/dags/comptage_dag.py for tasks to queue
[2026-09-25T15:23:09.202+0000] {logging_mixin.py:190} INFO - [2026-09-25T15:23:09.202+0000] {dagbag.py:588} INFO - Filling up the DagBag from /opt/airflow/dags/comptage_dag.py
[2026-09-25T15:23:09.209+0000] {processor.py:925} INFO - DAG(s) 'comptage_dag' retrieved from /opt/airflow/dags/comptage_dag.py
[2026-09-25T15:23:09.226+0000] {logging_mixin.py:190} INFO - [2026-09-25T15:23:09.226+0000] {dag.py:3239} INFO - Sync 1 DAGs
[2026-09-25T15:23:09.245+0000] {logging_mixin.py:190} INFO - [2026-09-25T15:23:09.245+0000] {dag.py:4180} INFO - Setting next_dagrun for comptage_dag to 2026-09-25 00:00:00+00:00, run_after=2026-09-26 00:00:00+00:00
[2026-09-25T15:23:09.262+0000] {processor.py:208} INFO - Processing /opt/airflow/dags/comptage_dag.py took 0.067 seconds
[2026-09-25T15:23:39.423+0000] {processor.py:186} INFO - Started process (PID=2759) to work on /opt/airflow/dags/comptage_dag.py
[2026-09-25T15:23:39.424+0000] {processor.py:914} INFO - Processing file /opt/airflow/dags/comptage_dag.py for tasks to queue
[2026-09-25T15:23:39.426+0000] {logging_mixin.py:190} INFO - [2026-09-25T15:23:39.426+0000] {dagbag.py:588} INFO - Filling up the DagBag from /opt/airflow/dags/comptage_dag.py
[2026-09-25T15:23:39.433+0000] {processor.py:925} INFO - DAG(s) 'comptage_dag' retrieved from /opt/airflow/dags/comptage_dag.py
[2026-09-25T15:23:39.448+0000] {logging_mixin.py:190} INFO - [2026-09-25T15:23:39.448+0000] {dag.py:3239} INFO - Sync 1 DAGs
[2026-09-25T15:23:39.463+0000] {logging_mixin.py:190} INFO - [2026-09-25T15:23:39.463+0000] {dag.py:4180} INFO - Setting next_dagrun for comptage_dag to 2026-09-25 00:00:00+00:00, run_after=2026-09-26 00:00:00+00:00
[2026-09-25T15:23:39.474+0000] {processor.py:208} INFO - Processing /opt/airflow/dags/comptage_dag.py took 0.055 seconds
